[FAST MODE] time.sleep capped at 0.1s
[FAST MODE] Chrome Options patched for headless/speed.

[1m[96m════════════════════════════════════════════════════════════════════════
  ClassLens · All Sections · FINAL MERGED v4
  [2m05 Jun 2026  16:47:31[0m
[96m════════════════════════════════════════════════════════════════════════[0m


[1m[96m════════════════════════════════════════════════════════════════════════
  PHASE 0  ▶  [97mLOGIN
════════════════════════════════════════════════════════════════════════[0m
    [92m✔[0m [92m[PASS][0m  Login successful  [2muser=sajan[0m

[1m[96m════════════════════════════════════════════════════════════════════════
  PHASE 1  ▶  [97mENTRY PAGE FILTERS
════════════════════════════════════════════════════════════════════════[0m
    [92m✔[0m [92m[PASS][0m  Filter 'Class' = '12'  [2m12[0m
    [92m✔[0m [92m[PASS][0m  Filter 'Subject' = 'Maths'  [2mMaths[0m
    [92m✔[0m [92m[PASS][0m  Filter 'Exam' = 'Midterm'  [2mMidterm[0m
    [92m✔[0m [92m[PASS][0m  Filter 'CompareLeft' = 'Midterm'  [2mMidterm[0m
    [92m✔[0m [92m[PASS][0m  Filter 'CompareRight' = 'Preboard 1'  [2mPreboard 1[0m

  [92mEntry-page sections:[0m ['C', 'H', 'I', 'J', 'K', 'L', 'M', 'N', 'O', 'P', 'Q', 'R', 'ZZ']

    [92m✔[0m [92m[PASS][0m  Dashboard entered

[1m[96m════════════════════════════════════════════════════════════════════════
  PHASE 2  ▶  [97mCHAPTERS PAGE + DISCOVER SECTIONS
════════════════════════════════════════════════════════════════════════[0m
  [92mSection dropdown at index 1:[0m ['C', 'H', 'I', 'J', 'K', 'L', 'M', 'N', 'O', 'P', 'Q', 'R', 'ZZ']

  [92m[1mTesting 13 section(s):[0m
    • [93m[1mC[0m
    • [93m[1mH[0m
    • [93m[1mI[0m
    • [93m[1mJ[0m
    • [93m[1mK[0m
    • [93m[1mL[0m
    • [93m[1mM[0m
    • [93m[1mN[0m
    • [93m[1mO[0m
    • [93m[1mP[0m
    • [93m[1mQ[0m
    • [93m[1mR[0m
    • [93m[1mZZ[0m

[1m[97m▓▓▓▓▓▓▓▓▓▓▓▓▓▓▓▓▓▓▓▓▓▓▓▓▓▓▓▓▓▓▓▓▓▓▓▓▓▓▓▓▓▓▓▓▓▓▓▓▓▓▓▓▓▓▓▓▓▓▓▓▓▓▓▓▓▓▓▓▓▓▓▓
  SECTION  [93mC[0m[1m[97m
▓▓▓▓▓▓▓▓▓▓▓▓▓▓▓▓▓▓▓▓▓▓▓▓▓▓▓▓▓▓▓▓▓▓▓▓▓▓▓▓▓▓▓▓▓▓▓▓▓▓▓▓▓▓▓▓▓▓▓▓▓▓▓▓▓▓▓▓▓▓▓▓[0m


[1m[96m════════════════════════════════════════════════════════════════════════
  PHASE S  ▶  [97mSWITCH → C
════════════════════════════════════════════════════════════════════════[0m
  [92m✔ Section selected: C[0m
    [92m✔[0m [92m[PASS][0m  Section 'C' selected

[1m[96m════════════════════════════════════════════════════════════════════════
  PHASE 3  ▶  [97mNAVIGATION VERIFY
════════════════════════════════════════════════════════════════════════[0m
    [92m✔[0m [92m[PASS][0m  Chapters URL  [2m.inferentics.com/?exams=Midterm%2CPreboard+1&screen=chapters[0m
    [92m✔[0m [92m[PASS][0m  Tab 'Overview'
    [92m✔[0m [92m[PASS][0m  Tab 'Chapters'
    [92m✔[0m [92m[PASS][0m  Tab 'Questions'
    [92m✔[0m [92m[PASS][0m  Tab 'Students'

[1m[96m════════════════════════════════════════════════════════════════════════
  PHASE 4  ▶  [97mCHAPTER CARD DISCOVERY
════════════════════════════════════════════════════════════════════════[0m
    [92m✔[0m [92m[PASS][0m  Cards discovered  [2m9 found[0m
    [92m✔[0m [92m[PASS][0m  Sorted High→Low  [2m[51.8, 50.0, 50.0, 39.1, 38.6]…[0m
    [92m✔[0m [92m[PASS][0m  Sort label present

  [1mChapters [C]:[0m
    [2m 1.[0m Linear Programming                                   [92m▲ +51.8%   [92m✔[0m  [2m[Linear Programming Problem  5m][0m
    [2m 2.[0m Application of Integrals                             [92m▲ +50.0%   [92m✔[0m  [2m[Calculus  35m][0m
    [2m 3.[0m Matrices                                             [92m▲ +50.0%   [92m✔[0m  [2m[Algebra  10m][0m
    [2m 4.[0m Relations & Functions                                [92m▲ +39.1%   [92m✔[0m  [2m[Relations and Functions  8m][0m
    [2m 5.[0m Determinants                                         [92m▲ +38.6%   [92m✔[0m  [2m[Algebra  10m][0m
    [2m 6.[0m Continuity & Differentiability                       [92m▲ +35.9%   [92m✔[0m  [2m[Calculus  35m][0m
    [2m 7.[0m Inverse Trigonometric Functions                      [92m▲ +33.3%   [92m✔[0m  [2m[Relations and Functions  8m][0m
    [2m 8.[0m Application of Derivatives                           [92m▲ +30.7%   [92m✔[0m  [2m[Calculus  35m][0m
    [2m 9.[0m Integrals                                            [92m▲ +17.4%   [92m✔[0m  [2m[Calculus  35m][0m

[1m[96m════════════════════════════════════════════════════════════════════════
  PHASE 5  ▶  [97mPER-CHAPTER DETAIL — LOC1/LOC2/LOC3/LOC4 + HEADER ACCURACY
════════════════════════════════════════════════════════════════════════[0m

  [1m[92m▲  [97mLinear Programming[0m  [92m+51.8%[0m
  ─────────────────────────────────────────────────────────────────
    [92m✔[0m [92m[PASS][0m  Loc 1 · Card list badge % readable  [2m+51.8%[0m
    [92m✔[0m [92m[PASS][0m  Card clickable / detail panel opens
    [91m✘[0m [91m[FAIL][0m  Loc 2 · IMPROVED/DECLINED chip % readable  [2mN/A[0m
    [91m✘[0m [91m[FAIL][0m  Loc 3 · Change in chapter average badge  [2mN/A[0m
    [91m✘[0m [91m[FAIL][0m  Loc 4 · Why-text % (change or accuracy)  [2mNOTHING FOUND[0m
    [92m✔[0m [92m[PASS][0m  Header accuracy badge readable  [2m51.8%[0m
    [91m✘[0m [91m[FAIL][0m  ✦ 4-Way Consistency Loc1==Loc2==Loc3==Loc4  [2mL1=+51.8%  L2=None  L3=None  L4=None[0m
    [91m✘[0m [91m[FAIL][0m  'Why this chapter' heading present  [2mNOT FOUND[0m
    [91m✘[0m [91m[FAIL][0m  Explanation body text present  [2mNOT FOUND[0m
    [92m✔[0m [92m[PASS][0m  Midterm panel visible
    [92m✔[0m [92m[PASS][0m  Preboard 1 panel visible
    [92m✔[0m [92m[PASS][0m  ACCURACY label present
    [92m✔[0m [92m[PASS][0m  Weakest Concepts section
    [92m✔[0m [92m[PASS][0m  Strongest Concepts section
    [92m✔[0m [92m[PASS][0m  Struggling students label
    [92m✔[0m [92m[PASS][0m  Weak Concepts label
    [91m✘[0m [91m[FAIL][0m  IMPROVED/DECLINED chip
    [91m✘[0m [91m[FAIL][0m  Change in chapter average
        Midterm: acc=None  str=None (raw='None' el='None')  wk=None (raw='None' el='None')
        Midterm: weakest=[]
        Midterm: strongest=[]
    [91m✘[0m [91m[FAIL][0m  [Midterm] Accuracy % readable  [2mN/A[0m
    [91m✘[0m [91m[FAIL][0m  [Midterm] Struggling students count  [2mNOT FOUND[0m
    [91m✘[0m [91m[FAIL][0m  [Midterm] Weak Concepts count  [2mNOT FOUND[0m
    [92m✔[0m [92m[PASS][0m  [Midterm] Weakest Concepts list ≥ 1 item  [2m2 items: ['1\nGraphical method of solution for problems in two variables', 'Graphical method of solution for problems in two variables'][0m
    [92m✔[0m [92m[PASS][0m  [Midterm] Strongest Concepts list ≥ 1 item  [2m8 items[0m
      [2mMidterm:[0m  Accuracy=[92m[1m?[0m  Struggling=[93m[1m?[0m  WeakConcepts=[96m?[0m
        Weakest : ['1\nGraphical method of solution for problems in two variables', 'Graphical method of solution for problems in two variables']
        Strongest: ['Objective Function\n82%', 'Objective Function 82%', 'Premium Feature', 'Remediation Plan for this chapter', "Make sure you don't have to worry about this chapter again!", 'Create Lesson Plans\nAccess Teaching Materials', 'Create Lesson Plans', 'Access Teaching Materials']
        Preboard 1: acc=None  str=None (raw='None' el='None')  wk=None (raw='None' el='None')
        Preboard 1: weakest=[]
        Preboard 1: strongest=[]
    [92m✔[0m [92m[PASS][0m  [Preboard 1] Accuracy % readable  [2m51.8%[0m
    [92m✔[0m [92m[PASS][0m  [Preboard 1] Struggling students count  [2m3 students[0m
    [92m✔[0m [92m[PASS][0m  [Preboard 1] Weak Concepts count  [2m0 concepts[0m
    [92m✔[0m [92m[PASS][0m  [Preboard 1] Weakest Concepts list ≥ 1 item  [2m2 items: ['1\nGraphical method of solution for problems in two variables', 'Graphical method of solution for problems in two variables'][0m
    [92m✔[0m [92m[PASS][0m  [Preboard 1] Strongest Concepts list ≥ 1 item  [2m8 items[0m
      [2mPreboard 1:[0m  Accuracy=[92m[1m51.8%[0m  Struggling=[93m[1m3[0m  WeakConcepts=[96m0[0m
        Weakest : ['1\nGraphical method of solution for problems in two variables', 'Graphical method of solution for problems in two variables']
        Strongest: ['Objective Function\n82%', 'Objective Function 82%', 'Premium Feature', 'Remediation Plan for this chapter', "Make sure you don't have to worry about this chapter again!", 'Create Lesson Plans\nAccess Teaching Materials', 'Create Lesson Plans', 'Access Teaching Materials']
    [91m✘[0m [91m[FAIL][0m  Concept pill badges present  [2m[][0m

      [96m┌─ HEADER ACCURACY BADGE ──────────────────────────────────────┐[0m
      [96m│[0m Preboard 1 accuracy : [92m[1m51.8%[0m
      [96m└────────────────────────────────────────────────────────────┘[0m

      [93m┌─ WHY SECTION ─────────────────────────────────────────────┐[0m
      [93m│[0m Heading : NOT FOUND
      [93m│[0m Text    : NOT FOUND
      [93m│[0m Change %: [93m[1m— (only accuracy % in text)[0m
      [93m└───────────────────────────────────────────────────────┘[0m

  [1m[92m▲  [97mApplication of Integrals[0m  [92m+50.0%[0m
  ─────────────────────────────────────────────────────────────────
    [92m✔[0m [92m[PASS][0m  Loc 1 · Card list badge % readable  [2m+50.0%[0m
    [92m✔[0m [92m[PASS][0m  Card clickable / detail panel opens
    [91m✘[0m [91m[FAIL][0m  Loc 2 · IMPROVED/DECLINED chip % readable  [2mN/A[0m
    [91m✘[0m [91m[FAIL][0m  Loc 3 · Change in chapter average badge  [2mN/A[0m
    [91m✘[0m [91m[FAIL][0m  Loc 4 · Why-text % (change or accuracy)  [2mNOTHING FOUND[0m
    [92m✔[0m [92m[PASS][0m  Header accuracy badge readable  [2m50%[0m
    [91m✘[0m [91m[FAIL][0m  ✦ 4-Way Consistency Loc1==Loc2==Loc3==Loc4  [2mL1=+50.0%  L2=None  L3=None  L4=None[0m
    [91m✘[0m [91m[FAIL][0m  'Why this chapter' heading present  [2mNOT FOUND[0m
    [91m✘[0m [91m[FAIL][0m  Explanation body text present  [2mNOT FOUND[0m
    [92m✔[0m [92m[PASS][0m  Midterm panel visible
    [92m✔[0m [92m[PASS][0m  Preboard 1 panel visible
    [92m✔[0m [92m[PASS][0m  ACCURACY label present
    [92m✔[0m [92m[PASS][0m  Weakest Concepts section
    [92m✔[0m [92m[PASS][0m  Strongest Concepts section
    [92m✔[0m [92m[PASS][0m  Struggling students label
    [92m✔[0m [92m[PASS][0m  Weak Concepts label
    [91m✘[0m [91m[FAIL][0m  IMPROVED/DECLINED chip
    [91m✘[0m [91m[FAIL][0m  Change in chapter average
        Midterm: acc=None  str=None (raw='None' el='None')  wk=None (raw='None' el='None')
        Midterm: weakest=[]
        Midterm: strongest=[]
    [91m✘[0m [91m[FAIL][0m  [Midterm] Accuracy % readable  [2mN/A[0m
    [91m✘[0m [91m[FAIL][0m  [Midterm] Struggling students count  [2mNOT FOUND[0m
    [91m✘[0m [91m[FAIL][0m  [Midterm] Weak Concepts count  [2mNOT FOUND[0m
    [92m✔[0m [92m[PASS][0m  [Midterm] Weakest Concepts list ≥ 1 item  [2m2 items: ['1\nArea under Curves', 'Area under Curves'][0m
    [92m✔[0m [92m[PASS][0m  [Midterm] Strongest Concepts list ≥ 1 item  [2m7 items[0m
      [2mMidterm:[0m  Accuracy=[92m[1m?[0m  Struggling=[93m[1m?[0m  WeakConcepts=[96m?[0m
        Weakest : ['1\nArea under Curves', 'Area under Curves']
        Strongest: ['No Strongest Concepts Available', 'Premium Feature', 'Remediation Plan for this chapter', "Make sure you don't have to worry about this chapter again!", 'Create Lesson Plans\nAccess Teaching Materials', 'Create Lesson Plans', 'Access Teaching Materials']
        Preboard 1: acc=None  str=None (raw='None' el='None')  wk=None (raw='None' el='None')
        Preboard 1: weakest=[]
        Preboard 1: strongest=[]
    [92m✔[0m [92m[PASS][0m  [Preboard 1] Accuracy % readable  [2m50%[0m
    [92m✔[0m [92m[PASS][0m  [Preboard 1] Struggling students count  [2m5 students[0m
    [92m✔[0m [92m[PASS][0m  [Preboard 1] Weak Concepts count  [2m0 concepts[0m
    [92m✔[0m [92m[PASS][0m  [Preboard 1] Weakest Concepts list ≥ 1 item  [2m2 items: ['1\nArea under Curves', 'Area under Curves'][0m
    [92m✔[0m [92m[PASS][0m  [Preboard 1] Strongest Concepts list ≥ 1 item  [2m7 items[0m
      [2mPreboard 1:[0m  Accuracy=[92m[1m50%[0m  Struggling=[93m[1m5[0m  WeakConcepts=[96m0[0m
        Weakest : ['1\nArea under Curves', 'Area under Curves']
        Strongest: ['No Strongest Concepts Available', 'Premium Feature', 'Remediation Plan for this chapter', "Make sure you don't have to worry about this chapter again!", 'Create Lesson Plans\nAccess Teaching Materials', 'Create Lesson Plans', 'Access Teaching Materials']
    [91m✘[0m [91m[FAIL][0m  Concept pill badges present  [2m[][0m

      [96m┌─ HEADER ACCURACY BADGE ──────────────────────────────────────┐[0m
      [96m│[0m Preboard 1 accuracy : [92m[1m50%[0m
      [96m└────────────────────────────────────────────────────────────┘[0m

      [93m┌─ WHY SECTION ─────────────────────────────────────────────┐[0m
      [93m│[0m Heading : NOT FOUND
      [93m│[0m Text    : NOT FOUND
      [93m│[0m Change %: [93m[1m— (only accuracy % in text)[0m
      [93m└───────────────────────────────────────────────────────┘[0m

  [1m[92m▲  [97mMatrices[0m  [92m+50.0%[0m
  ─────────────────────────────────────────────────────────────────
    [92m✔[0m [92m[PASS][0m  Loc 1 · Card list badge % readable  [2m+50.0%[0m
    [92m✔[0m [92m[PASS][0m  Card clickable / detail panel opens
    [91m✘[0m [91m[FAIL][0m  Loc 2 · IMPROVED/DECLINED chip % readable  [2mN/A[0m
    [91m✘[0m [91m[FAIL][0m  Loc 3 · Change in chapter average badge  [2mN/A[0m
    [91m✘[0m [91m[FAIL][0m  Loc 4 · Why-text % (change or accuracy)  [2mNOTHING FOUND[0m
    [92m✔[0m [92m[PASS][0m  Header accuracy badge readable  [2m50%[0m
    [91m✘[0m [91m[FAIL][0m  ✦ 4-Way Consistency Loc1==Loc2==Loc3==Loc4  [2mL1=+50.0%  L2=None  L3=None  L4=None[0m
    [91m✘[0m [91m[FAIL][0m  'Why this chapter' heading present  [2mNOT FOUND[0m
    [91m✘[0m [91m[FAIL][0m  Explanation body text present  [2mNOT FOUND[0m
    [92m✔[0m [92m[PASS][0m  Midterm panel visible
    [92m✔[0m [92m[PASS][0m  Preboard 1 panel visible
    [92m✔[0m [92m[PASS][0m  ACCURACY label present
    [92m✔[0m [92m[PASS][0m  Weakest Concepts section
    [92m✔[0m [92m[PASS][0m  Strongest Concepts section
    [92m✔[0m [92m[PASS][0m  Struggling students label
    [92m✔[0m [92m[PASS][0m  Weak Concepts label
    [91m✘[0m [91m[FAIL][0m  IMPROVED/DECLINED chip
    [91m✘[0m [91m[FAIL][0m  Change in chapter average
        Midterm: acc=None  str=None (raw='None' el='None')  wk=None (raw='None' el='None')
        Midterm: weakest=[]
        Midterm: strongest=[]
    [91m✘[0m [91m[FAIL][0m  [Midterm] Accuracy % readable  [2mN/A[0m
    [91m✘[0m [91m[FAIL][0m  [Midterm] Struggling students count  [2mNOT FOUND[0m
    [91m✘[0m [91m[FAIL][0m  [Midterm] Weak Concepts count  [2mNOT FOUND[0m
    [92m✔[0m [92m[PASS][0m  [Midterm] Weakest Concepts list ≥ 1 item  [2m2 items: ['1\nTranspose, Symmetric & Skew-symmetric', 'Transpose, Symmetric & Skew-symmetric'][0m
    [92m✔[0m [92m[PASS][0m  [Midterm] Strongest Concepts list ≥ 1 item  [2m8 items[0m
      [2mMidterm:[0m  Accuracy=[92m[1m?[0m  Struggling=[93m[1m?[0m  WeakConcepts=[96m?[0m
        Weakest : ['1\nTranspose, Symmetric & Skew-symmetric', 'Transpose, Symmetric & Skew-symmetric']
        Strongest: ['Matrix Operations\n64%', 'Matrix Operations 64%', 'Premium Feature', 'Remediation Plan for this chapter', "Make sure you don't have to worry about this chapter again!", 'Create Lesson Plans\nAccess Teaching Materials', 'Create Lesson Plans', 'Access Teaching Materials']
        Preboard 1: acc=None  str=None (raw='None' el='None')  wk=None (raw='None' el='None')
        Preboard 1: weakest=[]
        Preboard 1: strongest=[]
    [92m✔[0m [92m[PASS][0m  [Preboard 1] Accuracy % readable  [2m50%[0m
    [92m✔[0m [92m[PASS][0m  [Preboard 1] Struggling students count  [2m2 students[0m
    [92m✔[0m [92m[PASS][0m  [Preboard 1] Weak Concepts count  [2m1 concepts[0m
    [92m✔[0m [92m[PASS][0m  [Preboard 1] Weakest Concepts list ≥ 1 item  [2m2 items: ['1\nTranspose, Symmetric & Skew-symmetric', 'Transpose, Symmetric & Skew-symmetric'][0m
    [92m✔[0m [92m[PASS][0m  [Preboard 1] Strongest Concepts list ≥ 1 item  [2m8 items[0m
      [2mPreboard 1:[0m  Accuracy=[92m[1m50%[0m  Struggling=[93m[1m2[0m  WeakConcepts=[96m1[0m
        Weakest : ['1\nTranspose, Symmetric & Skew-symmetric', 'Transpose, Symmetric & Skew-symmetric']
        Strongest: ['Matrix Operations\n64%', 'Matrix Operations 64%', 'Premium Feature', 'Remediation Plan for this chapter', "Make sure you don't have to worry about this chapter again!", 'Create Lesson Plans\nAccess Teaching Materials', 'Create Lesson Plans', 'Access Teaching Materials']
    [91m✘[0m [91m[FAIL][0m  Concept pill badges present  [2m[][0m

      [96m┌─ HEADER ACCURACY BADGE ──────────────────────────────────────┐[0m
      [96m│[0m Preboard 1 accuracy : [92m[1m50%[0m
      [96m└────────────────────────────────────────────────────────────┘[0m

      [93m┌─ WHY SECTION ─────────────────────────────────────────────┐[0m
      [93m│[0m Heading : NOT FOUND
      [93m│[0m Text    : NOT FOUND
      [93m│[0m Change %: [93m[1m— (only accuracy % in text)[0m
      [93m└───────────────────────────────────────────────────────┘[0m

  [1m[92m▲  [97mRelations & Functions[0m  [92m+39.1%[0m
  ─────────────────────────────────────────────────────────────────
    [92m✔[0m [92m[PASS][0m  Loc 1 · Card list badge % readable  [2m+39.1%[0m
    [92m✔[0m [92m[PASS][0m  Card clickable / detail panel opens
    [91m✘[0m [91m[FAIL][0m  Loc 2 · IMPROVED/DECLINED chip % readable  [2mN/A[0m
    [91m✘[0m [91m[FAIL][0m  Loc 3 · Change in chapter average badge  [2mN/A[0m
    [91m✘[0m [91m[FAIL][0m  Loc 4 · Why-text % (change or accuracy)  [2mNOTHING FOUND[0m
    [92m✔[0m [92m[PASS][0m  Header accuracy badge readable  [2m39.1%[0m
    [91m✘[0m [91m[FAIL][0m  ✦ 4-Way Consistency Loc1==Loc2==Loc3==Loc4  [2mL1=+39.1%  L2=None  L3=None  L4=None[0m
    [91m✘[0m [91m[FAIL][0m  'Why this chapter' heading present  [2mNOT FOUND[0m
    [91m✘[0m [91m[FAIL][0m  Explanation body text present  [2mNOT FOUND[0m
    [92m✔[0m [92m[PASS][0m  Midterm panel visible
    [92m✔[0m [92m[PASS][0m  Preboard 1 panel visible
    [92m✔[0m [92m[PASS][0m  ACCURACY label present
    [92m✔[0m [92m[PASS][0m  Weakest Concepts section
    [92m✔[0m [92m[PASS][0m  Strongest Concepts section
    [92m✔[0m [92m[PASS][0m  Struggling students label
    [92m✔[0m [92m[PASS][0m  Weak Concepts label
    [91m✘[0m [91m[FAIL][0m  IMPROVED/DECLINED chip
    [91m✘[0m [91m[FAIL][0m  Change in chapter average
        Midterm: acc=None  str=None (raw='None' el='None')  wk=None (raw='None' el='None')
        Midterm: weakest=[]
        Midterm: strongest=[]
    [91m✘[0m [91m[FAIL][0m  [Midterm] Accuracy % readable  [2mN/A[0m
    [91m✘[0m [91m[FAIL][0m  [Midterm] Struggling students count  [2mNOT FOUND[0m
    [91m✘[0m [91m[FAIL][0m  [Midterm] Weak Concepts count  [2mNOT FOUND[0m
    [92m✔[0m [92m[PASS][0m  [Midterm] Weakest Concepts list ≥ 1 item  [2m2 items: ['1\nTypes of Relations', 'Types of Relations'][0m
    [92m✔[0m [92m[PASS][0m  [Midterm] Strongest Concepts list ≥ 1 item  [2m8 items[0m
      [2mMidterm:[0m  Accuracy=[92m[1m?[0m  Struggling=[93m[1m?[0m  WeakConcepts=[96m?[0m
        Weakest : ['1\nTypes of Relations', 'Types of Relations']
        Strongest: ['Types of Functions\n40%', 'Types of Functions 40%', 'Premium Feature', 'Remediation Plan for this chapter', "Make sure you don't have to worry about this chapter again!", 'Create Lesson Plans\nAccess Teaching Materials', 'Create Lesson Plans', 'Access Teaching Materials']
        Preboard 1: acc=None  str=None (raw='None' el='None')  wk=None (raw='None' el='None')
        Preboard 1: weakest=[]
        Preboard 1: strongest=[]
    [92m✔[0m [92m[PASS][0m  [Preboard 1] Accuracy % readable  [2m39.1%[0m
    [92m✔[0m [92m[PASS][0m  [Preboard 1] Struggling students count  [2m7 students[0m
    [92m✔[0m [92m[PASS][0m  [Preboard 1] Weak Concepts count  [2m2 concepts[0m
    [92m✔[0m [92m[PASS][0m  [Preboard 1] Weakest Concepts list ≥ 1 item  [2m2 items: ['1\nTypes of Relations', 'Types of Relations'][0m
    [92m✔[0m [92m[PASS][0m  [Preboard 1] Strongest Concepts list ≥ 1 item  [2m8 items[0m
      [2mPreboard 1:[0m  Accuracy=[92m[1m39.1%[0m  Struggling=[93m[1m7[0m  WeakConcepts=[96m2[0m
        Weakest : ['1\nTypes of Relations', 'Types of Relations']
        Strongest: ['Types of Functions\n40%', 'Types of Functions 40%', 'Premium Feature', 'Remediation Plan for this chapter', "Make sure you don't have to worry about this chapter again!", 'Create Lesson Plans\nAccess Teaching Materials', 'Create Lesson Plans', 'Access Teaching Materials']
    [91m✘[0m [91m[FAIL][0m  Concept pill badges present  [2m[][0m

      [96m┌─ HEADER ACCURACY BADGE ──────────────────────────────────────┐[0m
      [96m│[0m Preboard 1 accuracy : [92m[1m39.1%[0m
      [96m└────────────────────────────────────────────────────────────┘[0m

      [93m┌─ WHY SECTION ─────────────────────────────────────────────┐[0m
      [93m│[0m Heading : NOT FOUND
      [93m│[0m Text    : NOT FOUND
      [93m│[0m Change %: [93m[1m— (only accuracy % in text)[0m
      [93m└───────────────────────────────────────────────────────┘[0m

  [1m[92m▲  [97mDeterminants[0m  [92m+38.6%[0m
  ─────────────────────────────────────────────────────────────────
    [92m✔[0m [92m[PASS][0m  Loc 1 · Card list badge % readable  [2m+38.6%[0m
    [92m✔[0m [92m[PASS][0m  Card clickable / detail panel opens
    [91m✘[0m [91m[FAIL][0m  Loc 2 · IMPROVED/DECLINED chip % readable  [2mN/A[0m
    [91m✘[0m [91m[FAIL][0m  Loc 3 · Change in chapter average badge  [2mN/A[0m
    [91m✘[0m [91m[FAIL][0m  Loc 4 · Why-text % (change or accuracy)  [2mNOTHING FOUND[0m
    [92m✔[0m [92m[PASS][0m  Header accuracy badge readable  [2m38.6%[0m
    [91m✘[0m [91m[FAIL][0m  ✦ 4-Way Consistency Loc1==Loc2==Loc3==Loc4  [2mL1=+38.6%  L2=None  L3=None  L4=None[0m
    [91m✘[0m [91m[FAIL][0m  'Why this chapter' heading present  [2mNOT FOUND[0m
    [91m✘[0m [91m[FAIL][0m  Explanation body text present  [2mNOT FOUND[0m
    [92m✔[0m [92m[PASS][0m  Midterm panel visible
    [92m✔[0m [92m[PASS][0m  Preboard 1 panel visible
    [92m✔[0m [92m[PASS][0m  ACCURACY label present
    [92m✔[0m [92m[PASS][0m  Weakest Concepts section
    [92m✔[0m [92m[PASS][0m  Strongest Concepts section
    [92m✔[0m [92m[PASS][0m  Struggling students label
    [92m✔[0m [92m[PASS][0m  Weak Concepts label
    [91m✘[0m [91m[FAIL][0m  IMPROVED/DECLINED chip
    [91m✘[0m [91m[FAIL][0m  Change in chapter average
        Midterm: acc=None  str=None (raw='None' el='None')  wk=None (raw='None' el='None')
        Midterm: weakest=[]
        Midterm: strongest=[]
    [91m✘[0m [91m[FAIL][0m  [Midterm] Accuracy % readable  [2mN/A[0m
    [91m✘[0m [91m[FAIL][0m  [Midterm] Struggling students count  [2mNOT FOUND[0m
    [91m✘[0m [91m[FAIL][0m  [Midterm] Weak Concepts count  [2mNOT FOUND[0m
    [92m✔[0m [92m[PASS][0m  [Midterm] Weakest Concepts list ≥ 1 item  [2m5 items: ['1\nProperties of Determinants\n2\nAdjoint & Inverse', '1\nProperties of Determinants', 'Properties of Determinants'][0m
    [92m✔[0m [92m[PASS][0m  [Midterm] Strongest Concepts list ≥ 1 item  [2m8 items[0m
      [2mMidterm:[0m  Accuracy=[92m[1m?[0m  Struggling=[93m[1m?[0m  WeakConcepts=[96m?[0m
        Weakest : ['1\nProperties of Determinants\n2\nAdjoint & Inverse', '1\nProperties of Determinants', 'Properties of Determinants', '2\nAdjoint & Inverse', 'Adjoint & Inverse']
        Strongest: ['Determinant of a Matrix\n91%', 'Determinant of a Matrix 73%', 'Premium Feature', 'Remediation Plan for this chapter', "Make sure you don't have to worry about this chapter again!", 'Create Lesson Plans\nAccess Teaching Materials', 'Create Lesson Plans', 'Access Teaching Materials']
        Preboard 1: acc=None  str=None (raw='None' el='None')  wk=None (raw='None' el='None')
        Preboard 1: weakest=[]
        Preboard 1: strongest=[]
    [92m✔[0m [92m[PASS][0m  [Preboard 1] Accuracy % readable  [2m38.6%[0m
    [92m✔[0m [92m[PASS][0m  [Preboard 1] Struggling students count  [2m9 students[0m
    [92m✔[0m [92m[PASS][0m  [Preboard 1] Weak Concepts count  [2m2 concepts[0m
    [92m✔[0m [92m[PASS][0m  [Preboard 1] Weakest Concepts list ≥ 1 item  [2m5 items: ['1\nProperties of Determinants\n2\nAdjoint & Inverse', '1\nProperties of Determinants', 'Properties of Determinants'][0m
    [92m✔[0m [92m[PASS][0m  [Preboard 1] Strongest Concepts list ≥ 1 item  [2m8 items[0m
      [2mPreboard 1:[0m  Accuracy=[92m[1m38.6%[0m  Struggling=[93m[1m9[0m  WeakConcepts=[96m2[0m
        Weakest : ['1\nProperties of Determinants\n2\nAdjoint & Inverse', '1\nProperties of Determinants', 'Properties of Determinants', '2\nAdjoint & Inverse', 'Adjoint & Inverse']
        Strongest: ['Determinant of a Matrix\n91%', 'Determinant of a Matrix 73%', 'Premium Feature', 'Remediation Plan for this chapter', "Make sure you don't have to worry about this chapter again!", 'Create Lesson Plans\nAccess Teaching Materials', 'Create Lesson Plans', 'Access Teaching Materials']
    [91m✘[0m [91m[FAIL][0m  Concept pill badges present  [2m[][0m

      [96m┌─ HEADER ACCURACY BADGE ──────────────────────────────────────┐[0m
      [96m│[0m Preboard 1 accuracy : [92m[1m38.6%[0m
      [96m└────────────────────────────────────────────────────────────┘[0m

      [93m┌─ WHY SECTION ─────────────────────────────────────────────┐[0m
      [93m│[0m Heading : NOT FOUND
      [93m│[0m Text    : NOT FOUND
      [93m│[0m Change %: [93m[1m— (only accuracy % in text)[0m
      [93m└───────────────────────────────────────────────────────┘[0m

  [1m[92m▲  [97mContinuity & Differentiability[0m  [92m+35.9%[0m
  ─────────────────────────────────────────────────────────────────
    [92m✔[0m [92m[PASS][0m  Loc 1 · Card list badge % readable  [2m+35.9%[0m
    [92m✔[0m [92m[PASS][0m  Card clickable / detail panel opens
    [91m✘[0m [91m[FAIL][0m  Loc 2 · IMPROVED/DECLINED chip % readable  [2mN/A[0m
    [91m✘[0m [91m[FAIL][0m  Loc 3 · Change in chapter average badge  [2mN/A[0m
    [91m✘[0m [91m[FAIL][0m  Loc 4 · Why-text % (change or accuracy)  [2mNOTHING FOUND[0m
    [92m✔[0m [92m[PASS][0m  Header accuracy badge readable  [2m35.9%[0m
    [91m✘[0m [91m[FAIL][0m  ✦ 4-Way Consistency Loc1==Loc2==Loc3==Loc4  [2mL1=+35.9%  L2=None  L3=None  L4=None[0m
    [91m✘[0m [91m[FAIL][0m  'Why this chapter' heading present  [2mNOT FOUND[0m
    [91m✘[0m [91m[FAIL][0m  Explanation body text present  [2mNOT FOUND[0m
    [92m✔[0m [92m[PASS][0m  Midterm panel visible
    [92m✔[0m [92m[PASS][0m  Preboard 1 panel visible
    [92m✔[0m [92m[PASS][0m  ACCURACY label present
    [92m✔[0m [92m[PASS][0m  Weakest Concepts section
    [92m✔[0m [92m[PASS][0m  Strongest Concepts section
    [92m✔[0m [92m[PASS][0m  Struggling students label
    [92m✔[0m [92m[PASS][0m  Weak Concepts label
    [91m✘[0m [91m[FAIL][0m  IMPROVED/DECLINED chip
    [91m✘[0m [91m[FAIL][0m  Change in chapter average
        Midterm: acc=None  str=None (raw='None' el='None')  wk=None (raw='None' el='None')
        Midterm: weakest=[]
        Midterm: strongest=[]
    [91m✘[0m [91m[FAIL][0m  [Midterm] Accuracy % readable  [2mN/A[0m
    [91m✘[0m [91m[FAIL][0m  [Midterm] Struggling students count  [2mNOT FOUND[0m
    [91m✘[0m [91m[FAIL][0m  [Midterm] Weak Concepts count  [2mNOT FOUND[0m
    [92m✔[0m [92m[PASS][0m  [Midterm] Weakest Concepts list ≥ 1 item  [2m6 items: ['1\nExponential & Logarithmic Functions/Logarithmic Properties', 'Exponential & Logarithmic Functions/Logarithmic Properties', '2\nDerivatives of Inverse Trig Functions'][0m
    [92m✔[0m [92m[PASS][0m  [Midterm] Strongest Concepts list ≥ 1 item  [2m8 items[0m
      [2mMidterm:[0m  Accuracy=[92m[1m?[0m  Struggling=[93m[1m?[0m  WeakConcepts=[96m?[0m
        Weakest : ['1\nExponential & Logarithmic Functions/Logarithmic Properties', 'Exponential & Logarithmic Functions/Logarithmic Properties', '2\nDerivatives of Inverse Trig Functions', 'Derivatives of Inverse Trig Functions', '3\nContinuity', 'Continuity']
        Strongest: ['Second Order Derivative\n100%', 'Second Order Derivative 100%', 'Parametric & Implicit Differentiation\n43%', 'Parametric & Implicit Differentiation 43%', 'Premium Feature', 'Remediation Plan for this chapter', "Make sure you don't have to worry about this chapter again!", 'Create Lesson Plans\nAccess Teaching Materials']
        Preboard 1: acc=None  str=None (raw='None' el='None')  wk=None (raw='None' el='None')
        Preboard 1: weakest=[]
        Preboard 1: strongest=[]
    [92m✔[0m [92m[PASS][0m  [Preboard 1] Accuracy % readable  [2m35.9%[0m
    [92m✔[0m [92m[PASS][0m  [Preboard 1] Struggling students count  [2m6 students[0m
    [92m✔[0m [92m[PASS][0m  [Preboard 1] Weak Concepts count  [2m2 concepts[0m
    [92m✔[0m [92m[PASS][0m  [Preboard 1] Weakest Concepts list ≥ 1 item  [2m6 items: ['1\nExponential & Logarithmic Functions/Logarithmic Properties', 'Exponential & Logarithmic Functions/Logarithmic Properties', '2\nDerivatives of Inverse Trig Functions'][0m
    [92m✔[0m [92m[PASS][0m  [Preboard 1] Strongest Concepts list ≥ 1 item  [2m8 items[0m
      [2mPreboard 1:[0m  Accuracy=[92m[1m35.9%[0m  Struggling=[93m[1m6[0m  WeakConcepts=[96m2[0m
        Weakest : ['1\nExponential & Logarithmic Functions/Logarithmic Properties', 'Exponential & Logarithmic Functions/Logarithmic Properties', '2\nDerivatives of Inverse Trig Functions', 'Derivatives of Inverse Trig Functions', '3\nContinuity', 'Continuity']
        Strongest: ['Second Order Derivative\n100%', 'Second Order Derivative 100%', 'Parametric & Implicit Differentiation\n43%', 'Parametric & Implicit Differentiation 43%', 'Premium Feature', 'Remediation Plan for this chapter', "Make sure you don't have to worry about this chapter again!", 'Create Lesson Plans\nAccess Teaching Materials']
    [91m✘[0m [91m[FAIL][0m  Concept pill badges present  [2m[][0m

      [96m┌─ HEADER ACCURACY BADGE ──────────────────────────────────────┐[0m
      [96m│[0m Preboard 1 accuracy : [92m[1m35.9%[0m
      [96m└────────────────────────────────────────────────────────────┘[0m

      [93m┌─ WHY SECTION ─────────────────────────────────────────────┐[0m
      [93m│[0m Heading : NOT FOUND
      [93m│[0m Text    : NOT FOUND
      [93m│[0m Change %: [93m[1m— (only accuracy % in text)[0m
      [93m└───────────────────────────────────────────────────────┘[0m

  [1m[92m▲  [97mInverse Trigonometric Functions[0m  [92m+33.3%[0m
  ─────────────────────────────────────────────────────────────────
    [92m✔[0m [92m[PASS][0m  Loc 1 · Card list badge % readable  [2m+33.3%[0m
    [92m✔[0m [92m[PASS][0m  Card clickable / detail panel opens
    [91m✘[0m [91m[FAIL][0m  Loc 2 · IMPROVED/DECLINED chip % readable  [2mN/A[0m
    [91m✘[0m [91m[FAIL][0m  Loc 3 · Change in chapter average badge  [2mN/A[0m
    [91m✘[0m [91m[FAIL][0m  Loc 4 · Why-text % (change or accuracy)  [2mNOTHING FOUND[0m
    [92m✔[0m [92m[PASS][0m  Header accuracy badge readable  [2m33.3%[0m
    [91m✘[0m [91m[FAIL][0m  ✦ 4-Way Consistency Loc1==Loc2==Loc3==Loc4  [2mL1=+33.3%  L2=None  L3=None  L4=None[0m
    [91m✘[0m [91m[FAIL][0m  'Why this chapter' heading present  [2mNOT FOUND[0m
    [91m✘[0m [91m[FAIL][0m  Explanation body text present  [2mNOT FOUND[0m
    [92m✔[0m [92m[PASS][0m  Midterm panel visible
    [92m✔[0m [92m[PASS][0m  Preboard 1 panel visible
    [92m✔[0m [92m[PASS][0m  ACCURACY label present
    [92m✔[0m [92m[PASS][0m  Weakest Concepts section
    [92m✔[0m [92m[PASS][0m  Strongest Concepts section
    [92m✔[0m [92m[PASS][0m  Struggling students label
    [92m✔[0m [92m[PASS][0m  Weak Concepts label
    [91m✘[0m [91m[FAIL][0m  IMPROVED/DECLINED chip
    [91m✘[0m [91m[FAIL][0m  Change in chapter average
        Midterm: acc=None  str=None (raw='None' el='None')  wk=None (raw='None' el='None')
        Midterm: weakest=[]
        Midterm: strongest=[]
    [91m✘[0m [91m[FAIL][0m  [Midterm] Accuracy % readable  [2mN/A[0m
    [91m✘[0m [91m[FAIL][0m  [Midterm] Struggling students count  [2mNOT FOUND[0m
    [91m✘[0m [91m[FAIL][0m  [Midterm] Weak Concepts count  [2mNOT FOUND[0m
    [92m✔[0m [92m[PASS][0m  [Midterm] Weakest Concepts list ≥ 1 item  [2m2 items: ['1\nAlgebra of Inverse Trig Functions', 'Algebra of Inverse Trig Functions'][0m
    [92m✔[0m [92m[PASS][0m  [Midterm] Strongest Concepts list ≥ 1 item  [2m8 items[0m
      [2mMidterm:[0m  Accuracy=[92m[1m?[0m  Struggling=[93m[1m?[0m  WeakConcepts=[96m?[0m
        Weakest : ['1\nAlgebra of Inverse Trig Functions', 'Algebra of Inverse Trig Functions']
        Strongest: ['Principal Values (Domain and Range)\n64%', 'Principal Values (Domain and Range) 64%', 'Premium Feature', 'Remediation Plan for this chapter', "Make sure you don't have to worry about this chapter again!", 'Create Lesson Plans\nAccess Teaching Materials', 'Create Lesson Plans', 'Access Teaching Materials']
        Preboard 1: acc=None  str=None (raw='None' el='None')  wk=None (raw='None' el='None')
        Preboard 1: weakest=[]
        Preboard 1: strongest=[]
    [92m✔[0m [92m[PASS][0m  [Preboard 1] Accuracy % readable  [2m33.3%[0m
    [92m✔[0m [92m[PASS][0m  [Preboard 1] Struggling students count  [2m6 students[0m
    [92m✔[0m [92m[PASS][0m  [Preboard 1] Weak Concepts count  [2m1 concepts[0m
    [92m✔[0m [92m[PASS][0m  [Preboard 1] Weakest Concepts list ≥ 1 item  [2m2 items: ['1\nAlgebra of Inverse Trig Functions', 'Algebra of Inverse Trig Functions'][0m
    [92m✔[0m [92m[PASS][0m  [Preboard 1] Strongest Concepts list ≥ 1 item  [2m8 items[0m
      [2mPreboard 1:[0m  Accuracy=[92m[1m33.3%[0m  Struggling=[93m[1m6[0m  WeakConcepts=[96m1[0m
        Weakest : ['1\nAlgebra of Inverse Trig Functions', 'Algebra of Inverse Trig Functions']
        Strongest: ['Principal Values (Domain and Range)\n64%', 'Principal Values (Domain and Range) 64%', 'Premium Feature', 'Remediation Plan for this chapter', "Make sure you don't have to worry about this chapter again!", 'Create Lesson Plans\nAccess Teaching Materials', 'Create Lesson Plans', 'Access Teaching Materials']
    [91m✘[0m [91m[FAIL][0m  Concept pill badges present  [2m[][0m

      [96m┌─ HEADER ACCURACY BADGE ──────────────────────────────────────┐[0m
      [96m│[0m Preboard 1 accuracy : [92m[1m33.3%[0m
      [96m└────────────────────────────────────────────────────────────┘[0m

      [93m┌─ WHY SECTION ─────────────────────────────────────────────┐[0m
      [93m│[0m Heading : NOT FOUND
      [93m│[0m Text    : NOT FOUND
      [93m│[0m Change %: [93m[1m— (only accuracy % in text)[0m
      [93m└───────────────────────────────────────────────────────┘[0m

  [1m[92m▲  [97mApplication of Derivatives[0m  [92m+30.7%[0m
  ─────────────────────────────────────────────────────────────────
    [92m✔[0m [92m[PASS][0m  Loc 1 · Card list badge % readable  [2m+30.7%[0m
    [92m✔[0m [92m[PASS][0m  Card clickable / detail panel opens
    [91m✘[0m [91m[FAIL][0m  Loc 2 · IMPROVED/DECLINED chip % readable  [2mN/A[0m
    [91m✘[0m [91m[FAIL][0m  Loc 3 · Change in chapter average badge  [2mN/A[0m
    [91m✘[0m [91m[FAIL][0m  Loc 4 · Why-text % (change or accuracy)  [2mNOTHING FOUND[0m
    [92m✔[0m [92m[PASS][0m  Header accuracy badge readable  [2m30.7%[0m
    [91m✘[0m [91m[FAIL][0m  ✦ 4-Way Consistency Loc1==Loc2==Loc3==Loc4  [2mL1=+30.7%  L2=None  L3=None  L4=None[0m
    [91m✘[0m [91m[FAIL][0m  'Why this chapter' heading present  [2mNOT FOUND[0m
    [91m✘[0m [91m[FAIL][0m  Explanation body text present  [2mNOT FOUND[0m
    [92m✔[0m [92m[PASS][0m  Midterm panel visible
    [92m✔[0m [92m[PASS][0m  Preboard 1 panel visible
    [92m✔[0m [92m[PASS][0m  ACCURACY label present
    [92m✔[0m [92m[PASS][0m  Weakest Concepts section
    [92m✔[0m [92m[PASS][0m  Strongest Concepts section
    [92m✔[0m [92m[PASS][0m  Struggling students label
    [92m✔[0m [92m[PASS][0m  Weak Concepts label
    [91m✘[0m [91m[FAIL][0m  IMPROVED/DECLINED chip
    [91m✘[0m [91m[FAIL][0m  Change in chapter average
        Midterm: acc=None  str=None (raw='None' el='None')  wk=None (raw='None' el='None')
        Midterm: weakest=[]
        Midterm: strongest=[]
    [91m✘[0m [91m[FAIL][0m  [Midterm] Accuracy % readable  [2mN/A[0m
    [91m✘[0m [91m[FAIL][0m  [Midterm] Struggling students count  [2mNOT FOUND[0m
    [91m✘[0m [91m[FAIL][0m  [Midterm] Weak Concepts count  [2mNOT FOUND[0m
    [92m✔[0m [92m[PASS][0m  [Midterm] Weakest Concepts list ≥ 1 item  [2m5 items: ['1\nMaxima & Minima real life Applications\n2\nRate of Change', '1\nMaxima & Minima real life Applications', 'Maxima & Minima real life Applications'][0m
    [92m✔[0m [92m[PASS][0m  [Midterm] Strongest Concepts list ≥ 1 item  [2m8 items[0m
      [2mMidterm:[0m  Accuracy=[92m[1m?[0m  Struggling=[93m[1m?[0m  WeakConcepts=[96m?[0m
        Weakest : ['1\nMaxima & Minima real life Applications\n2\nRate of Change', '1\nMaxima & Minima real life Applications', 'Maxima & Minima real life Applications', '2\nRate of Change', 'Rate of Change']
        Strongest: ['Maxima & Minima\n73%', 'Maxima & Minima 73%', 'Premium Feature', 'Remediation Plan for this chapter', "Make sure you don't have to worry about this chapter again!", 'Create Lesson Plans\nAccess Teaching Materials', 'Create Lesson Plans', 'Access Teaching Materials']
        Preboard 1: acc=None  str=None (raw='None' el='None')  wk=None (raw='None' el='None')
        Preboard 1: weakest=[]
        Preboard 1: strongest=[]
    [92m✔[0m [92m[PASS][0m  [Preboard 1] Accuracy % readable  [2m30.7%[0m
    [92m✔[0m [92m[PASS][0m  [Preboard 1] Struggling students count  [2m9 students[0m
    [92m✔[0m [92m[PASS][0m  [Preboard 1] Weak Concepts count  [2m2 concepts[0m
    [92m✔[0m [92m[PASS][0m  [Preboard 1] Weakest Concepts list ≥ 1 item  [2m5 items: ['1\nMaxima & Minima real life Applications\n2\nRate of Change', '1\nMaxima & Minima real life Applications', 'Maxima & Minima real life Applications'][0m
    [92m✔[0m [92m[PASS][0m  [Preboard 1] Strongest Concepts list ≥ 1 item  [2m8 items[0m
      [2mPreboard 1:[0m  Accuracy=[92m[1m30.7%[0m  Struggling=[93m[1m9[0m  WeakConcepts=[96m2[0m
        Weakest : ['1\nMaxima & Minima real life Applications\n2\nRate of Change', '1\nMaxima & Minima real life Applications', 'Maxima & Minima real life Applications', '2\nRate of Change', 'Rate of Change']
        Strongest: ['Maxima & Minima\n73%', 'Maxima & Minima 73%', 'Premium Feature', 'Remediation Plan for this chapter', "Make sure you don't have to worry about this chapter again!", 'Create Lesson Plans\nAccess Teaching Materials', 'Create Lesson Plans', 'Access Teaching Materials']
    [91m✘[0m [91m[FAIL][0m  Concept pill badges present  [2m[][0m

      [96m┌─ HEADER ACCURACY BADGE ──────────────────────────────────────┐[0m
      [96m│[0m Preboard 1 accuracy : [92m[1m30.7%[0m
      [96m└────────────────────────────────────────────────────────────┘[0m

      [93m┌─ WHY SECTION ─────────────────────────────────────────────┐[0m
      [93m│[0m Heading : NOT FOUND
      [93m│[0m Text    : NOT FOUND
      [93m│[0m Change %: [93m[1m— (only accuracy % in text)[0m
      [93m└───────────────────────────────────────────────────────┘[0m

  [1m[92m▲  [97mIntegrals[0m  [92m+17.4%[0m
  ─────────────────────────────────────────────────────────────────
    [92m✔[0m [92m[PASS][0m  Loc 1 · Card list badge % readable  [2m+17.4%[0m
    [92m✔[0m [92m[PASS][0m  Card clickable / detail panel opens
    [91m✘[0m [91m[FAIL][0m  Loc 2 · IMPROVED/DECLINED chip % readable  [2mN/A[0m
    [91m✘[0m [91m[FAIL][0m  Loc 3 · Change in chapter average badge  [2mN/A[0m
    [91m✘[0m [91m[FAIL][0m  Loc 4 · Why-text % (change or accuracy)  [2mNOTHING FOUND[0m
    [92m✔[0m [92m[PASS][0m  Header accuracy badge readable  [2m17.4%[0m
    [91m✘[0m [91m[FAIL][0m  ✦ 4-Way Consistency Loc1==Loc2==Loc3==Loc4  [2mL1=+17.4%  L2=None  L3=None  L4=None[0m
    [91m✘[0m [91m[FAIL][0m  'Why this chapter' heading present  [2mNOT FOUND[0m
    [91m✘[0m [91m[FAIL][0m  Explanation body text present  [2mNOT FOUND[0m
    [92m✔[0m [92m[PASS][0m  Midterm panel visible
    [92m✔[0m [92m[PASS][0m  Preboard 1 panel visible
    [92m✔[0m [92m[PASS][0m  ACCURACY label present
    [92m✔[0m [92m[PASS][0m  Weakest Concepts section
    [92m✔[0m [92m[PASS][0m  Strongest Concepts section
    [92m✔[0m [92m[PASS][0m  Struggling students label
    [92m✔[0m [92m[PASS][0m  Weak Concepts label
    [91m✘[0m [91m[FAIL][0m  IMPROVED/DECLINED chip
    [91m✘[0m [91m[FAIL][0m  Change in chapter average
        Midterm: acc=None  str=None (raw='None' el='None')  wk=None (raw='None' el='None')
        Midterm: weakest=[]
        Midterm: strongest=[]
    [91m✘[0m [91m[FAIL][0m  [Midterm] Accuracy % readable  [2mN/A[0m
    [91m✘[0m [91m[FAIL][0m  [Midterm] Struggling students count  [2mNOT FOUND[0m
    [91m✘[0m [91m[FAIL][0m  [Midterm] Weak Concepts count  [2mNOT FOUND[0m
    [92m✔[0m [92m[PASS][0m  [Midterm] Weakest Concepts list ≥ 1 item  [2m5 items: ['1\nIntegration by Substitution\n2\nRules of integrals', '1\nIntegration by Substitution', 'Integration by Substitution'][0m
    [92m✔[0m [92m[PASS][0m  [Midterm] Strongest Concepts list ≥ 1 item  [2m8 items[0m
      [2mMidterm:[0m  Accuracy=[92m[1m?[0m  Struggling=[93m[1m?[0m  WeakConcepts=[96m?[0m
        Weakest : ['1\nIntegration by Substitution\n2\nRules of integrals', '1\nIntegration by Substitution', 'Integration by Substitution', '2\nRules of integrals', 'Rules of integrals']
        Strongest: ['Partial Fractions\n100%\nIndefinite Integrals (Anti derivatives)\n36%', 'Partial Fractions\n100%', 'Partial Fractions 100%', 'Indefinite Integrals (Anti derivatives)\n36%', 'Indefinite Integrals (Anti derivatives) 36%', 'Premium Feature', 'Remediation Plan for this chapter', "Make sure you don't have to worry about this chapter again!"]
        Preboard 1: acc=None  str=None (raw='None' el='None')  wk=None (raw='None' el='None')
        Preboard 1: weakest=[]
        Preboard 1: strongest=[]
    [92m✔[0m [92m[PASS][0m  [Preboard 1] Accuracy % readable  [2m17.4%[0m
    [92m✔[0m [92m[PASS][0m  [Preboard 1] Struggling students count  [2m9 students[0m
    [92m✔[0m [92m[PASS][0m  [Preboard 1] Weak Concepts count  [2m3 concepts[0m
    [92m✔[0m [92m[PASS][0m  [Preboard 1] Weakest Concepts list ≥ 1 item  [2m5 items: ['1\nIntegration by Substitution\n2\nRules of integrals', '1\nIntegration by Substitution', 'Integration by Substitution'][0m
    [92m✔[0m [92m[PASS][0m  [Preboard 1] Strongest Concepts list ≥ 1 item  [2m8 items[0m
      [2mPreboard 1:[0m  Accuracy=[92m[1m17.4%[0m  Struggling=[93m[1m9[0m  WeakConcepts=[96m3[0m
        Weakest : ['1\nIntegration by Substitution\n2\nRules of integrals', '1\nIntegration by Substitution', 'Integration by Substitution', '2\nRules of integrals', 'Rules of integrals']
        Strongest: ['Partial Fractions\n100%\nIndefinite Integrals (Anti derivatives)\n36%', 'Partial Fractions\n100%', 'Partial Fractions 100%', 'Indefinite Integrals (Anti derivatives)\n36%', 'Indefinite Integrals (Anti derivatives) 36%', 'Premium Feature', 'Remediation Plan for this chapter', "Make sure you don't have to worry about this chapter again!"]
    [91m✘[0m [91m[FAIL][0m  Concept pill badges present  [2m[][0m

      [96m┌─ HEADER ACCURACY BADGE ──────────────────────────────────────┐[0m
      [96m│[0m Preboard 1 accuracy : [92m[1m17.4%[0m
      [96m└────────────────────────────────────────────────────────────┘[0m

      [93m┌─ WHY SECTION ─────────────────────────────────────────────┐[0m
      [93m│[0m Heading : NOT FOUND
      [93m│[0m Text    : NOT FOUND
      [93m│[0m Change %: [93m[1m— (only accuracy % in text)[0m
      [93m└───────────────────────────────────────────────────────┘[0m

[1m[96m════════════════════════════════════════════════════════════════════════
  PHASE 6  ▶  [97mSEARCH BOX FUNCTIONALITY
════════════════════════════════════════════════════════════════════════[0m
    [92m✔[0m [92m[PASS][0m  Search input element present  [2mSearch chapter...[0m
    [92m✔[0m [92m[PASS][0m  Search 'Linear' → target visible
    [92m✔[0m [92m[PASS][0m  Search filters non-matching
    [91m✘[0m [91m[FAIL][0m  Search cleared → all restored  [2mmissing 2[0m
    [92m✔[0m [92m[PASS][0m  No-match query → cards hidden

[1m[96m════════════════════════════════════════════════════════════════════════
  PHASE 7  ▶  [97mSTATIC UI LABELS
════════════════════════════════════════════════════════════════════════[0m
    [92m✔[0m [92m[PASS][0m  Sort label 'Chapter Avg'
    [92m✔[0m [92m[PASS][0m  Nav tab 'Overview'
    [92m✔[0m [92m[PASS][0m  Nav tab 'Chapters'
    [92m✔[0m [92m[PASS][0m  Nav tab 'Questions'
    [92m✔[0m [92m[PASS][0m  Nav tab 'Students'
    [92m✔[0m [92m[PASS][0m  'Midterm' header
    [92m✔[0m [92m[PASS][0m  'Preboard 1' header
    [92m✔[0m [92m[PASS][0m  'ACCURACY' label
    [92m✔[0m [92m[PASS][0m  'Struggling students' label
    [92m✔[0m [92m[PASS][0m  'Weak Concepts' label
    [92m✔[0m [92m[PASS][0m  'Weakest Concepts' section
    [92m✔[0m [92m[PASS][0m  'Strongest Concepts' section
    [91m✘[0m [91m[FAIL][0m  'Why this chapter' heading
    [91m✘[0m [91m[FAIL][0m  IMPROVED/DECLINED chip
    [91m✘[0m [91m[FAIL][0m  'Change in chapter average' label
    [91m✘[0m [91m[FAIL][0m  Concept pill badges
    [92m✔[0m [92m[PASS][0m  Header accuracy badge

[1m[96m════════════════════════════════════════════════════════════════════════
  PHASE 8  ▶  [97mEXCEL VALIDATION
════════════════════════════════════════════════════════════════════════[0m
    [92m✔[0m [92m[PASS][0m  Excel match 'Linear Programming'  [2mLinear Programming[0m
    [92m✔[0m [92m[PASS][0m  Excel match 'Application of Integrals'  [2mApplication of Integrals[0m
    [92m✔[0m [92m[PASS][0m  Excel match 'Matrices'  [2mMatrices[0m
    [92m✔[0m [92m[PASS][0m  Excel match 'Relations & Functions'  [2mRelations & Functions[0m
    [92m✔[0m [92m[PASS][0m  Excel match 'Determinants'  [2mDeterminants[0m
    [92m✔[0m [92m[PASS][0m  Excel match 'Continuity & Differentiability'  [2mContinuity & Differentiability[0m
    [92m✔[0m [92m[PASS][0m  Excel match 'Inverse Trigonometric Functions'  [2mInverse Trigonometric Functions[0m
    [92m✔[0m [92m[PASS][0m  Excel match 'Application of Derivatives'  [2mApplication of Derivatives[0m
    [92m✔[0m [92m[PASS][0m  Excel match 'Integrals'  [2mIntegrals[0m

  [1mSection [93mC[0m[1m: [92m188✔[0m/[91m113✘[0m (62%)

  [1m[96m┌─ HEADER ACCURACY — Section C ──────────────────────────────┐[0m
    [92m✔[0m   1. Linear Programming                                 [96m[1m51.8%[0m
    [92m✔[0m   2. Application of Integrals                           [96m[1m50%[0m
    [92m✔[0m   3. Matrices                                           [96m[1m50%[0m
    [92m✔[0m   4. Relations & Functions                              [96m[1m39.1%[0m
    [92m✔[0m   5. Determinants                                       [96m[1m38.6%[0m
    [92m✔[0m   6. Continuity & Differentiability                     [96m[1m35.9%[0m
    [92m✔[0m   7. Inverse Trigonometric Functions                    [96m[1m33.3%[0m
    [92m✔[0m   8. Application of Derivatives                         [96m[1m30.7%[0m
    [92m✔[0m   9. Integrals                                          [96m[1m17.4%[0m
  [96m└────────────────────────────────────────────────────────────┘[0m

[1m[97m▓▓▓▓▓▓▓▓▓▓▓▓▓▓▓▓▓▓▓▓▓▓▓▓▓▓▓▓▓▓▓▓▓▓▓▓▓▓▓▓▓▓▓▓▓▓▓▓▓▓▓▓▓▓▓▓▓▓▓▓▓▓▓▓▓▓▓▓▓▓▓▓
  SECTION  [93mH[0m[1m[97m
▓▓▓▓▓▓▓▓▓▓▓▓▓▓▓▓▓▓▓▓▓▓▓▓▓▓▓▓▓▓▓▓▓▓▓▓▓▓▓▓▓▓▓▓▓▓▓▓▓▓▓▓▓▓▓▓▓▓▓▓▓▓▓▓▓▓▓▓▓▓▓▓[0m


[1m[96m════════════════════════════════════════════════════════════════════════
  PHASE S  ▶  [97mSWITCH → H
════════════════════════════════════════════════════════════════════════[0m
  [92m✔ Section selected: H[0m
    [92m✔[0m [92m[PASS][0m  Section 'H' selected

[1m[96m════════════════════════════════════════════════════════════════════════
  PHASE 3  ▶  [97mNAVIGATION VERIFY
════════════════════════════════════════════════════════════════════════[0m
    [92m✔[0m [92m[PASS][0m  Chapters URL  [2m%2CPreboard+1&screen=chapters&chapterName=Linear+Programming[0m
    [92m✔[0m [92m[PASS][0m  Tab 'Overview'
    [92m✔[0m [92m[PASS][0m  Tab 'Chapters'
    [92m✔[0m [92m[PASS][0m  Tab 'Questions'
    [92m✔[0m [92m[PASS][0m  Tab 'Students'

[1m[96m════════════════════════════════════════════════════════════════════════
  PHASE 4  ▶  [97mCHAPTER CARD DISCOVERY
════════════════════════════════════════════════════════════════════════[0m
    [92m✔[0m [92m[PASS][0m  Cards discovered  [2m9 found[0m
    [92m✔[0m [92m[PASS][0m  Sorted High→Low  [2m[11.3, 7.5, 6.5, 6.4, 6.3]…[0m
    [92m✔[0m [92m[PASS][0m  Sort label present

  [1mChapters [H]:[0m
    [2m 1.[0m Integrals                                            [92m▲ +11.3%   [92m✔[0m  [2m[Calculus  35m][0m
    [2m 2.[0m Linear Programming                                   [92m▲ +7.5%   [92m✔[0m  [2m[Linear Programming Problem  5m][0m
    [2m 3.[0m Continuity & Differentiability                       [92m▲ +6.5%   [92m✔[0m  [2m[Calculus  35m][0m
    [2m 4.[0m Inverse Trigonometric Functions                      [92m▲ +6.4%   [92m✔[0m  [2m[Relations and Functions  8m][0m
    [2m 5.[0m Application of Derivatives                           [92m▲ +6.3%   [92m✔[0m  [2m[Calculus  35m][0m
    [2m 6.[0m Application of Integrals                             [92m▲ +4.7%   [92m✔[0m  [2m[Calculus  35m][0m
    [2m 7.[0m Relations & Functions                                [92m▲ +3.7%   [92m✔[0m  [2m[Relations and Functions  8m][0m
    [2m 8.[0m Matrices                                             [92m▲ +0.6%   [92m✔[0m  [2m[Algebra  10m][0m
    [2m 9.[0m Determinants                                         [91m▼ -0.6%   [92m✔[0m  [2m[Algebra  10m][0m

[1m[96m════════════════════════════════════════════════════════════════════════
  PHASE 5  ▶  [97mPER-CHAPTER DETAIL — LOC1/LOC2/LOC3/LOC4 + HEADER ACCURACY
════════════════════════════════════════════════════════════════════════[0m

  [1m[92m▲  [97mIntegrals[0m  [92m+11.3%[0m
  ─────────────────────────────────────────────────────────────────
    [92m✔[0m [92m[PASS][0m  Loc 1 · Card list badge % readable  [2m+11.3%[0m
    [92m✔[0m [92m[PASS][0m  Card clickable / detail panel opens
    [92m✔[0m [92m[PASS][0m  Loc 2 · IMPROVED/DECLINED chip % readable  [2m+11.3%[0m
    [92m✔[0m [92m[PASS][0m  Loc 3 · Change in chapter average badge  [2m+11.3%[0m
    [92m✔[0m [92m[PASS][0m  Loc 4 · Why-text % (change or accuracy)  [2mchange%=+11.3%[0m
    [91m✘[0m [91m[FAIL][0m  Header accuracy badge readable  [2mNOT FOUND[0m
    [92m✔[0m [92m[PASS][0m  ✦ 4-Way Consistency Loc1==Loc2==Loc3==Loc4  [2mL1=+11.3%  L2=+11.3%  L3=+11.3%  L4=+11.3%[0m
    [92m✔[0m [92m[PASS][0m  'Why this chapter' heading present  [2mWhy this chapter improved[0m
    [92m✔[0m [92m[PASS][0m  Explanation body text present  [2mGood improvement of 11.3% in this chapter. Students have str…[0m
    [92m✔[0m [92m[PASS][0m  Midterm panel visible
    [92m✔[0m [92m[PASS][0m  Preboard 1 panel visible
    [92m✔[0m [92m[PASS][0m  ACCURACY label present
    [92m✔[0m [92m[PASS][0m  Weakest Concepts section
    [92m✔[0m [92m[PASS][0m  Strongest Concepts section
    [92m✔[0m [92m[PASS][0m  Struggling students label
    [92m✔[0m [92m[PASS][0m  Weak Concepts label
    [92m✔[0m [92m[PASS][0m  IMPROVED/DECLINED chip
    [92m✔[0m [92m[PASS][0m  Change in chapter average
        Midterm: acc=None  str=None (raw='None' el='None')  wk=None (raw='None' el='None')
        Midterm: weakest=[]
        Midterm: strongest=[]
    [92m✔[0m [92m[PASS][0m  [Midterm] Accuracy % readable  [2m73%[0m
    [92m✔[0m [92m[PASS][0m  [Midterm] Struggling students count  [2m6 students[0m
    [92m✔[0m [92m[PASS][0m  [Midterm] Weak Concepts count  [2m0 concepts[0m
    [92m✔[0m [92m[PASS][0m  [Midterm] Weakest Concepts list ≥ 1 item  [2m6 items: ['1\nPartial Fractions', 'Partial Fractions', '2\nIntegration by Parts'][0m
    [92m✔[0m [92m[PASS][0m  [Midterm] Strongest Concepts list ≥ 1 item  [2m8 items[0m
      [2mMidterm:[0m  Accuracy=[92m[1m73%[0m  Struggling=[93m[1m6[0m  WeakConcepts=[96m0[0m
        Weakest : ['1\nPartial Fractions', 'Partial Fractions', '2\nIntegration by Parts', 'Integration by Parts', '3\nProperties of Definite Integrals', 'Properties of Definite Integrals']
        Strongest: ['Rules of integrals\n95%', 'Rules of integrals 95%', 'Definite Integrals\n88%', 'Definite Integrals 88%', 'Integration by Substitution\n85%', 'Integration by Substitution 85%', 'Preboard 1\nOct 11, 2025', 'Preboard 1']
        Preboard 1: acc=None  str=None (raw='None' el='None')  wk=None (raw='None' el='None')
        Preboard 1: weakest=[]
        Preboard 1: strongest=[]
    [92m✔[0m [92m[PASS][0m  [Preboard 1] Accuracy % readable  [2m84.3%[0m
    [92m✔[0m [92m[PASS][0m  [Preboard 1] Struggling students count  [2m4 students[0m
    [92m✔[0m [92m[PASS][0m  [Preboard 1] Weak Concepts count  [2m0 concepts[0m
    [92m✔[0m [92m[PASS][0m  [Preboard 1] Weakest Concepts list ≥ 1 item  [2m5 items: ['1\nRules of integrals\n2\nIntegration by Substitution', '1\nRules of integrals', 'Rules of integrals'][0m
    [92m✔[0m [92m[PASS][0m  [Preboard 1] Strongest Concepts list ≥ 1 item  [2m8 items[0m
      [2mPreboard 1:[0m  Accuracy=[92m[1m84.3%[0m  Struggling=[93m[1m4[0m  WeakConcepts=[96m0[0m
        Weakest : ['1\nRules of integrals\n2\nIntegration by Substitution', '1\nRules of integrals', 'Rules of integrals', '2\nIntegration by Substitution', 'Integration by Substitution']
        Strongest: ['Indefinite Integrals (Anti derivatives)\n89%\nNew', 'Indefinite Integrals (Anti derivatives)', '89%\nNew 89% [New]', 'Partial Fractions\n88%\nImproved', 'Partial Fractions', '88%\nImproved 88% [Improved]', '↗ 11.3%\nIMPROVED', '↗ 11.3% [IMPROVED]']
    [92m✔[0m [92m[PASS][0m  Concept pill badges present  [2m['Improved', 'New', 'IMPROVED'][0m

      [96m┌─ HEADER ACCURACY BADGE ──────────────────────────────────────┐[0m
      [96m│[0m Preboard 1 accuracy : [91m[1mNOT FOUND[0m
      [96m└────────────────────────────────────────────────────────────┘[0m

      [93m┌─ WHY SECTION ─────────────────────────────────────────────┐[0m
      [93m│[0m Heading : Why this chapter improved
      [93m│[0m Text    : Good improvement of 11.3% in this chapter. Students have strengthened …
      [93m│[0m Change %: [92m[1m+11.3%[0m
      [93m└───────────────────────────────────────────────────────┘[0m

  [1m[92m▲  [97mLinear Programming[0m  [92m+7.5%[0m
  ─────────────────────────────────────────────────────────────────
    [92m✔[0m [92m[PASS][0m  Loc 1 · Card list badge % readable  [2m+7.5%[0m
    [92m✔[0m [92m[PASS][0m  Card clickable / detail panel opens
    [92m✔[0m [92m[PASS][0m  Loc 2 · IMPROVED/DECLINED chip % readable  [2m+7.5%[0m
    [92m✔[0m [92m[PASS][0m  Loc 3 · Change in chapter average badge  [2m+7.5%[0m
    [92m✔[0m [92m[PASS][0m  Loc 4 · Why-text % (change or accuracy)  [2mchange%=+7.5%[0m
    [91m✘[0m [91m[FAIL][0m  Header accuracy badge readable  [2mNOT FOUND[0m
    [92m✔[0m [92m[PASS][0m  ✦ 4-Way Consistency Loc1==Loc2==Loc3==Loc4  [2mL1=+7.5%  L2=+7.5%  L3=+7.5%  L4=+7.5%[0m
    [92m✔[0m [92m[PASS][0m  'Why this chapter' heading present  [2mWhy this chapter improved[0m
    [92m✔[0m [92m[PASS][0m  Explanation body text present  [2mSlight improvement of 7.5% as students are making progress. …[0m
    [92m✔[0m [92m[PASS][0m  Midterm panel visible
    [92m✔[0m [92m[PASS][0m  Preboard 1 panel visible
    [92m✔[0m [92m[PASS][0m  ACCURACY label present
    [92m✔[0m [92m[PASS][0m  Weakest Concepts section
    [92m✔[0m [92m[PASS][0m  Strongest Concepts section
    [92m✔[0m [92m[PASS][0m  Struggling students label
    [92m✔[0m [92m[PASS][0m  Weak Concepts label
    [92m✔[0m [92m[PASS][0m  IMPROVED/DECLINED chip
    [92m✔[0m [92m[PASS][0m  Change in chapter average
        Midterm: acc=None  str=None (raw='None' el='None')  wk=None (raw='None' el='None')
        Midterm: weakest=[]
        Midterm: strongest=[]
    [92m✔[0m [92m[PASS][0m  [Midterm] Accuracy % readable  [2m66.3%[0m
    [92m✔[0m [92m[PASS][0m  [Midterm] Struggling students count  [2m10 students[0m
    [92m✔[0m [92m[PASS][0m  [Midterm] Weak Concepts count  [2m0 concepts[0m
    [92m✔[0m [92m[PASS][0m  [Midterm] Weakest Concepts list ≥ 1 item  [2m2 items: ['1\nGraphical method of solution for problems in two variables', 'Graphical method of solution for problems in two variables'][0m
    [92m✔[0m [92m[PASS][0m  [Midterm] Strongest Concepts list ≥ 1 item  [2m8 items[0m
      [2mMidterm:[0m  Accuracy=[92m[1m66.3%[0m  Struggling=[93m[1m10[0m  WeakConcepts=[96m0[0m
        Weakest : ['1\nGraphical method of solution for problems in two variables', 'Graphical method of solution for problems in two variables']
        Strongest: ['Feasible Region\n80%', 'Feasible Region 80%', 'Preboard 1\nOct 11, 2025', 'Preboard 1', 'Oct 11, 2025', '73.8%\nACCURACY 73.8%', 'ACCURACY', 'Struggling students\n3\nWeak Concepts\n0']
        Preboard 1: acc=None  str=None (raw='None' el='None')  wk=None (raw='None' el='None')
        Preboard 1: weakest=[]
        Preboard 1: strongest=[]
    [92m✔[0m [92m[PASS][0m  [Preboard 1] Accuracy % readable  [2m73.8%[0m
    [92m✔[0m [92m[PASS][0m  [Preboard 1] Struggling students count  [2m3 students[0m
    [92m✔[0m [92m[PASS][0m  [Preboard 1] Weak Concepts count  [2m0 concepts[0m
    [92m✔[0m [92m[PASS][0m  [Preboard 1] Weakest Concepts list ≥ 1 item  [2m4 items: ['1\nGraphical method of solution for problems in two variables\nImproved', '1\nGraphical method of solution for problems in two variables', 'Graphical method of solution for problems in two variables'][0m
    [92m✔[0m [92m[PASS][0m  [Preboard 1] Strongest Concepts list ≥ 1 item  [2m8 items[0m
      [2mPreboard 1:[0m  Accuracy=[92m[1m73.8%[0m  Struggling=[93m[1m3[0m  WeakConcepts=[96m0[0m
        Weakest : ['1\nGraphical method of solution for problems in two variables\nImproved', '1\nGraphical method of solution for problems in two variables', 'Graphical method of solution for problems in two variables', 'Improved']
        Strongest: ['Objective Function\n84%\nNew', 'Objective Function', '84%\nNew 84% [New]', '↗ 7.5%\nIMPROVED', '↗ 7.5% [IMPROVED]', 'Premium Feature', 'Remediation Plan for this chapter', "Make sure you don't have to worry about this chapter again!"]
    [92m✔[0m [92m[PASS][0m  Concept pill badges present  [2m['Improved', 'New', 'IMPROVED'][0m

      [96m┌─ HEADER ACCURACY BADGE ──────────────────────────────────────┐[0m
      [96m│[0m Preboard 1 accuracy : [91m[1mNOT FOUND[0m
      [96m└────────────────────────────────────────────────────────────┘[0m

      [93m┌─ WHY SECTION ─────────────────────────────────────────────┐[0m
      [93m│[0m Heading : Why this chapter improved
      [93m│[0m Text    : Slight improvement of 7.5% as students are making progress. Students h…
      [93m│[0m Change %: [92m[1m+7.5%[0m
      [93m└───────────────────────────────────────────────────────┘[0m

  [1m[92m▲  [97mContinuity & Differentiability[0m  [92m+6.5%[0m
  ─────────────────────────────────────────────────────────────────
    [92m✔[0m [92m[PASS][0m  Loc 1 · Card list badge % readable  [2m+6.5%[0m
    [92m✔[0m [92m[PASS][0m  Card clickable / detail panel opens
    [92m✔[0m [92m[PASS][0m  Loc 2 · IMPROVED/DECLINED chip % readable  [2m+6.5%[0m
    [92m✔[0m [92m[PASS][0m  Loc 3 · Change in chapter average badge  [2m+6.5%[0m
    [92m✔[0m [92m[PASS][0m  Loc 4 · Why-text % (change or accuracy)  [2mchange%=+6.5%[0m
    [91m✘[0m [91m[FAIL][0m  Header accuracy badge readable  [2mNOT FOUND[0m
    [92m✔[0m [92m[PASS][0m  ✦ 4-Way Consistency Loc1==Loc2==Loc3==Loc4  [2mL1=+6.5%  L2=+6.5%  L3=+6.5%  L4=+6.5%[0m
    [92m✔[0m [92m[PASS][0m  'Why this chapter' heading present  [2mWhy this chapter improved[0m
    [92m✔[0m [92m[PASS][0m  Explanation body text present  [2mSlight improvement of 6.5% as students are making progress. …[0m
    [92m✔[0m [92m[PASS][0m  Midterm panel visible
    [92m✔[0m [92m[PASS][0m  Preboard 1 panel visible
    [92m✔[0m [92m[PASS][0m  ACCURACY label present
    [92m✔[0m [92m[PASS][0m  Weakest Concepts section
    [92m✔[0m [92m[PASS][0m  Strongest Concepts section
    [92m✔[0m [92m[PASS][0m  Struggling students label
    [92m✔[0m [92m[PASS][0m  Weak Concepts label
    [92m✔[0m [92m[PASS][0m  IMPROVED/DECLINED chip
    [92m✔[0m [92m[PASS][0m  Change in chapter average
        Midterm: acc=None  str=None (raw='None' el='None')  wk=None (raw='None' el='None')
        Midterm: weakest=[]
        Midterm: strongest=[]
    [92m✔[0m [92m[PASS][0m  [Midterm] Accuracy % readable  [2m78.3%[0m
    [92m✔[0m [92m[PASS][0m  [Midterm] Struggling students count  [2m5 students[0m
    [92m✔[0m [92m[PASS][0m  [Midterm] Weak Concepts count  [2m0 concepts[0m
    [92m✔[0m [92m[PASS][0m  [Midterm] Weakest Concepts list ≥ 1 item  [2m6 items: ['1\nExponential & Logarithmic Functions/Logarithmic Properties', 'Exponential & Logarithmic Functions/Logarithmic Properties', '2\nContinuity'][0m
    [92m✔[0m [92m[PASS][0m  [Midterm] Strongest Concepts list ≥ 1 item  [2m8 items[0m
      [2mMidterm:[0m  Accuracy=[92m[1m78.3%[0m  Struggling=[93m[1m5[0m  WeakConcepts=[96m0[0m
        Weakest : ['1\nExponential & Logarithmic Functions/Logarithmic Properties', 'Exponential & Logarithmic Functions/Logarithmic Properties', '2\nContinuity', 'Continuity', '3\nParametric & Implicit Differentiation', 'Parametric & Implicit Differentiation']
        Strongest: ['Rules of Differentiations\n95%\nSecond Order Derivative\n82%', 'Rules of Differentiations\n95%', 'Rules of Differentiations 95%', 'Second Order Derivative\n82%', 'Second Order Derivative 82%', 'Preboard 1\nOct 11, 2025', 'Preboard 1', 'Oct 11, 2025']
        Preboard 1: acc=None  str=None (raw='None' el='None')  wk=None (raw='None' el='None')
        Preboard 1: weakest=[]
        Preboard 1: strongest=[]
    [92m✔[0m [92m[PASS][0m  [Preboard 1] Accuracy % readable  [2m84.8%[0m
    [92m✔[0m [92m[PASS][0m  [Preboard 1] Struggling students count  [2m1 students[0m
    [92m✔[0m [92m[PASS][0m  [Preboard 1] Weak Concepts count  [2m0 concepts[0m
    [92m✔[0m [92m[PASS][0m  [Preboard 1] Weakest Concepts list ≥ 1 item  [2m6 items: ['1\nDerivatives of Inverse Trig Functions\nNew', '1\nDerivatives of Inverse Trig Functions', 'Derivatives of Inverse Trig Functions'][0m
    [92m✔[0m [92m[PASS][0m  [Preboard 1] Strongest Concepts list ≥ 1 item  [2m8 items[0m
      [2mPreboard 1:[0m  Accuracy=[92m[1m84.8%[0m  Struggling=[93m[1m1[0m  WeakConcepts=[96m0[0m
        Weakest : ['1\nDerivatives of Inverse Trig Functions\nNew', '1\nDerivatives of Inverse Trig Functions', 'Derivatives of Inverse Trig Functions', '2\nSecond Order Derivative', 'Second Order Derivative', '3\nExponential & Logarithmic Functions/Logarithmic Properties\nImproved']
        Strongest: ['Parametric & Implicit Differentiation\n95%\nImproved', 'Parametric & Implicit Differentiation', '95%\nImproved 95% [Improved]', 'Continuity\n91%\nImproved', 'Continuity', '91%\nImproved 91% [Improved]', '↗ 6.5%\nIMPROVED', '↗ 6.5% [IMPROVED]']
    [92m✔[0m [92m[PASS][0m  Concept pill badges present  [2m['Improved', 'New', 'IMPROVED'][0m

      [96m┌─ HEADER ACCURACY BADGE ──────────────────────────────────────┐[0m
      [96m│[0m Preboard 1 accuracy : [91m[1mNOT FOUND[0m
      [96m└────────────────────────────────────────────────────────────┘[0m

      [93m┌─ WHY SECTION ─────────────────────────────────────────────┐[0m
      [93m│[0m Heading : Why this chapter improved
      [93m│[0m Text    : Slight improvement of 6.5% as students are making progress. Students h…
      [93m│[0m Change %: [92m[1m+6.5%[0m
      [93m└───────────────────────────────────────────────────────┘[0m

  [1m[92m▲  [97mInverse Trigonometric Functions[0m  [92m+6.4%[0m
  ─────────────────────────────────────────────────────────────────
    [92m✔[0m [92m[PASS][0m  Loc 1 · Card list badge % readable  [2m+6.4%[0m
    [92m✔[0m [92m[PASS][0m  Card clickable / detail panel opens
    [92m✔[0m [92m[PASS][0m  Loc 2 · IMPROVED/DECLINED chip % readable  [2m+6.4%[0m
    [92m✔[0m [92m[PASS][0m  Loc 3 · Change in chapter average badge  [2m+6.4%[0m
    [92m✔[0m [92m[PASS][0m  Loc 4 · Why-text % (change or accuracy)  [2mchange%=+6.4%[0m
    [91m✘[0m [91m[FAIL][0m  Header accuracy badge readable  [2mNOT FOUND[0m
    [92m✔[0m [92m[PASS][0m  ✦ 4-Way Consistency Loc1==Loc2==Loc3==Loc4  [2mL1=+6.4%  L2=+6.4%  L3=+6.4%  L4=+6.4%[0m
    [92m✔[0m [92m[PASS][0m  'Why this chapter' heading present  [2mWhy this chapter improved[0m
    [92m✔[0m [92m[PASS][0m  Explanation body text present  [2mSlight improvement of 6.4% as students are making progress. …[0m
    [92m✔[0m [92m[PASS][0m  Midterm panel visible
    [92m✔[0m [92m[PASS][0m  Preboard 1 panel visible
    [92m✔[0m [92m[PASS][0m  ACCURACY label present
    [92m✔[0m [92m[PASS][0m  Weakest Concepts section
    [92m✔[0m [92m[PASS][0m  Strongest Concepts section
    [92m✔[0m [92m[PASS][0m  Struggling students label
    [92m✔[0m [92m[PASS][0m  Weak Concepts label
    [92m✔[0m [92m[PASS][0m  IMPROVED/DECLINED chip
    [92m✔[0m [92m[PASS][0m  Change in chapter average
        Midterm: acc=None  str=None (raw='None' el='None')  wk=None (raw='None' el='None')
        Midterm: weakest=[]
        Midterm: strongest=[]
    [92m✔[0m [92m[PASS][0m  [Midterm] Accuracy % readable  [2m87.3%[0m
    [92m✔[0m [92m[PASS][0m  [Midterm] Struggling students count  [2m2 students[0m
    [92m✔[0m [92m[PASS][0m  [Midterm] Weak Concepts count  [2m0 concepts[0m
    [92m✔[0m [92m[PASS][0m  [Midterm] Weakest Concepts list ≥ 1 item  [2m2 items: ['1\nPrincipal Values (Domain and Range)', 'Principal Values (Domain and Range)'][0m
    [92m✔[0m [92m[PASS][0m  [Midterm] Strongest Concepts list ≥ 1 item  [2m8 items[0m
      [2mMidterm:[0m  Accuracy=[92m[1m87.3%[0m  Struggling=[93m[1m2[0m  WeakConcepts=[96m0[0m
        Weakest : ['1\nPrincipal Values (Domain and Range)', 'Principal Values (Domain and Range)']
        Strongest: ['Algebra of Inverse Trig Functions\n93%', 'Algebra of Inverse Trig Functions 93%', 'Preboard 1\nOct 11, 2025', 'Preboard 1', 'Oct 11, 2025', '93.7%\nACCURACY 93.7%', 'ACCURACY', 'Struggling students\n2\nWeak Concepts\n0']
        Preboard 1: acc=None  str=None (raw='None' el='None')  wk=None (raw='None' el='None')
        Preboard 1: weakest=[]
        Preboard 1: strongest=[]
    [92m✔[0m [92m[PASS][0m  [Preboard 1] Accuracy % readable  [2m93.7%[0m
    [92m✔[0m [92m[PASS][0m  [Preboard 1] Struggling students count  [2m2 students[0m
    [92m✔[0m [92m[PASS][0m  [Preboard 1] Weak Concepts count  [2m0 concepts[0m
    [92m✔[0m [92m[PASS][0m  [Preboard 1] Weakest Concepts list ≥ 1 item  [2m4 items: ['1\nPrincipal Values (Domain and Range)\nImproved', '1\nPrincipal Values (Domain and Range)', 'Principal Values (Domain and Range)'][0m
    [92m✔[0m [92m[PASS][0m  [Preboard 1] Strongest Concepts list ≥ 1 item  [2m8 items[0m
      [2mPreboard 1:[0m  Accuracy=[92m[1m93.7%[0m  Struggling=[93m[1m2[0m  WeakConcepts=[96m0[0m
        Weakest : ['1\nPrincipal Values (Domain and Range)\nImproved', '1\nPrincipal Values (Domain and Range)', 'Principal Values (Domain and Range)', 'Improved']
        Strongest: ['Algebra of Inverse Trig Functions\n95%\nImproved', 'Algebra of Inverse Trig Functions', '95%\nImproved 95% [Improved]', '↗ 6.4%\nIMPROVED', '↗ 6.4% [IMPROVED]', 'Premium Feature', 'Remediation Plan for this chapter', "Make sure you don't have to worry about this chapter again!"]
    [92m✔[0m [92m[PASS][0m  Concept pill badges present  [2m['Improved', 'IMPROVED'][0m

      [96m┌─ HEADER ACCURACY BADGE ──────────────────────────────────────┐[0m
      [96m│[0m Preboard 1 accuracy : [91m[1mNOT FOUND[0m
      [96m└────────────────────────────────────────────────────────────┘[0m

      [93m┌─ WHY SECTION ─────────────────────────────────────────────┐[0m
      [93m│[0m Heading : Why this chapter improved
      [93m│[0m Text    : Slight improvement of 6.4% as students are making progress. Students h…
      [93m│[0m Change %: [92m[1m+6.4%[0m
      [93m└───────────────────────────────────────────────────────┘[0m

  [1m[92m▲  [97mApplication of Derivatives[0m  [92m+6.3%[0m
  ─────────────────────────────────────────────────────────────────
    [92m✔[0m [92m[PASS][0m  Loc 1 · Card list badge % readable  [2m+6.3%[0m
    [92m✔[0m [92m[PASS][0m  Card clickable / detail panel opens
    [92m✔[0m [92m[PASS][0m  Loc 2 · IMPROVED/DECLINED chip % readable  [2m+6.3%[0m
    [92m✔[0m [92m[PASS][0m  Loc 3 · Change in chapter average badge  [2m+6.3%[0m
    [92m✔[0m [92m[PASS][0m  Loc 4 · Why-text % (change or accuracy)  [2mchange%=+6.3%[0m
    [91m✘[0m [91m[FAIL][0m  Header accuracy badge readable  [2mNOT FOUND[0m
    [92m✔[0m [92m[PASS][0m  ✦ 4-Way Consistency Loc1==Loc2==Loc3==Loc4  [2mL1=+6.3%  L2=+6.3%  L3=+6.3%  L4=+6.3%[0m
    [92m✔[0m [92m[PASS][0m  'Why this chapter' heading present  [2mWhy this chapter improved[0m
    [92m✔[0m [92m[PASS][0m  Explanation body text present  [2mSlight improvement of 6.3% as students are making progress. …[0m
    [92m✔[0m [92m[PASS][0m  Midterm panel visible
    [92m✔[0m [92m[PASS][0m  Preboard 1 panel visible
    [92m✔[0m [92m[PASS][0m  ACCURACY label present
    [92m✔[0m [92m[PASS][0m  Weakest Concepts section
    [92m✔[0m [92m[PASS][0m  Strongest Concepts section
    [92m✔[0m [92m[PASS][0m  Struggling students label
    [92m✔[0m [92m[PASS][0m  Weak Concepts label
    [92m✔[0m [92m[PASS][0m  IMPROVED/DECLINED chip
    [92m✔[0m [92m[PASS][0m  Change in chapter average
        Midterm: acc=None  str=None (raw='None' el='None')  wk=None (raw='None' el='None')
        Midterm: weakest=[]
        Midterm: strongest=[]
    [92m✔[0m [92m[PASS][0m  [Midterm] Accuracy % readable  [2m69.5%[0m
    [92m✔[0m [92m[PASS][0m  [Midterm] Struggling students count  [2m9 students[0m
    [92m✔[0m [92m[PASS][0m  [Midterm] Weak Concepts count  [2m0 concepts[0m
    [92m✔[0m [92m[PASS][0m  [Midterm] Weakest Concepts list ≥ 1 item  [2m5 items: ['1\nMaxima & Minima real life Applications\n2\nRate of Change', '1\nMaxima & Minima real life Applications', 'Maxima & Minima real life Applications'][0m
    [92m✔[0m [92m[PASS][0m  [Midterm] Strongest Concepts list ≥ 1 item  [2m8 items[0m
      [2mMidterm:[0m  Accuracy=[92m[1m69.5%[0m  Struggling=[93m[1m9[0m  WeakConcepts=[96m0[0m
        Weakest : ['1\nMaxima & Minima real life Applications\n2\nRate of Change', '1\nMaxima & Minima real life Applications', 'Maxima & Minima real life Applications', '2\nRate of Change', 'Rate of Change']
        Strongest: ['Increasing & Decreasing Functions\n84%', 'Increasing & Decreasing Functions 84%', 'Preboard 1\nOct 11, 2025', 'Preboard 1', 'Oct 11, 2025', '75.8%\nACCURACY 75.8%', 'ACCURACY', 'Struggling students\n5\nWeak Concepts\n0']
        Preboard 1: acc=None  str=None (raw='None' el='None')  wk=None (raw='None' el='None')
        Preboard 1: weakest=[]
        Preboard 1: strongest=[]
    [92m✔[0m [92m[PASS][0m  [Preboard 1] Accuracy % readable  [2m75.8%[0m
    [92m✔[0m [92m[PASS][0m  [Preboard 1] Struggling students count  [2m5 students[0m
    [92m✔[0m [92m[PASS][0m  [Preboard 1] Weak Concepts count  [2m0 concepts[0m
    [92m✔[0m [92m[PASS][0m  [Preboard 1] Weakest Concepts list ≥ 1 item  [2m6 items: ['1\nMaxima & Minima real life Applications\nImproved', '1\nMaxima & Minima real life Applications', 'Maxima & Minima real life Applications'][0m
    [92m✔[0m [92m[PASS][0m  [Preboard 1] Strongest Concepts list ≥ 1 item  [2m8 items[0m
      [2mPreboard 1:[0m  Accuracy=[92m[1m75.8%[0m  Struggling=[93m[1m5[0m  WeakConcepts=[96m0[0m
        Weakest : ['1\nMaxima & Minima real life Applications\nImproved', '1\nMaxima & Minima real life Applications', 'Maxima & Minima real life Applications', 'Improved', '2\nMaxima & Minima\nNew', '2\nMaxima & Minima']
        Strongest: ['Rate of Change\n98%\nImproved', 'Rate of Change', '98%\nImproved 98% [Improved]', '↗ 6.3%\nIMPROVED', '↗ 6.3% [IMPROVED]', 'Premium Feature', 'Remediation Plan for this chapter', "Make sure you don't have to worry about this chapter again!"]
    [92m✔[0m [92m[PASS][0m  Concept pill badges present  [2m['Improved', 'New', 'IMPROVED'][0m

      [96m┌─ HEADER ACCURACY BADGE ──────────────────────────────────────┐[0m
      [96m│[0m Preboard 1 accuracy : [91m[1mNOT FOUND[0m
      [96m└────────────────────────────────────────────────────────────┘[0m

      [93m┌─ WHY SECTION ─────────────────────────────────────────────┐[0m
      [93m│[0m Heading : Why this chapter improved
      [93m│[0m Text    : Slight improvement of 6.3% as students are making progress. Students h…
      [93m│[0m Change %: [92m[1m+6.3%[0m
      [93m└───────────────────────────────────────────────────────┘[0m

  [1m[92m▲  [97mApplication of Integrals[0m  [92m+4.7%[0m
  ─────────────────────────────────────────────────────────────────
    [92m✔[0m [92m[PASS][0m  Loc 1 · Card list badge % readable  [2m+4.7%[0m
    [92m✔[0m [92m[PASS][0m  Card clickable / detail panel opens
    [92m✔[0m [92m[PASS][0m  Loc 2 · IMPROVED/DECLINED chip % readable  [2m+4.7%[0m
    [92m✔[0m [92m[PASS][0m  Loc 3 · Change in chapter average badge  [2m+4.7%[0m
    [92m✔[0m [92m[PASS][0m  Loc 4 · Why-text % (change or accuracy)  [2mchange%=+4.7%[0m
    [91m✘[0m [91m[FAIL][0m  Header accuracy badge readable  [2mNOT FOUND[0m
    [92m✔[0m [92m[PASS][0m  ✦ 4-Way Consistency Loc1==Loc2==Loc3==Loc4  [2mL1=+4.7%  L2=+4.7%  L3=+4.7%  L4=+4.7%[0m
    [92m✔[0m [92m[PASS][0m  'Why this chapter' heading present  [2mWhy this chapter improved[0m
    [92m✔[0m [92m[PASS][0m  Explanation body text present  [2mSlight improvement of 4.7% as students are making progress. …[0m
    [92m✔[0m [92m[PASS][0m  Midterm panel visible
    [92m✔[0m [92m[PASS][0m  Preboard 1 panel visible
    [92m✔[0m [92m[PASS][0m  ACCURACY label present
    [92m✔[0m [92m[PASS][0m  Weakest Concepts section
    [92m✔[0m [92m[PASS][0m  Strongest Concepts section
    [92m✔[0m [92m[PASS][0m  Struggling students label
    [92m✔[0m [92m[PASS][0m  Weak Concepts label
    [92m✔[0m [92m[PASS][0m  IMPROVED/DECLINED chip
    [92m✔[0m [92m[PASS][0m  Change in chapter average
        Midterm: acc=None  str=None (raw='None' el='None')  wk=None (raw='None' el='None')
        Midterm: weakest=[]
        Midterm: strongest=[]
    [92m✔[0m [92m[PASS][0m  [Midterm] Accuracy % readable  [2m85.4%[0m
    [92m✔[0m [92m[PASS][0m  [Midterm] Struggling students count  [2m0 students[0m
    [92m✔[0m [92m[PASS][0m  [Midterm] Weak Concepts count  [2m0 concepts[0m
    [92m✔[0m [92m[PASS][0m  [Midterm] Weakest Concepts list ≥ 1 item  [2m2 items: ['1\nArea under Curves', 'Area under Curves'][0m
    [92m✔[0m [92m[PASS][0m  [Midterm] Strongest Concepts list ≥ 1 item  [2m8 items[0m
      [2mMidterm:[0m  Accuracy=[92m[1m85.4%[0m  Struggling=[93m[1m0[0m  WeakConcepts=[96m0[0m
        Weakest : ['1\nArea under Curves', 'Area under Curves']
        Strongest: ['No Strongest Concepts Available', 'Preboard 1\nOct 11, 2025', 'Preboard 1', 'Oct 11, 2025', '90.1%\nACCURACY 90.1%', 'ACCURACY', 'Struggling students\n1\nWeak Concepts\n0', 'Struggling students\n1']
        Preboard 1: acc=None  str=None (raw='None' el='None')  wk=None (raw='None' el='None')
        Preboard 1: weakest=[]
        Preboard 1: strongest=[]
    [92m✔[0m [92m[PASS][0m  [Preboard 1] Accuracy % readable  [2m90.1%[0m
    [92m✔[0m [92m[PASS][0m  [Preboard 1] Struggling students count  [2m1 students[0m
    [92m✔[0m [92m[PASS][0m  [Preboard 1] Weak Concepts count  [2m0 concepts[0m
    [92m✔[0m [92m[PASS][0m  [Preboard 1] Weakest Concepts list ≥ 1 item  [2m4 items: ['1\nArea under Curves\nImproved', '1\nArea under Curves', 'Area under Curves'][0m
    [92m✔[0m [92m[PASS][0m  [Preboard 1] Strongest Concepts list ≥ 1 item  [2m8 items[0m
      [2mPreboard 1:[0m  Accuracy=[92m[1m90.1%[0m  Struggling=[93m[1m1[0m  WeakConcepts=[96m0[0m
        Weakest : ['1\nArea under Curves\nImproved', '1\nArea under Curves', 'Area under Curves', 'Improved']
        Strongest: ['No Strongest Concepts Available', '↗ 4.7%\nIMPROVED', '↗ 4.7% [IMPROVED]', 'Premium Feature', 'Remediation Plan for this chapter', "Make sure you don't have to worry about this chapter again!", 'Create Lesson Plans\nAccess Teaching Materials', 'Create Lesson Plans']
    [92m✔[0m [92m[PASS][0m  Concept pill badges present  [2m['Improved', 'IMPROVED'][0m

      [96m┌─ HEADER ACCURACY BADGE ──────────────────────────────────────┐[0m
      [96m│[0m Preboard 1 accuracy : [91m[1mNOT FOUND[0m
      [96m└────────────────────────────────────────────────────────────┘[0m

      [93m┌─ WHY SECTION ─────────────────────────────────────────────┐[0m
      [93m│[0m Heading : Why this chapter improved
      [93m│[0m Text    : Slight improvement of 4.7% as students are making progress. Students h…
      [93m│[0m Change %: [92m[1m+4.7%[0m
      [93m└───────────────────────────────────────────────────────┘[0m

  [1m[92m▲  [97mRelations & Functions[0m  [92m+3.7%[0m
  ─────────────────────────────────────────────────────────────────
    [92m✔[0m [92m[PASS][0m  Loc 1 · Card list badge % readable  [2m+3.7%[0m
    [92m✔[0m [92m[PASS][0m  Card clickable / detail panel opens
    [92m✔[0m [92m[PASS][0m  Loc 2 · IMPROVED/DECLINED chip % readable  [2m+3.7%[0m
    [92m✔[0m [92m[PASS][0m  Loc 3 · Change in chapter average badge  [2m+3.7%[0m
    [92m✔[0m [92m[PASS][0m  Loc 4 · Why-text % (change or accuracy)  [2mchange%=+3.7%[0m
    [91m✘[0m [91m[FAIL][0m  Header accuracy badge readable  [2mNOT FOUND[0m
    [92m✔[0m [92m[PASS][0m  ✦ 4-Way Consistency Loc1==Loc2==Loc3==Loc4  [2mL1=+3.7%  L2=+3.7%  L3=+3.7%  L4=+3.7%[0m
    [92m✔[0m [92m[PASS][0m  'Why this chapter' heading present  [2mWhy this chapter improved[0m
    [92m✔[0m [92m[PASS][0m  Explanation body text present  [2mSlight improvement of 3.7% as students are making progress. …[0m
    [92m✔[0m [92m[PASS][0m  Midterm panel visible
    [92m✔[0m [92m[PASS][0m  Preboard 1 panel visible
    [92m✔[0m [92m[PASS][0m  ACCURACY label present
    [92m✔[0m [92m[PASS][0m  Weakest Concepts section
    [92m✔[0m [92m[PASS][0m  Strongest Concepts section
    [92m✔[0m [92m[PASS][0m  Struggling students label
    [92m✔[0m [92m[PASS][0m  Weak Concepts label
    [92m✔[0m [92m[PASS][0m  IMPROVED/DECLINED chip
    [92m✔[0m [92m[PASS][0m  Change in chapter average
        Midterm: acc=None  str=None (raw='None' el='None')  wk=None (raw='None' el='None')
        Midterm: weakest=[]
        Midterm: strongest=[]
    [92m✔[0m [92m[PASS][0m  [Midterm] Accuracy % readable  [2m63.1%[0m
    [92m✔[0m [92m[PASS][0m  [Midterm] Struggling students count  [2m11 students[0m
    [92m✔[0m [92m[PASS][0m  [Midterm] Weak Concepts count  [2m0 concepts[0m
    [92m✔[0m [92m[PASS][0m  [Midterm] Weakest Concepts list ≥ 1 item  [2m2 items: ['1\nTypes of Relations', 'Types of Relations'][0m
    [92m✔[0m [92m[PASS][0m  [Midterm] Strongest Concepts list ≥ 1 item  [2m8 items[0m
      [2mMidterm:[0m  Accuracy=[92m[1m63.1%[0m  Struggling=[93m[1m11[0m  WeakConcepts=[96m0[0m
        Weakest : ['1\nTypes of Relations', 'Types of Relations']
        Strongest: ['Types of Functions\n85%', 'Types of Functions 85%', 'Preboard 1\nOct 11, 2025', 'Preboard 1', 'Oct 11, 2025', '66.8%\nACCURACY 66.8%', 'ACCURACY', 'Struggling students\n8\nWeak Concepts\n0']
        Preboard 1: acc=None  str=None (raw='None' el='None')  wk=None (raw='None' el='None')
        Preboard 1: weakest=[]
        Preboard 1: strongest=[]
    [92m✔[0m [92m[PASS][0m  [Preboard 1] Accuracy % readable  [2m66.8%[0m
    [92m✔[0m [92m[PASS][0m  [Preboard 1] Struggling students count  [2m8 students[0m
    [92m✔[0m [92m[PASS][0m  [Preboard 1] Weak Concepts count  [2m0 concepts[0m
    [92m✔[0m [92m[PASS][0m  [Preboard 1] Weakest Concepts list ≥ 1 item  [2m2 items: ['1\nTypes of Functions', 'Types of Functions'][0m
    [92m✔[0m [92m[PASS][0m  [Preboard 1] Strongest Concepts list ≥ 1 item  [2m8 items[0m
      [2mPreboard 1:[0m  Accuracy=[92m[1m66.8%[0m  Struggling=[93m[1m8[0m  WeakConcepts=[96m0[0m
        Weakest : ['1\nTypes of Functions', 'Types of Functions']
        Strongest: ['Types of Relations\n92%\nImproved', 'Types of Relations', '92%\nImproved 92% [Improved]', '↗ 3.7%\nIMPROVED', '↗ 3.7% [IMPROVED]', 'Premium Feature', 'Remediation Plan for this chapter', "Make sure you don't have to worry about this chapter again!"]
    [92m✔[0m [92m[PASS][0m  Concept pill badges present  [2m['Improved', 'IMPROVED'][0m

      [96m┌─ HEADER ACCURACY BADGE ──────────────────────────────────────┐[0m
      [96m│[0m Preboard 1 accuracy : [91m[1mNOT FOUND[0m
      [96m└────────────────────────────────────────────────────────────┘[0m

      [93m┌─ WHY SECTION ─────────────────────────────────────────────┐[0m
      [93m│[0m Heading : Why this chapter improved
      [93m│[0m Text    : Slight improvement of 3.7% as students are making progress. Students h…
      [93m│[0m Change %: [92m[1m+3.7%[0m
      [93m└───────────────────────────────────────────────────────┘[0m

  [1m[92m▲  [97mMatrices[0m  [92m+0.6%[0m
  ─────────────────────────────────────────────────────────────────
    [92m✔[0m [92m[PASS][0m  Loc 1 · Card list badge % readable  [2m+0.6%[0m
    [92m✔[0m [92m[PASS][0m  Card clickable / detail panel opens
    [92m✔[0m [92m[PASS][0m  Loc 2 · IMPROVED/DECLINED chip % readable  [2m+0.6%[0m
    [92m✔[0m [92m[PASS][0m  Loc 3 · Change in chapter average badge  [2m+0.6%[0m
    [92m✔[0m [92m[PASS][0m  Loc 4 · Why-text % (change or accuracy)  [2maccuracy%=87.8% (stable)[0m
    [91m✘[0m [91m[FAIL][0m  Header accuracy badge readable  [2mNOT FOUND[0m
    [91m✘[0m [91m[FAIL][0m  ✦ 4-Way Consistency Loc1==Loc2==Loc3==Loc4  [2mL1=+0.6%  L2=+0.6%  L3=+0.6%  L4=None[0m
    [92m✔[0m [92m[PASS][0m  'Why this chapter' heading present  [2mWhy this chapter improved[0m
    [92m✔[0m [92m[PASS][0m  Explanation body text present  [2mPerformance remained stable at around 87.8% accuracy. Studen…[0m
    [92m✔[0m [92m[PASS][0m  Midterm panel visible
    [92m✔[0m [92m[PASS][0m  Preboard 1 panel visible
    [92m✔[0m [92m[PASS][0m  ACCURACY label present
    [92m✔[0m [92m[PASS][0m  Weakest Concepts section
    [92m✔[0m [92m[PASS][0m  Strongest Concepts section
    [92m✔[0m [92m[PASS][0m  Struggling students label
    [92m✔[0m [92m[PASS][0m  Weak Concepts label
    [92m✔[0m [92m[PASS][0m  IMPROVED/DECLINED chip
    [92m✔[0m [92m[PASS][0m  Change in chapter average
        Midterm: acc=None  str=None (raw='None' el='None')  wk=None (raw='None' el='None')
        Midterm: weakest=[]
        Midterm: strongest=[]
    [92m✔[0m [92m[PASS][0m  [Midterm] Accuracy % readable  [2m87.2%[0m
    [92m✔[0m [92m[PASS][0m  [Midterm] Struggling students count  [2m0 students[0m
    [92m✔[0m [92m[PASS][0m  [Midterm] Weak Concepts count  [2m0 concepts[0m
    [92m✔[0m [92m[PASS][0m  [Midterm] Weakest Concepts list ≥ 1 item  [2m5 items: ['1\nMatrix Operations\n2\nTranspose, Symmetric & Skew-symmetric', '1\nMatrix Operations', 'Matrix Operations'][0m
    [92m✔[0m [92m[PASS][0m  [Midterm] Strongest Concepts list ≥ 1 item  [2m8 items[0m
      [2mMidterm:[0m  Accuracy=[92m[1m87.2%[0m  Struggling=[93m[1m0[0m  WeakConcepts=[96m0[0m
        Weakest : ['1\nMatrix Operations\n2\nTranspose, Symmetric & Skew-symmetric', '1\nMatrix Operations', 'Matrix Operations', '2\nTranspose, Symmetric & Skew-symmetric', 'Transpose, Symmetric & Skew-symmetric']
        Strongest: ['Basics & Types of Matrices\n100%\nInverse Matrices\n95%', 'Basics & Types of Matrices\n100%', 'Basics & Types of Matrices 100%', 'Inverse Matrices\n95%', 'Inverse Matrices 95%', 'Preboard 1\nOct 11, 2025', 'Preboard 1', 'Oct 11, 2025']
        Preboard 1: acc=None  str=None (raw='None' el='None')  wk=None (raw='None' el='None')
        Preboard 1: weakest=[]
        Preboard 1: strongest=[]
    [92m✔[0m [92m[PASS][0m  [Preboard 1] Accuracy % readable  [2m87.8%[0m
    [92m✔[0m [92m[PASS][0m  [Preboard 1] Struggling students count  [2m2 students[0m
    [92m✔[0m [92m[PASS][0m  [Preboard 1] Weak Concepts count  [2m0 concepts[0m
    [92m✔[0m [92m[PASS][0m  [Preboard 1] Weakest Concepts list ≥ 1 item  [2m2 items: ['1\nTranspose, Symmetric & Skew-symmetric', 'Transpose, Symmetric & Skew-symmetric'][0m
    [92m✔[0m [92m[PASS][0m  [Preboard 1] Strongest Concepts list ≥ 1 item  [2m8 items[0m
      [2mPreboard 1:[0m  Accuracy=[92m[1m87.8%[0m  Struggling=[93m[1m2[0m  WeakConcepts=[96m0[0m
        Weakest : ['1\nTranspose, Symmetric & Skew-symmetric', 'Transpose, Symmetric & Skew-symmetric']
        Strongest: ['Matrix Operations\n95%\nImproved', 'Matrix Operations', '95%\nImproved 95% [Improved]', '↗ 0.6%\nIMPROVED', '↗ 0.6% [IMPROVED]', 'Premium Feature', 'Remediation Plan for this chapter', "Make sure you don't have to worry about this chapter again!"]
    [92m✔[0m [92m[PASS][0m  Concept pill badges present  [2m['Improved', 'IMPROVED'][0m

      [96m┌─ HEADER ACCURACY BADGE ──────────────────────────────────────┐[0m
      [96m│[0m Preboard 1 accuracy : [91m[1mNOT FOUND[0m
      [96m└────────────────────────────────────────────────────────────┘[0m

      [93m┌─ WHY SECTION ─────────────────────────────────────────────┐[0m
      [93m│[0m Heading : Why this chapter improved
      [93m│[0m Text    : Performance remained stable at around 87.8% accuracy. Students are com…
      [93m│[0m Change %: [93m[1m— (only accuracy % in text)[0m
      [93m└───────────────────────────────────────────────────────┘[0m

  [1m[91m▼  [97mDeterminants[0m  [91m-0.6%[0m
  ─────────────────────────────────────────────────────────────────
    [92m✔[0m [92m[PASS][0m  Loc 1 · Card list badge % readable  [2m-0.6%[0m
    [92m✔[0m [92m[PASS][0m  Card clickable / detail panel opens
    [92m✔[0m [92m[PASS][0m  Loc 2 · IMPROVED/DECLINED chip % readable  [2m-0.6%[0m
    [92m✔[0m [92m[PASS][0m  Loc 3 · Change in chapter average badge  [2m-0.6%[0m
    [92m✔[0m [92m[PASS][0m  Loc 4 · Why-text % (change or accuracy)  [2maccuracy%=75.5% (stable)[0m
    [91m✘[0m [91m[FAIL][0m  Header accuracy badge readable  [2mNOT FOUND[0m
    [91m✘[0m [91m[FAIL][0m  ✦ 4-Way Consistency Loc1==Loc2==Loc3==Loc4  [2mL1=-0.6%  L2=-0.6%  L3=-0.6%  L4=None[0m
    [92m✔[0m [92m[PASS][0m  'Why this chapter' heading present  [2mWhy this chapter declined[0m
    [92m✔[0m [92m[PASS][0m  Explanation body text present  [2mPerformance remained stable at around 75.5% accuracy. Studen…[0m
    [92m✔[0m [92m[PASS][0m  Midterm panel visible
    [92m✔[0m [92m[PASS][0m  Preboard 1 panel visible
    [92m✔[0m [92m[PASS][0m  ACCURACY label present
    [92m✔[0m [92m[PASS][0m  Weakest Concepts section
    [92m✔[0m [92m[PASS][0m  Strongest Concepts section
    [92m✔[0m [92m[PASS][0m  Struggling students label
    [92m✔[0m [92m[PASS][0m  Weak Concepts label
    [92m✔[0m [92m[PASS][0m  IMPROVED/DECLINED chip
    [92m✔[0m [92m[PASS][0m  Change in chapter average
        Midterm: acc=None  str=None (raw='None' el='None')  wk=None (raw='None' el='None')
        Midterm: weakest=[]
        Midterm: strongest=[]
    [92m✔[0m [92m[PASS][0m  [Midterm] Accuracy % readable  [2m76.1%[0m
    [92m✔[0m [92m[PASS][0m  [Midterm] Struggling students count  [2m5 students[0m
    [92m✔[0m [92m[PASS][0m  [Midterm] Weak Concepts count  [2m0 concepts[0m
    [92m✔[0m [92m[PASS][0m  [Midterm] Weakest Concepts list ≥ 1 item  [2m2 items: ['1\nAdjoint & Inverse', 'Adjoint & Inverse'][0m
    [92m✔[0m [92m[PASS][0m  [Midterm] Strongest Concepts list ≥ 1 item  [2m8 items[0m
      [2mMidterm:[0m  Accuracy=[92m[1m76.1%[0m  Struggling=[93m[1m5[0m  WeakConcepts=[96m0[0m
        Weakest : ['1\nAdjoint & Inverse', 'Adjoint & Inverse']
        Strongest: ['Determinant of a Matrix\n80%', 'Determinant of a Matrix 80%', 'Preboard 1\nOct 11, 2025', 'Preboard 1', 'Oct 11, 2025', '75.5%\nACCURACY 75.5%', 'ACCURACY', 'Struggling students\n2\nWeak Concepts\n0']
        Preboard 1: acc=None  str=None (raw='None' el='None')  wk=None (raw='None' el='None')
        Preboard 1: weakest=[]
        Preboard 1: strongest=[]
    [92m✔[0m [92m[PASS][0m  [Preboard 1] Accuracy % readable  [2m75.5%[0m
    [92m✔[0m [92m[PASS][0m  [Preboard 1] Struggling students count  [2m2 students[0m
    [92m✔[0m [92m[PASS][0m  [Preboard 1] Weak Concepts count  [2m0 concepts[0m
    [92m✔[0m [92m[PASS][0m  [Preboard 1] Weakest Concepts list ≥ 1 item  [2m6 items: ['1\nAdjoint & Inverse\nImproved\n2\nProperties of Determinants\nNew', '1\nAdjoint & Inverse\nImproved', '1\nAdjoint & Inverse'][0m
    [92m✔[0m [92m[PASS][0m  [Preboard 1] Strongest Concepts list ≥ 1 item  [2m8 items[0m
      [2mPreboard 1:[0m  Accuracy=[92m[1m75.5%[0m  Struggling=[93m[1m2[0m  WeakConcepts=[96m0[0m
        Weakest : ['1\nAdjoint & Inverse\nImproved\n2\nProperties of Determinants\nNew', '1\nAdjoint & Inverse\nImproved', '1\nAdjoint & Inverse', 'Adjoint & Inverse', 'Improved', '2\nProperties of Determinants\nNew']
        Strongest: ['92%\nImproved 92% [Improved]', 'Determinant of a Matrix\n92%\nImproved', 'Determinant of a Matrix', '↘ 0.6%\nDECLINED', '↘ 0.6% [DECLINED]', 'Premium Feature', 'Remediation Plan for this chapter', "Make sure you don't have to worry about this chapter again!"]
    [92m✔[0m [92m[PASS][0m  Concept pill badges present  [2m['Improved', 'New', 'DECLINED'][0m

      [96m┌─ HEADER ACCURACY BADGE ──────────────────────────────────────┐[0m
      [96m│[0m Preboard 1 accuracy : [91m[1mNOT FOUND[0m
      [96m└────────────────────────────────────────────────────────────┘[0m

      [93m┌─ WHY SECTION ─────────────────────────────────────────────┐[0m
      [93m│[0m Heading : Why this chapter declined
      [93m│[0m Text    : Performance remained stable at around 75.5% accuracy. Students are com…
      [93m│[0m Change %: [93m[1m— (only accuracy % in text)[0m
      [93m└───────────────────────────────────────────────────────┘[0m

[1m[96m════════════════════════════════════════════════════════════════════════
  PHASE 6  ▶  [97mSEARCH BOX FUNCTIONALITY
════════════════════════════════════════════════════════════════════════[0m
    [92m✔[0m [92m[PASS][0m  Search input element present  [2mSearch chapter...[0m
    [92m✔[0m [92m[PASS][0m  Search 'Integrals' → target visible
    [92m✔[0m [92m[PASS][0m  Search filters non-matching
    [91m✘[0m [91m[FAIL][0m  Search cleared → all restored  [2mmissing 2[0m
    [92m✔[0m [92m[PASS][0m  No-match query → cards hidden

[1m[96m════════════════════════════════════════════════════════════════════════
  PHASE 7  ▶  [97mSTATIC UI LABELS
════════════════════════════════════════════════════════════════════════[0m
    [92m✔[0m [92m[PASS][0m  Sort label 'Chapter Avg'
    [92m✔[0m [92m[PASS][0m  Nav tab 'Overview'
    [92m✔[0m [92m[PASS][0m  Nav tab 'Chapters'
    [92m✔[0m [92m[PASS][0m  Nav tab 'Questions'
    [92m✔[0m [92m[PASS][0m  Nav tab 'Students'
    [92m✔[0m [92m[PASS][0m  'Midterm' header
    [92m✔[0m [92m[PASS][0m  'Preboard 1' header
    [92m✔[0m [92m[PASS][0m  'ACCURACY' label
    [92m✔[0m [92m[PASS][0m  'Struggling students' label
    [92m✔[0m [92m[PASS][0m  'Weak Concepts' label
    [92m✔[0m [92m[PASS][0m  'Weakest Concepts' section
    [92m✔[0m [92m[PASS][0m  'Strongest Concepts' section
    [92m✔[0m [92m[PASS][0m  'Why this chapter' heading
    [92m✔[0m [92m[PASS][0m  IMPROVED/DECLINED chip
    [92m✔[0m [92m[PASS][0m  'Change in chapter average' label
    [92m✔[0m [92m[PASS][0m  Concept pill badges
    [92m✔[0m [92m[PASS][0m  Header accuracy badge

[1m[96m════════════════════════════════════════════════════════════════════════
  PHASE 8  ▶  [97mEXCEL VALIDATION
════════════════════════════════════════════════════════════════════════[0m
    [92m✔[0m [92m[PASS][0m  Excel match 'Integrals'  [2mIntegrals[0m
    [92m✔[0m [92m[PASS][0m  Excel match 'Linear Programming'  [2mLinear Programming[0m
    [92m✔[0m [92m[PASS][0m  Excel match 'Continuity & Differentiability'  [2mContinuity & Differentiability[0m
    [92m✔[0m [92m[PASS][0m  Excel match 'Inverse Trigonometric Functions'  [2mInverse Trigonometric Functions[0m
    [92m✔[0m [92m[PASS][0m  Excel match 'Application of Derivatives'  [2mApplication of Derivatives[0m
    [92m✔[0m [92m[PASS][0m  Excel match 'Application of Integrals'  [2mApplication of Integrals[0m
    [92m✔[0m [92m[PASS][0m  Excel match 'Relations & Functions'  [2mRelations & Functions[0m
    [92m✔[0m [92m[PASS][0m  Excel match 'Matrices'  [2mMatrices[0m
    [92m✔[0m [92m[PASS][0m  Excel match 'Determinants'  [2mDeterminants[0m

  [1mSection [93mH[0m[1m: [92m289✔[0m/[91m12✘[0m (96%)

  [1m[96m┌─ HEADER ACCURACY — Section H ──────────────────────────────┐[0m
    [91m✘[0m   1. Integrals                                          [96m[1mNOT FOUND[0m
    [91m✘[0m   2. Linear Programming                                 [96m[1mNOT FOUND[0m
    [91m✘[0m   3. Continuity & Differentiability                     [96m[1mNOT FOUND[0m
    [91m✘[0m   4. Inverse Trigonometric Functions                    [96m[1mNOT FOUND[0m
    [91m✘[0m   5. Application of Derivatives                         [96m[1mNOT FOUND[0m
    [91m✘[0m   6. Application of Integrals                           [96m[1mNOT FOUND[0m
    [91m✘[0m   7. Relations & Functions                              [96m[1mNOT FOUND[0m
    [91m✘[0m   8. Matrices                                           [96m[1mNOT FOUND[0m
    [91m✘[0m   9. Determinants                                       [96m[1mNOT FOUND[0m
  [96m└────────────────────────────────────────────────────────────┘[0m

[1m[97m▓▓▓▓▓▓▓▓▓▓▓▓▓▓▓▓▓▓▓▓▓▓▓▓▓▓▓▓▓▓▓▓▓▓▓▓▓▓▓▓▓▓▓▓▓▓▓▓▓▓▓▓▓▓▓▓▓▓▓▓▓▓▓▓▓▓▓▓▓▓▓▓
  SECTION  [93mI[0m[1m[97m
▓▓▓▓▓▓▓▓▓▓▓▓▓▓▓▓▓▓▓▓▓▓▓▓▓▓▓▓▓▓▓▓▓▓▓▓▓▓▓▓▓▓▓▓▓▓▓▓▓▓▓▓▓▓▓▓▓▓▓▓▓▓▓▓▓▓▓▓▓▓▓▓[0m


[1m[96m════════════════════════════════════════════════════════════════════════
  PHASE S  ▶  [97mSWITCH → I
════════════════════════════════════════════════════════════════════════[0m
  [92m✔ Section selected: I[0m
    [92m✔[0m [92m[PASS][0m  Section 'I' selected

[1m[96m════════════════════════════════════════════════════════════════════════
  PHASE 3  ▶  [97mNAVIGATION VERIFY
════════════════════════════════════════════════════════════════════════[0m
    [92m✔[0m [92m[PASS][0m  Chapters URL  [2ms=Midterm%2CPreboard+1&screen=chapters&chapterName=Integrals[0m
    [92m✔[0m [92m[PASS][0m  Tab 'Overview'
    [92m✔[0m [92m[PASS][0m  Tab 'Chapters'
    [92m✔[0m [92m[PASS][0m  Tab 'Questions'
    [92m✔[0m [92m[PASS][0m  Tab 'Students'

[1m[96m════════════════════════════════════════════════════════════════════════
  PHASE 4  ▶  [97mCHAPTER CARD DISCOVERY
════════════════════════════════════════════════════════════════════════[0m
    [92m✔[0m [92m[PASS][0m  Cards discovered  [2m9 found[0m
    [91m✘[0m [91m[FAIL][0m  Sorted High→Low  [2m[20.0, 19.8, 10.6, 9.5, 4.8]…[0m
    [92m✔[0m [92m[PASS][0m  Sort label present

  [1mChapters [I]:[0m
    [2m 1.[0m Determinants                                         [92m▲ +20%   [92m✔[0m  [2m[Algebra  10m][0m
    [2m 2.[0m Application of Derivatives                           [92m▲ +19.8%   [92m✔[0m  [2m[Calculus  35m][0m
    [2m 3.[0m Continuity & Differentiability                       [92m▲ +10.6%   [92m✔[0m  [2m[Calculus  35m][0m
    [2m 4.[0m Relations & Functions                                [92m▲ +9.5%   [92m✔[0m  [2m[Relations and Functions  8m][0m
    [2m 5.[0m Integrals                                            [92m▲ +4.8%   [92m✔[0m  [2m[Calculus  35m][0m
    [2m 6.[0m Application of Integrals                             [92m▲ +2.8%   [92m✔[0m  [2m[Calculus  35m][0m
    [2m 7.[0m Linear Programming                                   [91m▼ -2.4%   [92m✔[0m  [2m[Linear Programming Problem  5m][0m
    [2m 8.[0m Inverse Trigonometric Functions                      [91m▼ -5.8%   [92m✔[0m  [2m[Relations and Functions  8m][0m
    [2m 9.[0m Matrices                                             [91m▼ -11.6%   [92m✔[0m  [2m[Algebra  10m][0m

[1m[96m════════════════════════════════════════════════════════════════════════
  PHASE 5  ▶  [97mPER-CHAPTER DETAIL — LOC1/LOC2/LOC3/LOC4 + HEADER ACCURACY
════════════════════════════════════════════════════════════════════════[0m

  [1m[92m▲  [97mDeterminants[0m  [92m+20%[0m
  ─────────────────────────────────────────────────────────────────
    [92m✔[0m [92m[PASS][0m  Loc 1 · Card list badge % readable  [2m+20%[0m
    [92m✔[0m [92m[PASS][0m  Card clickable / detail panel opens
    [92m✔[0m [92m[PASS][0m  Loc 2 · IMPROVED/DECLINED chip % readable  [2m+20.0%[0m
    [92m✔[0m [92m[PASS][0m  Loc 3 · Change in chapter average badge  [2m+20.0%[0m
    [92m✔[0m [92m[PASS][0m  Loc 4 · Why-text % (change or accuracy)  [2mchange%=+20.0%[0m
    [91m✘[0m [91m[FAIL][0m  Header accuracy badge readable  [2mNOT FOUND[0m
    [92m✔[0m [92m[PASS][0m  ✦ 4-Way Consistency Loc1==Loc2==Loc3==Loc4  [2mL1=+20%  L2=+20.0%  L3=+20.0%  L4=+20.0%[0m
    [92m✔[0m [92m[PASS][0m  'Why this chapter' heading present  [2mWhy this chapter improved[0m
    [92m✔[0m [92m[PASS][0m  Explanation body text present  [2mGreat progress! This chapter improved significantly by 20.0%…[0m
    [92m✔[0m [92m[PASS][0m  Midterm panel visible
    [92m✔[0m [92m[PASS][0m  Preboard 1 panel visible
    [92m✔[0m [92m[PASS][0m  ACCURACY label present
    [92m✔[0m [92m[PASS][0m  Weakest Concepts section
    [92m✔[0m [92m[PASS][0m  Strongest Concepts section
    [92m✔[0m [92m[PASS][0m  Struggling students label
    [92m✔[0m [92m[PASS][0m  Weak Concepts label
    [92m✔[0m [92m[PASS][0m  IMPROVED/DECLINED chip
    [92m✔[0m [92m[PASS][0m  Change in chapter average
        Midterm: acc=None  str=None (raw='None' el='None')  wk=None (raw='None' el='None')
        Midterm: weakest=[]
        Midterm: strongest=[]
    [92m✔[0m [92m[PASS][0m  [Midterm] Accuracy % readable  [2m42.1%[0m
    [92m✔[0m [92m[PASS][0m  [Midterm] Struggling students count  [2m12 students[0m
    [92m✔[0m [92m[PASS][0m  [Midterm] Weak Concepts count  [2m1 concepts[0m
    [92m✔[0m [92m[PASS][0m  [Midterm] Weakest Concepts list ≥ 1 item  [2m5 items: ['1\nAdjoint & Inverse\n2\nDeterminant of a Matrix', '1\nAdjoint & Inverse', 'Adjoint & Inverse'][0m
    [92m✔[0m [92m[PASS][0m  [Midterm] Strongest Concepts list ≥ 1 item  [2m8 items[0m
      [2mMidterm:[0m  Accuracy=[92m[1m42.1%[0m  Struggling=[93m[1m12[0m  WeakConcepts=[96m1[0m
        Weakest : ['1\nAdjoint & Inverse\n2\nDeterminant of a Matrix', '1\nAdjoint & Inverse', 'Adjoint & Inverse', '2\nDeterminant of a Matrix', 'Determinant of a Matrix']
        Strongest: ['Preboard 1\nOct 11, 2025', 'Preboard 1', 'Oct 11, 2025', '62.1%\nACCURACY 62.1%', 'ACCURACY', 'Struggling students\n14\nWeak Concepts\n0', 'Struggling students\n14', 'Struggling students']
        Preboard 1: acc=None  str=None (raw='None' el='None')  wk=None (raw='None' el='None')
        Preboard 1: weakest=[]
        Preboard 1: strongest=[]
    [92m✔[0m [92m[PASS][0m  [Preboard 1] Accuracy % readable  [2m62.1%[0m
    [92m✔[0m [92m[PASS][0m  [Preboard 1] Struggling students count  [2m14 students[0m
    [92m✔[0m [92m[PASS][0m  [Preboard 1] Weak Concepts count  [2m0 concepts[0m
    [92m✔[0m [92m[PASS][0m  [Preboard 1] Weakest Concepts list ≥ 1 item  [2m6 items: ['1\nAdjoint & Inverse\nImproved\n2\nProperties of Determinants\nNew', '1\nAdjoint & Inverse\nImproved', '1\nAdjoint & Inverse'][0m
    [92m✔[0m [92m[PASS][0m  [Preboard 1] Strongest Concepts list ≥ 1 item  [2m8 items[0m
      [2mPreboard 1:[0m  Accuracy=[92m[1m62.1%[0m  Struggling=[93m[1m14[0m  WeakConcepts=[96m0[0m
        Weakest : ['1\nAdjoint & Inverse\nImproved\n2\nProperties of Determinants\nNew', '1\nAdjoint & Inverse\nImproved', '1\nAdjoint & Inverse', 'Adjoint & Inverse', 'Improved', '2\nProperties of Determinants\nNew']
        Strongest: ['Determinant of a Matrix\n77%\nImproved', 'Determinant of a Matrix', '77%\nImproved 77% [Improved]', '68%\nImproved 68% [Improved]', '↗ 20.0%\nIMPROVED', '↗ 20.0% [IMPROVED]', 'Premium Feature', 'Remediation Plan for this chapter']
    [92m✔[0m [92m[PASS][0m  Concept pill badges present  [2m['Improved', 'New', 'IMPROVED'][0m

      [96m┌─ HEADER ACCURACY BADGE ──────────────────────────────────────┐[0m
      [96m│[0m Preboard 1 accuracy : [91m[1mNOT FOUND[0m
      [96m└────────────────────────────────────────────────────────────┘[0m

      [93m┌─ WHY SECTION ─────────────────────────────────────────────┐[0m
      [93m│[0m Heading : Why this chapter improved
      [93m│[0m Text    : Great progress! This chapter improved significantly by 20.0%. Students…
      [93m│[0m Change %: [92m[1m+20.0%[0m
      [93m└───────────────────────────────────────────────────────┘[0m

  [1m[92m▲  [97mApplication of Derivatives[0m  [92m+19.8%[0m
  ─────────────────────────────────────────────────────────────────
    [92m✔[0m [92m[PASS][0m  Loc 1 · Card list badge % readable  [2m+19.8%[0m
    [92m✔[0m [92m[PASS][0m  Card clickable / detail panel opens
    [92m✔[0m [92m[PASS][0m  Loc 2 · IMPROVED/DECLINED chip % readable  [2m+19.8%[0m
    [92m✔[0m [92m[PASS][0m  Loc 3 · Change in chapter average badge  [2m+19.8%[0m
    [92m✔[0m [92m[PASS][0m  Loc 4 · Why-text % (change or accuracy)  [2mchange%=+19.8%[0m
    [91m✘[0m [91m[FAIL][0m  Header accuracy badge readable  [2mNOT FOUND[0m
    [92m✔[0m [92m[PASS][0m  ✦ 4-Way Consistency Loc1==Loc2==Loc3==Loc4  [2mL1=+19.8%  L2=+19.8%  L3=+19.8%  L4=+19.8%[0m
    [92m✔[0m [92m[PASS][0m  'Why this chapter' heading present  [2mWhy this chapter improved[0m
    [92m✔[0m [92m[PASS][0m  Explanation body text present  [2mGreat progress! This chapter improved significantly by 19.8%…[0m
    [92m✔[0m [92m[PASS][0m  Midterm panel visible
    [92m✔[0m [92m[PASS][0m  Preboard 1 panel visible
    [92m✔[0m [92m[PASS][0m  ACCURACY label present
    [92m✔[0m [92m[PASS][0m  Weakest Concepts section
    [92m✔[0m [92m[PASS][0m  Strongest Concepts section
    [92m✔[0m [92m[PASS][0m  Struggling students label
    [92m✔[0m [92m[PASS][0m  Weak Concepts label
    [92m✔[0m [92m[PASS][0m  IMPROVED/DECLINED chip
    [92m✔[0m [92m[PASS][0m  Change in chapter average
        Midterm: acc=None  str=None (raw='None' el='None')  wk=None (raw='None' el='None')
        Midterm: weakest=[]
        Midterm: strongest=[]
    [92m✔[0m [92m[PASS][0m  [Midterm] Accuracy % readable  [2m28.9%[0m
    [92m✔[0m [92m[PASS][0m  [Midterm] Struggling students count  [2m17 students[0m
    [92m✔[0m [92m[PASS][0m  [Midterm] Weak Concepts count  [2m2 concepts[0m
    [92m✔[0m [92m[PASS][0m  [Midterm] Weakest Concepts list ≥ 1 item  [2m5 items: ['1\nMaxima & Minima real life Applications\n2\nRate of Change', '1\nMaxima & Minima real life Applications', 'Maxima & Minima real life Applications'][0m
    [92m✔[0m [92m[PASS][0m  [Midterm] Strongest Concepts list ≥ 1 item  [2m8 items[0m
      [2mMidterm:[0m  Accuracy=[92m[1m28.9%[0m  Struggling=[93m[1m17[0m  WeakConcepts=[96m2[0m
        Weakest : ['1\nMaxima & Minima real life Applications\n2\nRate of Change', '1\nMaxima & Minima real life Applications', 'Maxima & Minima real life Applications', '2\nRate of Change', 'Rate of Change']
        Strongest: ['Increasing & Decreasing Functions\n49%', 'Increasing & Decreasing Functions 49%', 'Preboard 1\nOct 11, 2025', 'Preboard 1', 'Oct 11, 2025', '48.7%\nACCURACY 48.7%', 'ACCURACY', 'Struggling students\n14\nWeak Concepts\n1']
        Preboard 1: acc=None  str=None (raw='None' el='None')  wk=None (raw='None' el='None')
        Preboard 1: weakest=[]
        Preboard 1: strongest=[]
    [92m✔[0m [92m[PASS][0m  [Preboard 1] Accuracy % readable  [2m48.7%[0m
    [92m✔[0m [92m[PASS][0m  [Preboard 1] Struggling students count  [2m14 students[0m
    [92m✔[0m [92m[PASS][0m  [Preboard 1] Weak Concepts count  [2m1 concepts[0m
    [92m✔[0m [92m[PASS][0m  [Preboard 1] Weakest Concepts list ≥ 1 item  [2m6 items: ['1\nMaxima & Minima real life Applications\nImproved', '1\nMaxima & Minima real life Applications', 'Maxima & Minima real life Applications'][0m
    [92m✔[0m [92m[PASS][0m  [Preboard 1] Strongest Concepts list ≥ 1 item  [2m8 items[0m
      [2mPreboard 1:[0m  Accuracy=[92m[1m48.7%[0m  Struggling=[93m[1m14[0m  WeakConcepts=[96m1[0m
        Weakest : ['1\nMaxima & Minima real life Applications\nImproved', '1\nMaxima & Minima real life Applications', 'Maxima & Minima real life Applications', 'Improved', '2\nMaxima & Minima\nNew', '2\nMaxima & Minima']
        Strongest: ['Rate of Change\n67%\nImproved', 'Rate of Change', '67%\nImproved 67% [Improved]', '↗ 19.8%\nIMPROVED', '↗ 19.8% [IMPROVED]', 'Premium Feature', 'Remediation Plan for this chapter', "Make sure you don't have to worry about this chapter again!"]
    [92m✔[0m [92m[PASS][0m  Concept pill badges present  [2m['Improved', 'New', 'IMPROVED'][0m

      [96m┌─ HEADER ACCURACY BADGE ──────────────────────────────────────┐[0m
      [96m│[0m Preboard 1 accuracy : [91m[1mNOT FOUND[0m
      [96m└────────────────────────────────────────────────────────────┘[0m

      [93m┌─ WHY SECTION ─────────────────────────────────────────────┐[0m
      [93m│[0m Heading : Why this chapter improved
      [93m│[0m Text    : Great progress! This chapter improved significantly by 19.8%. Students…
      [93m│[0m Change %: [92m[1m+19.8%[0m
      [93m└───────────────────────────────────────────────────────┘[0m

  [1m[92m▲  [97mContinuity & Differentiability[0m  [92m+10.6%[0m
  ─────────────────────────────────────────────────────────────────
    [92m✔[0m [92m[PASS][0m  Loc 1 · Card list badge % readable  [2m+10.6%[0m
    [92m✔[0m [92m[PASS][0m  Card clickable / detail panel opens
    [92m✔[0m [92m[PASS][0m  Loc 2 · IMPROVED/DECLINED chip % readable  [2m+10.6%[0m
    [92m✔[0m [92m[PASS][0m  Loc 3 · Change in chapter average badge  [2m+10.6%[0m
    [92m✔[0m [92m[PASS][0m  Loc 4 · Why-text % (change or accuracy)  [2mchange%=+10.6%[0m
    [91m✘[0m [91m[FAIL][0m  Header accuracy badge readable  [2mNOT FOUND[0m
    [92m✔[0m [92m[PASS][0m  ✦ 4-Way Consistency Loc1==Loc2==Loc3==Loc4  [2mL1=+10.6%  L2=+10.6%  L3=+10.6%  L4=+10.6%[0m
    [92m✔[0m [92m[PASS][0m  'Why this chapter' heading present  [2mWhy this chapter improved[0m
    [92m✔[0m [92m[PASS][0m  Explanation body text present  [2mGood improvement of 10.6% in this chapter. Students have str…[0m
    [92m✔[0m [92m[PASS][0m  Midterm panel visible
    [92m✔[0m [92m[PASS][0m  Preboard 1 panel visible
    [92m✔[0m [92m[PASS][0m  ACCURACY label present
    [92m✔[0m [92m[PASS][0m  Weakest Concepts section
    [92m✔[0m [92m[PASS][0m  Strongest Concepts section
    [92m✔[0m [92m[PASS][0m  Struggling students label
    [92m✔[0m [92m[PASS][0m  Weak Concepts label
    [92m✔[0m [92m[PASS][0m  IMPROVED/DECLINED chip
    [92m✔[0m [92m[PASS][0m  Change in chapter average
        Midterm: acc=None  str=None (raw='None' el='None')  wk=None (raw='None' el='None')
        Midterm: weakest=[]
        Midterm: strongest=[]
    [92m✔[0m [92m[PASS][0m  [Midterm] Accuracy % readable  [2m44.3%[0m
    [92m✔[0m [92m[PASS][0m  [Midterm] Struggling students count  [2m10 students[0m
    [92m✔[0m [92m[PASS][0m  [Midterm] Weak Concepts count  [2m1 concepts[0m
    [92m✔[0m [92m[PASS][0m  [Midterm] Weakest Concepts list ≥ 1 item  [2m6 items: ['1\nSecond Order Derivative', 'Second Order Derivative', '2\nContinuity'][0m
    [92m✔[0m [92m[PASS][0m  [Midterm] Strongest Concepts list ≥ 1 item  [2m8 items[0m
      [2mMidterm:[0m  Accuracy=[92m[1m44.3%[0m  Struggling=[93m[1m10[0m  WeakConcepts=[96m1[0m
        Weakest : ['1\nSecond Order Derivative', 'Second Order Derivative', '2\nContinuity', 'Continuity', '3\nExponential & Logarithmic Functions/Logarithmic Properties', 'Exponential & Logarithmic Functions/Logarithmic Properties']
        Strongest: ['Rules of Differentiations\n74%', 'Rules of Differentiations 74%', 'Parametric & Implicit Differentiation\n65%', 'Parametric & Implicit Differentiation 65%', 'Preboard 1\nOct 11, 2025', 'Preboard 1', 'Oct 11, 2025', '54.9%\nACCURACY 54.9%']
        Preboard 1: acc=None  str=None (raw='None' el='None')  wk=None (raw='None' el='None')
        Preboard 1: weakest=[]
        Preboard 1: strongest=[]
    [92m✔[0m [92m[PASS][0m  [Preboard 1] Accuracy % readable  [2m54.9%[0m
    [92m✔[0m [92m[PASS][0m  [Preboard 1] Struggling students count  [2m15 students[0m
    [92m✔[0m [92m[PASS][0m  [Preboard 1] Weak Concepts count  [2m2 concepts[0m
    [92m✔[0m [92m[PASS][0m  [Preboard 1] Weakest Concepts list ≥ 1 item  [2m6 items: ['1\nDerivatives of Inverse Trig Functions\nNew', '1\nDerivatives of Inverse Trig Functions', 'Derivatives of Inverse Trig Functions'][0m
    [92m✔[0m [92m[PASS][0m  [Preboard 1] Strongest Concepts list ≥ 1 item  [2m8 items[0m
      [2mPreboard 1:[0m  Accuracy=[92m[1m54.9%[0m  Struggling=[93m[1m15[0m  WeakConcepts=[96m2[0m
        Weakest : ['1\nDerivatives of Inverse Trig Functions\nNew', '1\nDerivatives of Inverse Trig Functions', 'Derivatives of Inverse Trig Functions', '2\nExponential & Logarithmic Functions/Logarithmic Properties', 'Exponential & Logarithmic Functions/Logarithmic Properties', '3\nSecond Order Derivative\nImproved']
        Strongest: ['Parametric & Implicit Differentiation\n74%\nImproved', 'Parametric & Implicit Differentiation', '74%\nImproved 74% [Improved]', 'Continuity\n63%\nImproved', 'Continuity', '63%\nImproved 63% [Improved]', '↗ 10.6%\nIMPROVED', '↗ 10.6% [IMPROVED]']
    [92m✔[0m [92m[PASS][0m  Concept pill badges present  [2m['Improved', 'New', 'IMPROVED'][0m

      [96m┌─ HEADER ACCURACY BADGE ──────────────────────────────────────┐[0m
      [96m│[0m Preboard 1 accuracy : [91m[1mNOT FOUND[0m
      [96m└────────────────────────────────────────────────────────────┘[0m

      [93m┌─ WHY SECTION ─────────────────────────────────────────────┐[0m
      [93m│[0m Heading : Why this chapter improved
      [93m│[0m Text    : Good improvement of 10.6% in this chapter. Students have strengthened …
      [93m│[0m Change %: [92m[1m+10.6%[0m
      [93m└───────────────────────────────────────────────────────┘[0m

  [1m[92m▲  [97mRelations & Functions[0m  [92m+9.5%[0m
  ─────────────────────────────────────────────────────────────────
    [92m✔[0m [92m[PASS][0m  Loc 1 · Card list badge % readable  [2m+9.5%[0m
    [92m✔[0m [92m[PASS][0m  Card clickable / detail panel opens
    [92m✔[0m [92m[PASS][0m  Loc 2 · IMPROVED/DECLINED chip % readable  [2m+9.5%[0m
    [92m✔[0m [92m[PASS][0m  Loc 3 · Change in chapter average badge  [2m+9.5%[0m
    [92m✔[0m [92m[PASS][0m  Loc 4 · Why-text % (change or accuracy)  [2mchange%=+9.5%[0m
    [91m✘[0m [91m[FAIL][0m  Header accuracy badge readable  [2mNOT FOUND[0m
    [92m✔[0m [92m[PASS][0m  ✦ 4-Way Consistency Loc1==Loc2==Loc3==Loc4  [2mL1=+9.5%  L2=+9.5%  L3=+9.5%  L4=+9.5%[0m
    [92m✔[0m [92m[PASS][0m  'Why this chapter' heading present  [2mWhy this chapter improved[0m
    [92m✔[0m [92m[PASS][0m  Explanation body text present  [2mSlight improvement of 9.5% as students are making progress. …[0m
    [92m✔[0m [92m[PASS][0m  Midterm panel visible
    [92m✔[0m [92m[PASS][0m  Preboard 1 panel visible
    [92m✔[0m [92m[PASS][0m  ACCURACY label present
    [92m✔[0m [92m[PASS][0m  Weakest Concepts section
    [92m✔[0m [92m[PASS][0m  Strongest Concepts section
    [92m✔[0m [92m[PASS][0m  Struggling students label
    [92m✔[0m [92m[PASS][0m  Weak Concepts label
    [92m✔[0m [92m[PASS][0m  IMPROVED/DECLINED chip
    [92m✔[0m [92m[PASS][0m  Change in chapter average
        Midterm: acc=None  str=None (raw='None' el='None')  wk=None (raw='None' el='None')
        Midterm: weakest=[]
        Midterm: strongest=[]
    [92m✔[0m [92m[PASS][0m  [Midterm] Accuracy % readable  [2m44.3%[0m
    [92m✔[0m [92m[PASS][0m  [Midterm] Struggling students count  [2m12 students[0m
    [92m✔[0m [92m[PASS][0m  [Midterm] Weak Concepts count  [2m1 concepts[0m
    [92m✔[0m [92m[PASS][0m  [Midterm] Weakest Concepts list ≥ 1 item  [2m2 items: ['1\nTypes of Relations', 'Types of Relations'][0m
    [92m✔[0m [92m[PASS][0m  [Midterm] Strongest Concepts list ≥ 1 item  [2m8 items[0m
      [2mMidterm:[0m  Accuracy=[92m[1m44.3%[0m  Struggling=[93m[1m12[0m  WeakConcepts=[96m1[0m
        Weakest : ['1\nTypes of Relations', 'Types of Relations']
        Strongest: ['Types of Functions\n58%', 'Types of Functions 58%', 'Preboard 1\nOct 11, 2025', 'Preboard 1', 'Oct 11, 2025', '53.8%\nACCURACY 53.8%', 'ACCURACY', 'Struggling students\n16\nWeak Concepts\n0']
        Preboard 1: acc=None  str=None (raw='None' el='None')  wk=None (raw='None' el='None')
        Preboard 1: weakest=[]
        Preboard 1: strongest=[]
    [92m✔[0m [92m[PASS][0m  [Preboard 1] Accuracy % readable  [2m53.8%[0m
    [92m✔[0m [92m[PASS][0m  [Preboard 1] Struggling students count  [2m16 students[0m
    [92m✔[0m [92m[PASS][0m  [Preboard 1] Weak Concepts count  [2m0 concepts[0m
    [92m✔[0m [92m[PASS][0m  [Preboard 1] Weakest Concepts list ≥ 1 item  [2m2 items: ['1\nTypes of Functions', 'Types of Functions'][0m
    [92m✔[0m [92m[PASS][0m  [Preboard 1] Strongest Concepts list ≥ 1 item  [2m8 items[0m
      [2mPreboard 1:[0m  Accuracy=[92m[1m53.8%[0m  Struggling=[93m[1m16[0m  WeakConcepts=[96m0[0m
        Weakest : ['1\nTypes of Functions', 'Types of Functions']
        Strongest: ['Types of Relations\n82%\nImproved', 'Types of Relations', '82%\nImproved 82% [Improved]', '↗ 9.5%\nIMPROVED', '↗ 9.5% [IMPROVED]', 'Premium Feature', 'Remediation Plan for this chapter', "Make sure you don't have to worry about this chapter again!"]
    [92m✔[0m [92m[PASS][0m  Concept pill badges present  [2m['Improved', 'IMPROVED'][0m

      [96m┌─ HEADER ACCURACY BADGE ──────────────────────────────────────┐[0m
      [96m│[0m Preboard 1 accuracy : [91m[1mNOT FOUND[0m
      [96m└────────────────────────────────────────────────────────────┘[0m

      [93m┌─ WHY SECTION ─────────────────────────────────────────────┐[0m
      [93m│[0m Heading : Why this chapter improved
      [93m│[0m Text    : Slight improvement of 9.5% as students are making progress. Students h…
      [93m│[0m Change %: [92m[1m+9.5%[0m
      [93m└───────────────────────────────────────────────────────┘[0m

  [1m[92m▲  [97mIntegrals[0m  [92m+4.8%[0m
  ─────────────────────────────────────────────────────────────────
    [92m✔[0m [92m[PASS][0m  Loc 1 · Card list badge % readable  [2m+4.8%[0m
    [92m✔[0m [92m[PASS][0m  Card clickable / detail panel opens
    [92m✔[0m [92m[PASS][0m  Loc 2 · IMPROVED/DECLINED chip % readable  [2m+4.8%[0m
    [92m✔[0m [92m[PASS][0m  Loc 3 · Change in chapter average badge  [2m+4.8%[0m
    [92m✔[0m [92m[PASS][0m  Loc 4 · Why-text % (change or accuracy)  [2mchange%=+4.8%[0m
    [91m✘[0m [91m[FAIL][0m  Header accuracy badge readable  [2mNOT FOUND[0m
    [92m✔[0m [92m[PASS][0m  ✦ 4-Way Consistency Loc1==Loc2==Loc3==Loc4  [2mL1=+4.8%  L2=+4.8%  L3=+4.8%  L4=+4.8%[0m
    [92m✔[0m [92m[PASS][0m  'Why this chapter' heading present  [2mWhy this chapter improved[0m
    [92m✔[0m [92m[PASS][0m  Explanation body text present  [2mSlight improvement of 4.8% as students are making progress. …[0m
    [92m✔[0m [92m[PASS][0m  Midterm panel visible
    [92m✔[0m [92m[PASS][0m  Preboard 1 panel visible
    [92m✔[0m [92m[PASS][0m  ACCURACY label present
    [92m✔[0m [92m[PASS][0m  Weakest Concepts section
    [92m✔[0m [92m[PASS][0m  Strongest Concepts section
    [92m✔[0m [92m[PASS][0m  Struggling students label
    [92m✔[0m [92m[PASS][0m  Weak Concepts label
    [92m✔[0m [92m[PASS][0m  IMPROVED/DECLINED chip
    [92m✔[0m [92m[PASS][0m  Change in chapter average
        Midterm: acc=None  str=None (raw='None' el='None')  wk=None (raw='None' el='None')
        Midterm: weakest=[]
        Midterm: strongest=[]
    [92m✔[0m [92m[PASS][0m  [Midterm] Accuracy % readable  [2m29.3%[0m
    [92m✔[0m [92m[PASS][0m  [Midterm] Struggling students count  [2m15 students[0m
    [92m✔[0m [92m[PASS][0m  [Midterm] Weak Concepts count  [2m3 concepts[0m
    [92m✔[0m [92m[PASS][0m  [Midterm] Weakest Concepts list ≥ 1 item  [2m6 items: ['1\nPartial Fractions', 'Partial Fractions', '2\nIntegration by Parts'][0m
    [92m✔[0m [92m[PASS][0m  [Midterm] Strongest Concepts list ≥ 1 item  [2m8 items[0m
      [2mMidterm:[0m  Accuracy=[92m[1m29.3%[0m  Struggling=[93m[1m15[0m  WeakConcepts=[96m3[0m
        Weakest : ['1\nPartial Fractions', 'Partial Fractions', '2\nIntegration by Parts', 'Integration by Parts', '3\nProperties of Definite Integrals', 'Properties of Definite Integrals']
        Strongest: ['Rules of integrals\n63%', 'Rules of integrals 63%', 'Definite Integrals\n57%', 'Definite Integrals 57%', 'Integration by Substitution\n42%', 'Integration by Substitution 42%', 'Preboard 1\nOct 11, 2025', 'Preboard 1']
        Preboard 1: acc=None  str=None (raw='None' el='None')  wk=None (raw='None' el='None')
        Preboard 1: weakest=[]
        Preboard 1: strongest=[]
    [92m✔[0m [92m[PASS][0m  [Preboard 1] Accuracy % readable  [2m34.1%[0m
    [92m✔[0m [92m[PASS][0m  [Preboard 1] Struggling students count  [2m21 students[0m
    [92m✔[0m [92m[PASS][0m  [Preboard 1] Weak Concepts count  [2m2 concepts[0m
    [92m✔[0m [92m[PASS][0m  [Preboard 1] Weakest Concepts list ≥ 1 item  [2m5 items: ['1\nIntegration by Substitution\n2\nRules of integrals', '1\nIntegration by Substitution', 'Integration by Substitution'][0m
    [92m✔[0m [92m[PASS][0m  [Preboard 1] Strongest Concepts list ≥ 1 item  [2m8 items[0m
      [2mPreboard 1:[0m  Accuracy=[92m[1m34.1%[0m  Struggling=[93m[1m21[0m  WeakConcepts=[96m2[0m
        Weakest : ['1\nIntegration by Substitution\n2\nRules of integrals', '1\nIntegration by Substitution', 'Integration by Substitution', '2\nRules of integrals', 'Rules of integrals']
        Strongest: ['Partial Fractions\n59%\nImproved', 'Partial Fractions', '59%\nImproved 59% [Improved]', 'Indefinite Integrals (Anti derivatives)\n47%\nNew', 'Indefinite Integrals (Anti derivatives)', '47%\nNew 47% [New]', '↗ 4.8%\nIMPROVED', '↗ 4.8% [IMPROVED]']
    [92m✔[0m [92m[PASS][0m  Concept pill badges present  [2m['Improved', 'New', 'IMPROVED'][0m

      [96m┌─ HEADER ACCURACY BADGE ──────────────────────────────────────┐[0m
      [96m│[0m Preboard 1 accuracy : [91m[1mNOT FOUND[0m
      [96m└────────────────────────────────────────────────────────────┘[0m

      [93m┌─ WHY SECTION ─────────────────────────────────────────────┐[0m
      [93m│[0m Heading : Why this chapter improved
      [93m│[0m Text    : Slight improvement of 4.8% as students are making progress. Students h…
      [93m│[0m Change %: [92m[1m+4.8%[0m
      [93m└───────────────────────────────────────────────────────┘[0m

  [1m[92m▲  [97mApplication of Integrals[0m  [92m+2.8%[0m
  ─────────────────────────────────────────────────────────────────
    [92m✔[0m [92m[PASS][0m  Loc 1 · Card list badge % readable  [2m+2.8%[0m
    [92m✔[0m [92m[PASS][0m  Card clickable / detail panel opens
    [92m✔[0m [92m[PASS][0m  Loc 2 · IMPROVED/DECLINED chip % readable  [2m+2.8%[0m
    [92m✔[0m [92m[PASS][0m  Loc 3 · Change in chapter average badge  [2m+2.8%[0m
    [92m✔[0m [92m[PASS][0m  Loc 4 · Why-text % (change or accuracy)  [2mchange%=+2.8%[0m
    [91m✘[0m [91m[FAIL][0m  Header accuracy badge readable  [2mNOT FOUND[0m
    [92m✔[0m [92m[PASS][0m  ✦ 4-Way Consistency Loc1==Loc2==Loc3==Loc4  [2mL1=+2.8%  L2=+2.8%  L3=+2.8%  L4=+2.8%[0m
    [92m✔[0m [92m[PASS][0m  'Why this chapter' heading present  [2mWhy this chapter improved[0m
    [92m✔[0m [92m[PASS][0m  Explanation body text present  [2mSlight improvement of 2.8% as students are making progress. …[0m
    [92m✔[0m [92m[PASS][0m  Midterm panel visible
    [92m✔[0m [92m[PASS][0m  Preboard 1 panel visible
    [92m✔[0m [92m[PASS][0m  ACCURACY label present
    [92m✔[0m [92m[PASS][0m  Weakest Concepts section
    [92m✔[0m [92m[PASS][0m  Strongest Concepts section
    [92m✔[0m [92m[PASS][0m  Struggling students label
    [92m✔[0m [92m[PASS][0m  Weak Concepts label
    [92m✔[0m [92m[PASS][0m  IMPROVED/DECLINED chip
    [92m✔[0m [92m[PASS][0m  Change in chapter average
        Midterm: acc=None  str=None (raw='None' el='None')  wk=None (raw='None' el='None')
        Midterm: weakest=[]
        Midterm: strongest=[]
    [92m✔[0m [92m[PASS][0m  [Midterm] Accuracy % readable  [2m47.8%[0m
    [92m✔[0m [92m[PASS][0m  [Midterm] Struggling students count  [2m9 students[0m
    [92m✔[0m [92m[PASS][0m  [Midterm] Weak Concepts count  [2m0 concepts[0m
    [92m✔[0m [92m[PASS][0m  [Midterm] Weakest Concepts list ≥ 1 item  [2m2 items: ['1\nArea under Curves', 'Area under Curves'][0m
    [92m✔[0m [92m[PASS][0m  [Midterm] Strongest Concepts list ≥ 1 item  [2m8 items[0m
      [2mMidterm:[0m  Accuracy=[92m[1m47.8%[0m  Struggling=[93m[1m9[0m  WeakConcepts=[96m0[0m
        Weakest : ['1\nArea under Curves', 'Area under Curves']
        Strongest: ['No Strongest Concepts Available', 'Preboard 1\nOct 11, 2025', 'Preboard 1', 'Oct 11, 2025', '50.6%\nACCURACY 50.6%', 'ACCURACY', 'Struggling students\n16\nWeak Concepts\n0', 'Struggling students\n16']
        Preboard 1: acc=None  str=None (raw='None' el='None')  wk=None (raw='None' el='None')
        Preboard 1: weakest=[]
        Preboard 1: strongest=[]
    [92m✔[0m [92m[PASS][0m  [Preboard 1] Accuracy % readable  [2m50.6%[0m
    [92m✔[0m [92m[PASS][0m  [Preboard 1] Struggling students count  [2m16 students[0m
    [92m✔[0m [92m[PASS][0m  [Preboard 1] Weak Concepts count  [2m0 concepts[0m
    [92m✔[0m [92m[PASS][0m  [Preboard 1] Weakest Concepts list ≥ 1 item  [2m4 items: ['1\nArea under Curves\nImproved', '1\nArea under Curves', 'Area under Curves'][0m
    [92m✔[0m [92m[PASS][0m  [Preboard 1] Strongest Concepts list ≥ 1 item  [2m8 items[0m
      [2mPreboard 1:[0m  Accuracy=[92m[1m50.6%[0m  Struggling=[93m[1m16[0m  WeakConcepts=[96m0[0m
        Weakest : ['1\nArea under Curves\nImproved', '1\nArea under Curves', 'Area under Curves', 'Improved']
        Strongest: ['No Strongest Concepts Available', '↗ 2.8%\nIMPROVED', '↗ 2.8% [IMPROVED]', 'Premium Feature', 'Remediation Plan for this chapter', "Make sure you don't have to worry about this chapter again!", 'Create Lesson Plans\nAccess Teaching Materials', 'Create Lesson Plans']
    [92m✔[0m [92m[PASS][0m  Concept pill badges present  [2m['Improved', 'IMPROVED'][0m

      [96m┌─ HEADER ACCURACY BADGE ──────────────────────────────────────┐[0m
      [96m│[0m Preboard 1 accuracy : [91m[1mNOT FOUND[0m
      [96m└────────────────────────────────────────────────────────────┘[0m

      [93m┌─ WHY SECTION ─────────────────────────────────────────────┐[0m
      [93m│[0m Heading : Why this chapter improved
      [93m│[0m Text    : Slight improvement of 2.8% as students are making progress. Students h…
      [93m│[0m Change %: [92m[1m+2.8%[0m
      [93m└───────────────────────────────────────────────────────┘[0m

  [1m[91m▼  [97mLinear Programming[0m  [91m-2.4%[0m
  ─────────────────────────────────────────────────────────────────
    [92m✔[0m [92m[PASS][0m  Loc 1 · Card list badge % readable  [2m-2.4%[0m
    [92m✔[0m [92m[PASS][0m  Card clickable / detail panel opens
    [92m✔[0m [92m[PASS][0m  Loc 2 · IMPROVED/DECLINED chip % readable  [2m-2.4%[0m
    [92m✔[0m [92m[PASS][0m  Loc 3 · Change in chapter average badge  [2m-2.4%[0m
    [92m✔[0m [92m[PASS][0m  Loc 4 · Why-text % (change or accuracy)  [2mchange%=-2.4%[0m
    [91m✘[0m [91m[FAIL][0m  Header accuracy badge readable  [2mNOT FOUND[0m
    [92m✔[0m [92m[PASS][0m  ✦ 4-Way Consistency Loc1==Loc2==Loc3==Loc4  [2mL1=-2.4%  L2=-2.4%  L3=-2.4%  L4=-2.4%[0m
    [92m✔[0m [92m[PASS][0m  'Why this chapter' heading present  [2mWhy this chapter declined[0m
    [92m✔[0m [92m[PASS][0m  Explanation body text present  [2mThere was a slight decline of 2.4% in this chapter. Struggli…[0m
    [92m✔[0m [92m[PASS][0m  Midterm panel visible
    [92m✔[0m [92m[PASS][0m  Preboard 1 panel visible
    [92m✔[0m [92m[PASS][0m  ACCURACY label present
    [92m✔[0m [92m[PASS][0m  Weakest Concepts section
    [92m✔[0m [92m[PASS][0m  Strongest Concepts section
    [92m✔[0m [92m[PASS][0m  Struggling students label
    [92m✔[0m [92m[PASS][0m  Weak Concepts label
    [92m✔[0m [92m[PASS][0m  IMPROVED/DECLINED chip
    [92m✔[0m [92m[PASS][0m  Change in chapter average
        Midterm: acc=None  str=None (raw='None' el='None')  wk=None (raw='None' el='None')
        Midterm: weakest=[]
        Midterm: strongest=[]
    [92m✔[0m [92m[PASS][0m  [Midterm] Accuracy % readable  [2m55.3%[0m
    [92m✔[0m [92m[PASS][0m  [Midterm] Struggling students count  [2m8 students[0m
    [92m✔[0m [92m[PASS][0m  [Midterm] Weak Concepts count  [2m0 concepts[0m
    [92m✔[0m [92m[PASS][0m  [Midterm] Weakest Concepts list ≥ 1 item  [2m2 items: ['1\nGraphical method of solution for problems in two variables', 'Graphical method of solution for problems in two variables'][0m
    [92m✔[0m [92m[PASS][0m  [Midterm] Strongest Concepts list ≥ 1 item  [2m8 items[0m
      [2mMidterm:[0m  Accuracy=[92m[1m55.3%[0m  Struggling=[93m[1m8[0m  WeakConcepts=[96m0[0m
        Weakest : ['1\nGraphical method of solution for problems in two variables', 'Graphical method of solution for problems in two variables']
        Strongest: ['Feasible Region\n63%', 'Feasible Region 63%', 'Preboard 1\nOct 11, 2025', 'Preboard 1', 'Oct 11, 2025', '52.9%\nACCURACY 52.9%', 'ACCURACY', 'Struggling students\n12\nWeak Concepts\n0']
        Preboard 1: acc=None  str=None (raw='None' el='None')  wk=None (raw='None' el='None')
        Preboard 1: weakest=[]
        Preboard 1: strongest=[]
    [92m✔[0m [92m[PASS][0m  [Preboard 1] Accuracy % readable  [2m52.9%[0m
    [92m✔[0m [92m[PASS][0m  [Preboard 1] Struggling students count  [2m12 students[0m
    [92m✔[0m [92m[PASS][0m  [Preboard 1] Weak Concepts count  [2m0 concepts[0m
    [92m✔[0m [92m[PASS][0m  [Preboard 1] Weakest Concepts list ≥ 1 item  [2m2 items: ['1\nGraphical method of solution for problems in two variables', 'Graphical method of solution for problems in two variables'][0m
    [92m✔[0m [92m[PASS][0m  [Preboard 1] Strongest Concepts list ≥ 1 item  [2m8 items[0m
      [2mPreboard 1:[0m  Accuracy=[92m[1m52.9%[0m  Struggling=[93m[1m12[0m  WeakConcepts=[96m0[0m
        Weakest : ['1\nGraphical method of solution for problems in two variables', 'Graphical method of solution for problems in two variables']
        Strongest: ['Objective Function\n65%\nNew', 'Objective Function', '65%\nNew 65% [New]', '↘ 2.4%\nDECLINED', '↘ 2.4% [DECLINED]', 'Premium Feature', 'Remediation Plan for this chapter', "Make sure you don't have to worry about this chapter again!"]
    [92m✔[0m [92m[PASS][0m  Concept pill badges present  [2m['DECLINED', 'New'][0m

      [96m┌─ HEADER ACCURACY BADGE ──────────────────────────────────────┐[0m
      [96m│[0m Preboard 1 accuracy : [91m[1mNOT FOUND[0m
      [96m└────────────────────────────────────────────────────────────┘[0m

      [93m┌─ WHY SECTION ─────────────────────────────────────────────┐[0m
      [93m│[0m Heading : Why this chapter declined
      [93m│[0m Text    : There was a slight decline of 2.4% in this chapter. Struggling student…
      [93m│[0m Change %: [91m[1m-2.4%[0m
      [93m└───────────────────────────────────────────────────────┘[0m

  [1m[91m▼  [97mInverse Trigonometric Functions[0m  [91m-5.8%[0m
  ─────────────────────────────────────────────────────────────────
    [92m✔[0m [92m[PASS][0m  Loc 1 · Card list badge % readable  [2m-5.8%[0m
    [92m✔[0m [92m[PASS][0m  Card clickable / detail panel opens
    [92m✔[0m [92m[PASS][0m  Loc 2 · IMPROVED/DECLINED chip % readable  [2m-5.8%[0m
    [92m✔[0m [92m[PASS][0m  Loc 3 · Change in chapter average badge  [2m-5.8%[0m
    [92m✔[0m [92m[PASS][0m  Loc 4 · Why-text % (change or accuracy)  [2mchange%=-5.8%[0m
    [91m✘[0m [91m[FAIL][0m  Header accuracy badge readable  [2mNOT FOUND[0m
    [92m✔[0m [92m[PASS][0m  ✦ 4-Way Consistency Loc1==Loc2==Loc3==Loc4  [2mL1=-5.8%  L2=-5.8%  L3=-5.8%  L4=-5.8%[0m
    [92m✔[0m [92m[PASS][0m  'Why this chapter' heading present  [2mWhy this chapter declined[0m
    [92m✔[0m [92m[PASS][0m  Explanation body text present  [2mThere was a slight decline of 5.8% in this chapter. Struggli…[0m
    [92m✔[0m [92m[PASS][0m  Midterm panel visible
    [92m✔[0m [92m[PASS][0m  Preboard 1 panel visible
    [92m✔[0m [92m[PASS][0m  ACCURACY label present
    [92m✔[0m [92m[PASS][0m  Weakest Concepts section
    [92m✔[0m [92m[PASS][0m  Strongest Concepts section
    [92m✔[0m [92m[PASS][0m  Struggling students label
    [92m✔[0m [92m[PASS][0m  Weak Concepts label
    [92m✔[0m [92m[PASS][0m  IMPROVED/DECLINED chip
    [92m✔[0m [92m[PASS][0m  Change in chapter average
        Midterm: acc=None  str=None (raw='None' el='None')  wk=None (raw='None' el='None')
        Midterm: weakest=[]
        Midterm: strongest=[]
    [92m✔[0m [92m[PASS][0m  [Midterm] Accuracy % readable  [2m67.1%[0m
    [92m✔[0m [92m[PASS][0m  [Midterm] Struggling students count  [2m4 students[0m
    [92m✔[0m [92m[PASS][0m  [Midterm] Weak Concepts count  [2m0 concepts[0m
    [92m✔[0m [92m[PASS][0m  [Midterm] Weakest Concepts list ≥ 1 item  [2m2 items: ['1\nPrincipal Values (Domain and Range)', 'Principal Values (Domain and Range)'][0m
    [92m✔[0m [92m[PASS][0m  [Midterm] Strongest Concepts list ≥ 1 item  [2m8 items[0m
      [2mMidterm:[0m  Accuracy=[92m[1m67.1%[0m  Struggling=[93m[1m4[0m  WeakConcepts=[96m0[0m
        Weakest : ['1\nPrincipal Values (Domain and Range)', 'Principal Values (Domain and Range)']
        Strongest: ['Algebra of Inverse Trig Functions\n71%', 'Algebra of Inverse Trig Functions 71%', 'Preboard 1\nOct 11, 2025', 'Preboard 1', 'Oct 11, 2025', '61.3%\nACCURACY 61.3%', 'ACCURACY', 'Struggling students\n12\nWeak Concepts\n0']
        Preboard 1: acc=None  str=None (raw='None' el='None')  wk=None (raw='None' el='None')
        Preboard 1: weakest=[]
        Preboard 1: strongest=[]
    [92m✔[0m [92m[PASS][0m  [Preboard 1] Accuracy % readable  [2m61.3%[0m
    [92m✔[0m [92m[PASS][0m  [Preboard 1] Struggling students count  [2m12 students[0m
    [92m✔[0m [92m[PASS][0m  [Preboard 1] Weak Concepts count  [2m0 concepts[0m
    [92m✔[0m [92m[PASS][0m  [Preboard 1] Weakest Concepts list ≥ 1 item  [2m2 items: ['1\nAlgebra of Inverse Trig Functions', 'Algebra of Inverse Trig Functions'][0m
    [92m✔[0m [92m[PASS][0m  [Preboard 1] Strongest Concepts list ≥ 1 item  [2m8 items[0m
      [2mPreboard 1:[0m  Accuracy=[92m[1m61.3%[0m  Struggling=[93m[1m12[0m  WeakConcepts=[96m0[0m
        Weakest : ['1\nAlgebra of Inverse Trig Functions', 'Algebra of Inverse Trig Functions']
        Strongest: ['Principal Values (Domain and Range)\n65%\nImproved', 'Principal Values (Domain and Range)', '65%\nImproved 65% [Improved]', '↘ 5.8%\nDECLINED', '↘ 5.8% [DECLINED]', 'Premium Feature', 'Remediation Plan for this chapter', "Make sure you don't have to worry about this chapter again!"]
    [92m✔[0m [92m[PASS][0m  Concept pill badges present  [2m['Improved', 'DECLINED'][0m

      [96m┌─ HEADER ACCURACY BADGE ──────────────────────────────────────┐[0m
      [96m│[0m Preboard 1 accuracy : [91m[1mNOT FOUND[0m
      [96m└────────────────────────────────────────────────────────────┘[0m

      [93m┌─ WHY SECTION ─────────────────────────────────────────────┐[0m
      [93m│[0m Heading : Why this chapter declined
      [93m│[0m Text    : There was a slight decline of 5.8% in this chapter. Struggling student…
      [93m│[0m Change %: [91m[1m-5.8%[0m
      [93m└───────────────────────────────────────────────────────┘[0m

  [1m[91m▼  [97mMatrices[0m  [91m-11.6%[0m
  ─────────────────────────────────────────────────────────────────
    [92m✔[0m [92m[PASS][0m  Loc 1 · Card list badge % readable  [2m-11.6%[0m
    [92m✔[0m [92m[PASS][0m  Card clickable / detail panel opens
    [92m✔[0m [92m[PASS][0m  Loc 2 · IMPROVED/DECLINED chip % readable  [2m-11.6%[0m
    [92m✔[0m [92m[PASS][0m  Loc 3 · Change in chapter average badge  [2m-11.6%[0m
    [92m✔[0m [92m[PASS][0m  Loc 4 · Why-text % (change or accuracy)  [2mchange%=-11.6%[0m
    [91m✘[0m [91m[FAIL][0m  Header accuracy badge readable  [2mNOT FOUND[0m
    [92m✔[0m [92m[PASS][0m  ✦ 4-Way Consistency Loc1==Loc2==Loc3==Loc4  [2mL1=-11.6%  L2=-11.6%  L3=-11.6%  L4=-11.6%[0m
    [92m✔[0m [92m[PASS][0m  'Why this chapter' heading present  [2mWhy this chapter declined[0m
    [92m✔[0m [92m[PASS][0m  Explanation body text present  [2mPerformance declined by 11.6% compared to Midterm. 'Transpos…[0m
    [92m✔[0m [92m[PASS][0m  Midterm panel visible
    [92m✔[0m [92m[PASS][0m  Preboard 1 panel visible
    [92m✔[0m [92m[PASS][0m  ACCURACY label present
    [92m✔[0m [92m[PASS][0m  Weakest Concepts section
    [92m✔[0m [92m[PASS][0m  Strongest Concepts section
    [92m✔[0m [92m[PASS][0m  Struggling students label
    [92m✔[0m [92m[PASS][0m  Weak Concepts label
    [92m✔[0m [92m[PASS][0m  IMPROVED/DECLINED chip
    [92m✔[0m [92m[PASS][0m  Change in chapter average
        Midterm: acc=None  str=None (raw='None' el='None')  wk=None (raw='None' el='None')
        Midterm: weakest=[]
        Midterm: strongest=[]
    [92m✔[0m [92m[PASS][0m  [Midterm] Accuracy % readable  [2m64.5%[0m
    [92m✔[0m [92m[PASS][0m  [Midterm] Struggling students count  [2m4 students[0m
    [92m✔[0m [92m[PASS][0m  [Midterm] Weak Concepts count  [2m0 concepts[0m
    [92m✔[0m [92m[PASS][0m  [Midterm] Weakest Concepts list ≥ 1 item  [2m5 items: ['1\nTranspose, Symmetric & Skew-symmetric\n2\nInverse Matrices', '1\nTranspose, Symmetric & Skew-symmetric', 'Transpose, Symmetric & Skew-symmetric'][0m
    [92m✔[0m [92m[PASS][0m  [Midterm] Strongest Concepts list ≥ 1 item  [2m8 items[0m
      [2mMidterm:[0m  Accuracy=[92m[1m64.5%[0m  Struggling=[93m[1m4[0m  WeakConcepts=[96m0[0m
        Weakest : ['1\nTranspose, Symmetric & Skew-symmetric\n2\nInverse Matrices', '1\nTranspose, Symmetric & Skew-symmetric', 'Transpose, Symmetric & Skew-symmetric', '2\nInverse Matrices', 'Inverse Matrices']
        Strongest: ['Matrix Operations\n71%\nBasics & Types of Matrices\n68%', 'Matrix Operations\n71%', 'Matrix Operations 62%', 'Basics & Types of Matrices\n68%', 'Basics & Types of Matrices 68%', 'Preboard 1\nOct 11, 2025', 'Preboard 1', 'Oct 11, 2025']
        Preboard 1: acc=None  str=None (raw='None' el='None')  wk=None (raw='None' el='None')
        Preboard 1: weakest=[]
        Preboard 1: strongest=[]
    [92m✔[0m [92m[PASS][0m  [Preboard 1] Accuracy % readable  [2m52.9%[0m
    [92m✔[0m [92m[PASS][0m  [Preboard 1] Struggling students count  [2m11 students[0m
    [92m✔[0m [92m[PASS][0m  [Preboard 1] Weak Concepts count  [2m0 concepts[0m
    [92m✔[0m [92m[PASS][0m  [Preboard 1] Weakest Concepts list ≥ 1 item  [2m2 items: ['1\nTranspose, Symmetric & Skew-symmetric', 'Transpose, Symmetric & Skew-symmetric'][0m
    [92m✔[0m [92m[PASS][0m  [Preboard 1] Strongest Concepts list ≥ 1 item  [2m8 items[0m
      [2mPreboard 1:[0m  Accuracy=[92m[1m52.9%[0m  Struggling=[93m[1m11[0m  WeakConcepts=[96m0[0m
        Weakest : ['1\nTranspose, Symmetric & Skew-symmetric', 'Transpose, Symmetric & Skew-symmetric']
        Strongest: ['Matrix Operations\n62%', 'Matrix Operations 62%', '↘ 11.6%\nDECLINED', '↘ 11.6% [DECLINED]', 'Premium Feature', 'Remediation Plan for this chapter', "Make sure you don't have to worry about this chapter again!", 'Create Lesson Plans\nAccess Teaching Materials']
    [92m✔[0m [92m[PASS][0m  Concept pill badges present  [2m['DECLINED'][0m

      [96m┌─ HEADER ACCURACY BADGE ──────────────────────────────────────┐[0m
      [96m│[0m Preboard 1 accuracy : [91m[1mNOT FOUND[0m
      [96m└────────────────────────────────────────────────────────────┘[0m

      [93m┌─ WHY SECTION ─────────────────────────────────────────────┐[0m
      [93m│[0m Heading : Why this chapter declined
      [93m│[0m Text    : Performance declined by 11.6% compared to Midterm. 'Transpose, Symmetr…
      [93m│[0m Change %: [91m[1m-11.6%[0m
      [93m└───────────────────────────────────────────────────────┘[0m

[1m[96m════════════════════════════════════════════════════════════════════════
  PHASE 6  ▶  [97mSEARCH BOX FUNCTIONALITY
════════════════════════════════════════════════════════════════════════[0m
    [92m✔[0m [92m[PASS][0m  Search input element present  [2mSearch chapter...[0m
    [92m✔[0m [92m[PASS][0m  Search 'Determinants' → target visible
    [92m✔[0m [92m[PASS][0m  Search filters non-matching
    [91m✘[0m [91m[FAIL][0m  Search cleared → all restored  [2mmissing 2[0m
    [92m✔[0m [92m[PASS][0m  No-match query → cards hidden

[1m[96m════════════════════════════════════════════════════════════════════════
  PHASE 7  ▶  [97mSTATIC UI LABELS
════════════════════════════════════════════════════════════════════════[0m
    [92m✔[0m [92m[PASS][0m  Sort label 'Chapter Avg'
    [92m✔[0m [92m[PASS][0m  Nav tab 'Overview'
    [92m✔[0m [92m[PASS][0m  Nav tab 'Chapters'
    [92m✔[0m [92m[PASS][0m  Nav tab 'Questions'
    [92m✔[0m [92m[PASS][0m  Nav tab 'Students'
    [92m✔[0m [92m[PASS][0m  'Midterm' header
    [92m✔[0m [92m[PASS][0m  'Preboard 1' header
    [92m✔[0m [92m[PASS][0m  'ACCURACY' label
    [92m✔[0m [92m[PASS][0m  'Struggling students' label
    [92m✔[0m [92m[PASS][0m  'Weak Concepts' label
    [92m✔[0m [92m[PASS][0m  'Weakest Concepts' section
    [92m✔[0m [92m[PASS][0m  'Strongest Concepts' section
    [92m✔[0m [92m[PASS][0m  'Why this chapter' heading
    [92m✔[0m [92m[PASS][0m  IMPROVED/DECLINED chip
    [92m✔[0m [92m[PASS][0m  'Change in chapter average' label
    [92m✔[0m [92m[PASS][0m  Concept pill badges
    [92m✔[0m [92m[PASS][0m  Header accuracy badge

[1m[96m════════════════════════════════════════════════════════════════════════
  PHASE 8  ▶  [97mEXCEL VALIDATION
════════════════════════════════════════════════════════════════════════[0m
    [92m✔[0m [92m[PASS][0m  Excel match 'Determinants'  [2mDeterminants[0m
    [92m✔[0m [92m[PASS][0m  Excel match 'Application of Derivatives'  [2mApplication of Derivatives[0m
    [92m✔[0m [92m[PASS][0m  Excel match 'Continuity & Differentiability'  [2mContinuity & Differentiability[0m
    [92m✔[0m [92m[PASS][0m  Excel match 'Relations & Functions'  [2mRelations & Functions[0m
    [92m✔[0m [92m[PASS][0m  Excel match 'Integrals'  [2mIntegrals[0m
    [92m✔[0m [92m[PASS][0m  Excel match 'Application of Integrals'  [2mApplication of Integrals[0m
    [92m✔[0m [92m[PASS][0m  Excel match 'Linear Programming'  [2mLinear Programming[0m
    [92m✔[0m [92m[PASS][0m  Excel match 'Inverse Trigonometric Functions'  [2mInverse Trigonometric Functions[0m
    [92m✔[0m [92m[PASS][0m  Excel match 'Matrices'  [2mMatrices[0m

  [1mSection [93mI[0m[1m: [92m290✔[0m/[91m11✘[0m (96%)

  [1m[96m┌─ HEADER ACCURACY — Section I ──────────────────────────────┐[0m
    [91m✘[0m   1. Determinants                                       [96m[1mNOT FOUND[0m
    [91m✘[0m   2. Application of Derivatives                         [96m[1mNOT FOUND[0m
    [91m✘[0m   3. Continuity & Differentiability                     [96m[1mNOT FOUND[0m
    [91m✘[0m   4. Relations & Functions                              [96m[1mNOT FOUND[0m
    [91m✘[0m   5. Integrals                                          [96m[1mNOT FOUND[0m
    [91m✘[0m   6. Application of Integrals                           [96m[1mNOT FOUND[0m
    [91m✘[0m   7. Linear Programming                                 [96m[1mNOT FOUND[0m
    [91m✘[0m   8. Inverse Trigonometric Functions                    [96m[1mNOT FOUND[0m
    [91m✘[0m   9. Matrices                                           [96m[1mNOT FOUND[0m
  [96m└────────────────────────────────────────────────────────────┘[0m

[1m[97m▓▓▓▓▓▓▓▓▓▓▓▓▓▓▓▓▓▓▓▓▓▓▓▓▓▓▓▓▓▓▓▓▓▓▓▓▓▓▓▓▓▓▓▓▓▓▓▓▓▓▓▓▓▓▓▓▓▓▓▓▓▓▓▓▓▓▓▓▓▓▓▓
  SECTION  [93mJ[0m[1m[97m
▓▓▓▓▓▓▓▓▓▓▓▓▓▓▓▓▓▓▓▓▓▓▓▓▓▓▓▓▓▓▓▓▓▓▓▓▓▓▓▓▓▓▓▓▓▓▓▓▓▓▓▓▓▓▓▓▓▓▓▓▓▓▓▓▓▓▓▓▓▓▓▓[0m


[1m[96m════════════════════════════════════════════════════════════════════════
  PHASE S  ▶  [97mSWITCH → J
════════════════════════════════════════════════════════════════════════[0m
  [92m✔ Section selected: J[0m
    [92m✔[0m [92m[PASS][0m  Section 'J' selected

[1m[96m════════════════════════════════════════════════════════════════════════
  PHASE 3  ▶  [97mNAVIGATION VERIFY
════════════════════════════════════════════════════════════════════════[0m
    [92m✔[0m [92m[PASS][0m  Chapters URL  [2midterm%2CPreboard+1&screen=chapters&chapterName=Determinants[0m
    [92m✔[0m [92m[PASS][0m  Tab 'Overview'
    [92m✔[0m [92m[PASS][0m  Tab 'Chapters'
    [92m✔[0m [92m[PASS][0m  Tab 'Questions'
    [92m✔[0m [92m[PASS][0m  Tab 'Students'

[1m[96m════════════════════════════════════════════════════════════════════════
  PHASE 4  ▶  [97mCHAPTER CARD DISCOVERY
════════════════════════════════════════════════════════════════════════[0m
    [92m✔[0m [92m[PASS][0m  Cards discovered  [2m9 found[0m
    [91m✘[0m [91m[FAIL][0m  Sorted High→Low  [2m[10.6, 9.5, 9.4, 0.8, 1.9]…[0m
    [92m✔[0m [92m[PASS][0m  Sort label present

  [1mChapters [J]:[0m
    [2m 1.[0m Integrals                                            [92m▲ +10.6%   [92m✔[0m  [2m[Calculus  35m][0m
    [2m 2.[0m Determinants                                         [92m▲ +9.5%   [92m✔[0m  [2m[Algebra  10m][0m
    [2m 3.[0m Application of Derivatives                           [92m▲ +9.4%   [92m✔[0m  [2m[Calculus  35m][0m
    [2m 4.[0m Relations & Functions                                [91m▼ -0.8%   [92m✔[0m  [2m[Relations and Functions  8m][0m
    [2m 5.[0m Application of Integrals                             [91m▼ -1.9%   [92m✔[0m  [2m[Calculus  35m][0m
    [2m 6.[0m Linear Programming                                   [91m▼ -2.3%   [92m✔[0m  [2m[Linear Programming Problem  5m][0m
    [2m 7.[0m Inverse Trigonometric Functions                      [91m▼ -4.6%   [92m✔[0m  [2m[Relations and Functions  8m][0m
    [2m 8.[0m Matrices                                             [91m▼ -6.7%   [92m✔[0m  [2m[Algebra  10m][0m
    [2m 9.[0m Continuity & Differentiability                       [91m▼ -10.6%   [92m✔[0m  [2m[Calculus  35m][0m

[1m[96m════════════════════════════════════════════════════════════════════════
  PHASE 5  ▶  [97mPER-CHAPTER DETAIL — LOC1/LOC2/LOC3/LOC4 + HEADER ACCURACY
════════════════════════════════════════════════════════════════════════[0m

  [1m[92m▲  [97mIntegrals[0m  [92m+10.6%[0m
  ─────────────────────────────────────────────────────────────────
    [92m✔[0m [92m[PASS][0m  Loc 1 · Card list badge % readable  [2m+10.6%[0m
    [92m✔[0m [92m[PASS][0m  Card clickable / detail panel opens
    [92m✔[0m [92m[PASS][0m  Loc 2 · IMPROVED/DECLINED chip % readable  [2m+10.6%[0m
    [92m✔[0m [92m[PASS][0m  Loc 3 · Change in chapter average badge  [2m+10.6%[0m
    [92m✔[0m [92m[PASS][0m  Loc 4 · Why-text % (change or accuracy)  [2mchange%=+10.6%[0m
    [91m✘[0m [91m[FAIL][0m  Header accuracy badge readable  [2mNOT FOUND[0m
    [92m✔[0m [92m[PASS][0m  ✦ 4-Way Consistency Loc1==Loc2==Loc3==Loc4  [2mL1=+10.6%  L2=+10.6%  L3=+10.6%  L4=+10.6%[0m
    [92m✔[0m [92m[PASS][0m  'Why this chapter' heading present  [2mWhy this chapter improved[0m
    [92m✔[0m [92m[PASS][0m  Explanation body text present  [2mGood improvement of 10.6% in this chapter. Students have str…[0m
    [92m✔[0m [92m[PASS][0m  Midterm panel visible
    [92m✔[0m [92m[PASS][0m  Preboard 1 panel visible
    [92m✔[0m [92m[PASS][0m  ACCURACY label present
    [92m✔[0m [92m[PASS][0m  Weakest Concepts section
    [92m✔[0m [92m[PASS][0m  Strongest Concepts section
    [92m✔[0m [92m[PASS][0m  Struggling students label
    [92m✔[0m [92m[PASS][0m  Weak Concepts label
    [92m✔[0m [92m[PASS][0m  IMPROVED/DECLINED chip
    [92m✔[0m [92m[PASS][0m  Change in chapter average
        Midterm: acc=None  str=None (raw='None' el='None')  wk=None (raw='None' el='None')
        Midterm: weakest=[]
        Midterm: strongest=[]
    [92m✔[0m [92m[PASS][0m  [Midterm] Accuracy % readable  [2m34.7%[0m
    [92m✔[0m [92m[PASS][0m  [Midterm] Struggling students count  [2m26 students[0m
    [92m✔[0m [92m[PASS][0m  [Midterm] Weak Concepts count  [2m2 concepts[0m
    [92m✔[0m [92m[PASS][0m  [Midterm] Weakest Concepts list ≥ 1 item  [2m6 items: ['1\nPartial Fractions', 'Partial Fractions', '2\nIntegration by Parts'][0m
    [92m✔[0m [92m[PASS][0m  [Midterm] Strongest Concepts list ≥ 1 item  [2m8 items[0m
      [2mMidterm:[0m  Accuracy=[92m[1m34.7%[0m  Struggling=[93m[1m26[0m  WeakConcepts=[96m2[0m
        Weakest : ['1\nPartial Fractions', 'Partial Fractions', '2\nIntegration by Parts', 'Integration by Parts', '3\nIntegration by Substitution', 'Integration by Substitution']
        Strongest: ['Rules of integrals\n60%', 'Rules of integrals 60%', 'Properties of Definite Integrals\n50%', 'Properties of Definite Integrals 50%', 'Definite Integrals\n47%', 'Definite Integrals 47%', 'Preboard 1\nOct 11, 2025', 'Preboard 1']
        Preboard 1: acc=None  str=None (raw='None' el='None')  wk=None (raw='None' el='None')
        Preboard 1: weakest=[]
        Preboard 1: strongest=[]
    [92m✔[0m [92m[PASS][0m  [Preboard 1] Accuracy % readable  [2m45.3%[0m
    [92m✔[0m [92m[PASS][0m  [Preboard 1] Struggling students count  [2m18 students[0m
    [92m✔[0m [92m[PASS][0m  [Preboard 1] Weak Concepts count  [2m2 concepts[0m
    [92m✔[0m [92m[PASS][0m  [Preboard 1] Weakest Concepts list ≥ 1 item  [2m5 items: ['1\nIntegration by Substitution\n2\nRules of integrals', '1\nIntegration by Substitution', 'Integration by Substitution'][0m
    [92m✔[0m [92m[PASS][0m  [Preboard 1] Strongest Concepts list ≥ 1 item  [2m8 items[0m
      [2mPreboard 1:[0m  Accuracy=[92m[1m45.3%[0m  Struggling=[93m[1m18[0m  WeakConcepts=[96m2[0m
        Weakest : ['1\nIntegration by Substitution\n2\nRules of integrals', '1\nIntegration by Substitution', 'Integration by Substitution', '2\nRules of integrals', 'Rules of integrals']
        Strongest: ['Indefinite Integrals (Anti derivatives)\n70%\nNew', 'Indefinite Integrals (Anti derivatives)', '70%\nNew 70% [New]', 'Partial Fractions\n60%\nImproved', 'Partial Fractions', '60%\nImproved 60% [Improved]', '↗ 10.6%\nIMPROVED', '↗ 10.6% [IMPROVED]']
    [92m✔[0m [92m[PASS][0m  Concept pill badges present  [2m['Improved', 'New', 'IMPROVED'][0m

      [96m┌─ HEADER ACCURACY BADGE ──────────────────────────────────────┐[0m
      [96m│[0m Preboard 1 accuracy : [91m[1mNOT FOUND[0m
      [96m└────────────────────────────────────────────────────────────┘[0m

      [93m┌─ WHY SECTION ─────────────────────────────────────────────┐[0m
      [93m│[0m Heading : Why this chapter improved
      [93m│[0m Text    : Good improvement of 10.6% in this chapter. Students have strengthened …
      [93m│[0m Change %: [92m[1m+10.6%[0m
      [93m└───────────────────────────────────────────────────────┘[0m

  [1m[92m▲  [97mDeterminants[0m  [92m+9.5%[0m
  ─────────────────────────────────────────────────────────────────
    [92m✔[0m [92m[PASS][0m  Loc 1 · Card list badge % readable  [2m+9.5%[0m
    [92m✔[0m [92m[PASS][0m  Card clickable / detail panel opens
    [92m✔[0m [92m[PASS][0m  Loc 2 · IMPROVED/DECLINED chip % readable  [2m+9.5%[0m
    [92m✔[0m [92m[PASS][0m  Loc 3 · Change in chapter average badge  [2m+9.5%[0m
    [92m✔[0m [92m[PASS][0m  Loc 4 · Why-text % (change or accuracy)  [2mchange%=+9.5%[0m
    [91m✘[0m [91m[FAIL][0m  Header accuracy badge readable  [2mNOT FOUND[0m
    [92m✔[0m [92m[PASS][0m  ✦ 4-Way Consistency Loc1==Loc2==Loc3==Loc4  [2mL1=+9.5%  L2=+9.5%  L3=+9.5%  L4=+9.5%[0m
    [92m✔[0m [92m[PASS][0m  'Why this chapter' heading present  [2mWhy this chapter improved[0m
    [92m✔[0m [92m[PASS][0m  Explanation body text present  [2mSlight improvement of 9.5% as students are making progress. …[0m
    [92m✔[0m [92m[PASS][0m  Midterm panel visible
    [92m✔[0m [92m[PASS][0m  Preboard 1 panel visible
    [92m✔[0m [92m[PASS][0m  ACCURACY label present
    [92m✔[0m [92m[PASS][0m  Weakest Concepts section
    [92m✔[0m [92m[PASS][0m  Strongest Concepts section
    [92m✔[0m [92m[PASS][0m  Struggling students label
    [92m✔[0m [92m[PASS][0m  Weak Concepts label
    [92m✔[0m [92m[PASS][0m  IMPROVED/DECLINED chip
    [92m✔[0m [92m[PASS][0m  Change in chapter average
        Midterm: acc=None  str=None (raw='None' el='None')  wk=None (raw='None' el='None')
        Midterm: weakest=[]
        Midterm: strongest=[]
    [92m✔[0m [92m[PASS][0m  [Midterm] Accuracy % readable  [2m54.1%[0m
    [92m✔[0m [92m[PASS][0m  [Midterm] Struggling students count  [2m14 students[0m
    [92m✔[0m [92m[PASS][0m  [Midterm] Weak Concepts count  [2m2 concepts[0m
    [92m✔[0m [92m[PASS][0m  [Midterm] Weakest Concepts list ≥ 1 item  [2m5 items: ['1\nDeterminant of a Matrix\n2\nAdjoint & Inverse', '1\nDeterminant of a Matrix', 'Determinant of a Matrix'][0m
    [92m✔[0m [92m[PASS][0m  [Midterm] Strongest Concepts list ≥ 1 item  [2m8 items[0m
      [2mMidterm:[0m  Accuracy=[92m[1m54.1%[0m  Struggling=[93m[1m14[0m  WeakConcepts=[96m2[0m
        Weakest : ['1\nDeterminant of a Matrix\n2\nAdjoint & Inverse', '1\nDeterminant of a Matrix', 'Determinant of a Matrix', '2\nAdjoint & Inverse', 'Adjoint & Inverse']
        Strongest: ['Preboard 1\nOct 11, 2025', 'Preboard 1', 'Oct 11, 2025', '63.6%\nACCURACY 63.6%', 'ACCURACY', 'Struggling students\n7\nWeak Concepts\n0', 'Struggling students\n7', 'Struggling students']
        Preboard 1: acc=None  str=None (raw='None' el='None')  wk=None (raw='None' el='None')
        Preboard 1: weakest=[]
        Preboard 1: strongest=[]
    [92m✔[0m [92m[PASS][0m  [Preboard 1] Accuracy % readable  [2m63.6%[0m
    [92m✔[0m [92m[PASS][0m  [Preboard 1] Struggling students count  [2m7 students[0m
    [92m✔[0m [92m[PASS][0m  [Preboard 1] Weak Concepts count  [2m0 concepts[0m
    [92m✔[0m [92m[PASS][0m  [Preboard 1] Weakest Concepts list ≥ 1 item  [2m3 items: ['1\nProperties of Determinants\nNew', '1\nProperties of Determinants', 'Properties of Determinants'][0m
    [92m✔[0m [92m[PASS][0m  [Preboard 1] Strongest Concepts list ≥ 1 item  [2m8 items[0m
      [2mPreboard 1:[0m  Accuracy=[92m[1m63.6%[0m  Struggling=[93m[1m7[0m  WeakConcepts=[96m0[0m
        Weakest : ['1\nProperties of Determinants\nNew', '1\nProperties of Determinants', 'Properties of Determinants']
        Strongest: ['Determinant of a Matrix\n79%\nImproved\nAdjoint & Inverse\n64%\nImproved', 'Determinant of a Matrix\n79%\nImproved', 'Determinant of a Matrix', '79%\nImproved 79% [Improved]', 'Adjoint & Inverse\n64%\nImproved', 'Adjoint & Inverse', '64%\nImproved 64% [Improved]', '↗ 9.5%\nIMPROVED']
    [92m✔[0m [92m[PASS][0m  Concept pill badges present  [2m['Improved', 'New', 'IMPROVED'][0m

      [96m┌─ HEADER ACCURACY BADGE ──────────────────────────────────────┐[0m
      [96m│[0m Preboard 1 accuracy : [91m[1mNOT FOUND[0m
      [96m└────────────────────────────────────────────────────────────┘[0m

      [93m┌─ WHY SECTION ─────────────────────────────────────────────┐[0m
      [93m│[0m Heading : Why this chapter improved
      [93m│[0m Text    : Slight improvement of 9.5% as students are making progress. Students h…
      [93m│[0m Change %: [92m[1m+9.5%[0m
      [93m└───────────────────────────────────────────────────────┘[0m

  [1m[92m▲  [97mApplication of Derivatives[0m  [92m+9.4%[0m
  ─────────────────────────────────────────────────────────────────
    [92m✔[0m [92m[PASS][0m  Loc 1 · Card list badge % readable  [2m+9.4%[0m
    [92m✔[0m [92m[PASS][0m  Card clickable / detail panel opens
    [92m✔[0m [92m[PASS][0m  Loc 2 · IMPROVED/DECLINED chip % readable  [2m+9.4%[0m
    [92m✔[0m [92m[PASS][0m  Loc 3 · Change in chapter average badge  [2m+9.4%[0m
    [92m✔[0m [92m[PASS][0m  Loc 4 · Why-text % (change or accuracy)  [2mchange%=+9.4%[0m
    [91m✘[0m [91m[FAIL][0m  Header accuracy badge readable  [2mNOT FOUND[0m
    [92m✔[0m [92m[PASS][0m  ✦ 4-Way Consistency Loc1==Loc2==Loc3==Loc4  [2mL1=+9.4%  L2=+9.4%  L3=+9.4%  L4=+9.4%[0m
    [92m✔[0m [92m[PASS][0m  'Why this chapter' heading present  [2mWhy this chapter improved[0m
    [92m✔[0m [92m[PASS][0m  Explanation body text present  [2mSlight improvement of 9.4% as students are making progress. …[0m
    [92m✔[0m [92m[PASS][0m  Midterm panel visible
    [92m✔[0m [92m[PASS][0m  Preboard 1 panel visible
    [92m✔[0m [92m[PASS][0m  ACCURACY label present
    [92m✔[0m [92m[PASS][0m  Weakest Concepts section
    [92m✔[0m [92m[PASS][0m  Strongest Concepts section
    [92m✔[0m [92m[PASS][0m  Struggling students label
    [92m✔[0m [92m[PASS][0m  Weak Concepts label
    [92m✔[0m [92m[PASS][0m  IMPROVED/DECLINED chip
    [92m✔[0m [92m[PASS][0m  Change in chapter average
        Midterm: acc=None  str=None (raw='None' el='None')  wk=None (raw='None' el='None')
        Midterm: weakest=[]
        Midterm: strongest=[]
    [92m✔[0m [92m[PASS][0m  [Midterm] Accuracy % readable  [2m31.5%[0m
    [92m✔[0m [92m[PASS][0m  [Midterm] Struggling students count  [2m30 students[0m
    [92m✔[0m [92m[PASS][0m  [Midterm] Weak Concepts count  [2m2 concepts[0m
    [92m✔[0m [92m[PASS][0m  [Midterm] Weakest Concepts list ≥ 1 item  [2m5 items: ['1\nMaxima & Minima real life Applications\n2\nRate of Change', '1\nMaxima & Minima real life Applications', 'Maxima & Minima real life Applications'][0m
    [92m✔[0m [92m[PASS][0m  [Midterm] Strongest Concepts list ≥ 1 item  [2m8 items[0m
      [2mMidterm:[0m  Accuracy=[92m[1m31.5%[0m  Struggling=[93m[1m30[0m  WeakConcepts=[96m2[0m
        Weakest : ['1\nMaxima & Minima real life Applications\n2\nRate of Change', '1\nMaxima & Minima real life Applications', 'Maxima & Minima real life Applications', '2\nRate of Change', 'Rate of Change']
        Strongest: ['Increasing & Decreasing Functions\n46%', 'Increasing & Decreasing Functions 46%', 'Preboard 1\nOct 11, 2025', 'Preboard 1', 'Oct 11, 2025', '40.9%\nACCURACY 40.9%', 'ACCURACY', 'Struggling students\n18\nWeak Concepts\n1']
        Preboard 1: acc=None  str=None (raw='None' el='None')  wk=None (raw='None' el='None')
        Preboard 1: weakest=[]
        Preboard 1: strongest=[]
    [92m✔[0m [92m[PASS][0m  [Preboard 1] Accuracy % readable  [2m40.9%[0m
    [92m✔[0m [92m[PASS][0m  [Preboard 1] Struggling students count  [2m18 students[0m
    [92m✔[0m [92m[PASS][0m  [Preboard 1] Weak Concepts count  [2m1 concepts[0m
    [92m✔[0m [92m[PASS][0m  [Preboard 1] Weakest Concepts list ≥ 1 item  [2m6 items: ['1\nMaxima & Minima real life Applications\nImproved', '1\nMaxima & Minima real life Applications', 'Maxima & Minima real life Applications'][0m
    [92m✔[0m [92m[PASS][0m  [Preboard 1] Strongest Concepts list ≥ 1 item  [2m8 items[0m
      [2mPreboard 1:[0m  Accuracy=[92m[1m40.9%[0m  Struggling=[93m[1m18[0m  WeakConcepts=[96m1[0m
        Weakest : ['1\nMaxima & Minima real life Applications\nImproved', '1\nMaxima & Minima real life Applications', 'Maxima & Minima real life Applications', 'Improved', '2\nMaxima & Minima\nNew', '2\nMaxima & Minima']
        Strongest: ['Rate of Change\n62%\nImproved', 'Rate of Change', '62%\nImproved 62% [Improved]', '↗ 9.4%\nIMPROVED', '↗ 9.4% [IMPROVED]', 'Premium Feature', 'Remediation Plan for this chapter', "Make sure you don't have to worry about this chapter again!"]
    [92m✔[0m [92m[PASS][0m  Concept pill badges present  [2m['Improved', 'New', 'IMPROVED'][0m

      [96m┌─ HEADER ACCURACY BADGE ──────────────────────────────────────┐[0m
      [96m│[0m Preboard 1 accuracy : [91m[1mNOT FOUND[0m
      [96m└────────────────────────────────────────────────────────────┘[0m

      [93m┌─ WHY SECTION ─────────────────────────────────────────────┐[0m
      [93m│[0m Heading : Why this chapter improved
      [93m│[0m Text    : Slight improvement of 9.4% as students are making progress. Students h…
      [93m│[0m Change %: [92m[1m+9.4%[0m
      [93m└───────────────────────────────────────────────────────┘[0m

  [1m[91m▼  [97mRelations & Functions[0m  [91m-0.8%[0m
  ─────────────────────────────────────────────────────────────────
    [92m✔[0m [92m[PASS][0m  Loc 1 · Card list badge % readable  [2m-0.8%[0m
    [92m✔[0m [92m[PASS][0m  Card clickable / detail panel opens
    [92m✔[0m [92m[PASS][0m  Loc 2 · IMPROVED/DECLINED chip % readable  [2m-0.8%[0m
    [92m✔[0m [92m[PASS][0m  Loc 3 · Change in chapter average badge  [2m-0.8%[0m
    [92m✔[0m [92m[PASS][0m  Loc 4 · Why-text % (change or accuracy)  [2maccuracy%=39.1% (stable)[0m
    [91m✘[0m [91m[FAIL][0m  Header accuracy badge readable  [2mNOT FOUND[0m
    [91m✘[0m [91m[FAIL][0m  ✦ 4-Way Consistency Loc1==Loc2==Loc3==Loc4  [2mL1=-0.8%  L2=-0.8%  L3=-0.8%  L4=None[0m
    [92m✔[0m [92m[PASS][0m  'Why this chapter' heading present  [2mWhy this chapter declined[0m
    [92m✔[0m [92m[PASS][0m  Explanation body text present  [2mPerformance remained stable at around 39.1% accuracy. Studen…[0m
    [92m✔[0m [92m[PASS][0m  Midterm panel visible
    [92m✔[0m [92m[PASS][0m  Preboard 1 panel visible
    [92m✔[0m [92m[PASS][0m  ACCURACY label present
    [92m✔[0m [92m[PASS][0m  Weakest Concepts section
    [92m✔[0m [92m[PASS][0m  Strongest Concepts section
    [92m✔[0m [92m[PASS][0m  Struggling students label
    [92m✔[0m [92m[PASS][0m  Weak Concepts label
    [92m✔[0m [92m[PASS][0m  IMPROVED/DECLINED chip
    [92m✔[0m [92m[PASS][0m  Change in chapter average
        Midterm: acc=None  str=None (raw='None' el='None')  wk=None (raw='None' el='None')
        Midterm: weakest=[]
        Midterm: strongest=[]
    [92m✔[0m [92m[PASS][0m  [Midterm] Accuracy % readable  [2m39.9%[0m
    [92m✔[0m [92m[PASS][0m  [Midterm] Struggling students count  [2m25 students[0m
    [92m✔[0m [92m[PASS][0m  [Midterm] Weak Concepts count  [2m1 concepts[0m
    [92m✔[0m [92m[PASS][0m  [Midterm] Weakest Concepts list ≥ 1 item  [2m2 items: ['1\nTypes of Relations', 'Types of Relations'][0m
    [92m✔[0m [92m[PASS][0m  [Midterm] Strongest Concepts list ≥ 1 item  [2m8 items[0m
      [2mMidterm:[0m  Accuracy=[92m[1m39.9%[0m  Struggling=[93m[1m25[0m  WeakConcepts=[96m1[0m
        Weakest : ['1\nTypes of Relations', 'Types of Relations']
        Strongest: ['Types of Functions\n51%', 'Types of Functions 51%', 'Preboard 1\nOct 11, 2025', 'Preboard 1', 'Oct 11, 2025', '39.1%\nACCURACY 39.1%', 'ACCURACY', 'Struggling students\n22\nWeak Concepts\n1']
        Preboard 1: acc=None  str=None (raw='None' el='None')  wk=None (raw='None' el='None')
        Preboard 1: weakest=[]
        Preboard 1: strongest=[]
    [92m✔[0m [92m[PASS][0m  [Preboard 1] Accuracy % readable  [2m39.1%[0m
    [92m✔[0m [92m[PASS][0m  [Preboard 1] Struggling students count  [2m22 students[0m
    [92m✔[0m [92m[PASS][0m  [Preboard 1] Weak Concepts count  [2m1 concepts[0m
    [92m✔[0m [92m[PASS][0m  [Preboard 1] Weakest Concepts list ≥ 1 item  [2m2 items: ['1\nTypes of Functions', 'Types of Functions'][0m
    [92m✔[0m [92m[PASS][0m  [Preboard 1] Strongest Concepts list ≥ 1 item  [2m8 items[0m
      [2mPreboard 1:[0m  Accuracy=[92m[1m39.1%[0m  Struggling=[93m[1m22[0m  WeakConcepts=[96m1[0m
        Weakest : ['1\nTypes of Functions', 'Types of Functions']
        Strongest: ['Types of Relations\n85%\nImproved', 'Types of Relations', '85%\nImproved 85% [Improved]', '↘ 0.8%\nDECLINED', '↘ 0.8% [DECLINED]', 'Premium Feature', 'Remediation Plan for this chapter', "Make sure you don't have to worry about this chapter again!"]
    [92m✔[0m [92m[PASS][0m  Concept pill badges present  [2m['Improved', 'DECLINED'][0m

      [96m┌─ HEADER ACCURACY BADGE ──────────────────────────────────────┐[0m
      [96m│[0m Preboard 1 accuracy : [91m[1mNOT FOUND[0m
      [96m└────────────────────────────────────────────────────────────┘[0m

      [93m┌─ WHY SECTION ─────────────────────────────────────────────┐[0m
      [93m│[0m Heading : Why this chapter declined
      [93m│[0m Text    : Performance remained stable at around 39.1% accuracy. Students are com…
      [93m│[0m Change %: [93m[1m— (only accuracy % in text)[0m
      [93m└───────────────────────────────────────────────────────┘[0m

  [1m[91m▼  [97mApplication of Integrals[0m  [91m-1.9%[0m
  ─────────────────────────────────────────────────────────────────
    [92m✔[0m [92m[PASS][0m  Loc 1 · Card list badge % readable  [2m-1.9%[0m
    [92m✔[0m [92m[PASS][0m  Card clickable / detail panel opens
    [92m✔[0m [92m[PASS][0m  Loc 2 · IMPROVED/DECLINED chip % readable  [2m-1.9%[0m
    [92m✔[0m [92m[PASS][0m  Loc 3 · Change in chapter average badge  [2m-1.9%[0m
    [92m✔[0m [92m[PASS][0m  Loc 4 · Why-text % (change or accuracy)  [2maccuracy%=52.4% (stable)[0m
    [91m✘[0m [91m[FAIL][0m  Header accuracy badge readable  [2mNOT FOUND[0m
    [91m✘[0m [91m[FAIL][0m  ✦ 4-Way Consistency Loc1==Loc2==Loc3==Loc4  [2mL1=-1.9%  L2=-1.9%  L3=-1.9%  L4=None[0m
    [92m✔[0m [92m[PASS][0m  'Why this chapter' heading present  [2mWhy this chapter declined[0m
    [92m✔[0m [92m[PASS][0m  Explanation body text present  [2mPerformance remained stable at around 52.4% accuracy.…[0m
    [92m✔[0m [92m[PASS][0m  Midterm panel visible
    [92m✔[0m [92m[PASS][0m  Preboard 1 panel visible
    [92m✔[0m [92m[PASS][0m  ACCURACY label present
    [92m✔[0m [92m[PASS][0m  Weakest Concepts section
    [92m✔[0m [92m[PASS][0m  Strongest Concepts section
    [92m✔[0m [92m[PASS][0m  Struggling students label
    [92m✔[0m [92m[PASS][0m  Weak Concepts label
    [92m✔[0m [92m[PASS][0m  IMPROVED/DECLINED chip
    [92m✔[0m [92m[PASS][0m  Change in chapter average
        Midterm: acc=None  str=None (raw='None' el='None')  wk=None (raw='None' el='None')
        Midterm: weakest=[]
        Midterm: strongest=[]
    [92m✔[0m [92m[PASS][0m  [Midterm] Accuracy % readable  [2m54.3%[0m
    [92m✔[0m [92m[PASS][0m  [Midterm] Struggling students count  [2m13 students[0m
    [92m✔[0m [92m[PASS][0m  [Midterm] Weak Concepts count  [2m0 concepts[0m
    [92m✔[0m [92m[PASS][0m  [Midterm] Weakest Concepts list ≥ 1 item  [2m2 items: ['1\nArea under Curves', 'Area under Curves'][0m
    [92m✔[0m [92m[PASS][0m  [Midterm] Strongest Concepts list ≥ 1 item  [2m8 items[0m
      [2mMidterm:[0m  Accuracy=[92m[1m54.3%[0m  Struggling=[93m[1m13[0m  WeakConcepts=[96m0[0m
        Weakest : ['1\nArea under Curves', 'Area under Curves']
        Strongest: ['No Strongest Concepts Available', 'Preboard 1\nOct 11, 2025', 'Preboard 1', 'Oct 11, 2025', '52.4%\nACCURACY 52.4%', 'ACCURACY', 'Struggling students\n18\nWeak Concepts\n0', 'Struggling students\n18']
        Preboard 1: acc=None  str=None (raw='None' el='None')  wk=None (raw='None' el='None')
        Preboard 1: weakest=[]
        Preboard 1: strongest=[]
    [92m✔[0m [92m[PASS][0m  [Preboard 1] Accuracy % readable  [2m52.4%[0m
    [92m✔[0m [92m[PASS][0m  [Preboard 1] Struggling students count  [2m18 students[0m
    [92m✔[0m [92m[PASS][0m  [Preboard 1] Weak Concepts count  [2m0 concepts[0m
    [92m✔[0m [92m[PASS][0m  [Preboard 1] Weakest Concepts list ≥ 1 item  [2m2 items: ['1\nArea under Curves', 'Area under Curves'][0m
    [92m✔[0m [92m[PASS][0m  [Preboard 1] Strongest Concepts list ≥ 1 item  [2m8 items[0m
      [2mPreboard 1:[0m  Accuracy=[92m[1m52.4%[0m  Struggling=[93m[1m18[0m  WeakConcepts=[96m0[0m
        Weakest : ['1\nArea under Curves', 'Area under Curves']
        Strongest: ['No Strongest Concepts Available', '↘ 1.9%\nDECLINED', '↘ 1.9% [DECLINED]', 'Premium Feature', 'Remediation Plan for this chapter', "Make sure you don't have to worry about this chapter again!", 'Create Lesson Plans\nAccess Teaching Materials', 'Create Lesson Plans']
    [92m✔[0m [92m[PASS][0m  Concept pill badges present  [2m['DECLINED'][0m

      [96m┌─ HEADER ACCURACY BADGE ──────────────────────────────────────┐[0m
      [96m│[0m Preboard 1 accuracy : [91m[1mNOT FOUND[0m
      [96m└────────────────────────────────────────────────────────────┘[0m

      [93m┌─ WHY SECTION ─────────────────────────────────────────────┐[0m
      [93m│[0m Heading : Why this chapter declined
      [93m│[0m Text    : Performance remained stable at around 52.4% accuracy.
      [93m│[0m Change %: [93m[1m— (only accuracy % in text)[0m
      [93m└───────────────────────────────────────────────────────┘[0m

  [1m[91m▼  [97mLinear Programming[0m  [91m-2.3%[0m
  ─────────────────────────────────────────────────────────────────
    [92m✔[0m [92m[PASS][0m  Loc 1 · Card list badge % readable  [2m-2.3%[0m
    [92m✔[0m [92m[PASS][0m  Card clickable / detail panel opens
    [92m✔[0m [92m[PASS][0m  Loc 2 · IMPROVED/DECLINED chip % readable  [2m-2.3%[0m
    [92m✔[0m [92m[PASS][0m  Loc 3 · Change in chapter average badge  [2m-2.3%[0m
    [92m✔[0m [92m[PASS][0m  Loc 4 · Why-text % (change or accuracy)  [2mchange%=-2.3%[0m
    [91m✘[0m [91m[FAIL][0m  Header accuracy badge readable  [2mNOT FOUND[0m
    [92m✔[0m [92m[PASS][0m  ✦ 4-Way Consistency Loc1==Loc2==Loc3==Loc4  [2mL1=-2.3%  L2=-2.3%  L3=-2.3%  L4=-2.3%[0m
    [92m✔[0m [92m[PASS][0m  'Why this chapter' heading present  [2mWhy this chapter declined[0m
    [92m✔[0m [92m[PASS][0m  Explanation body text present  [2mThere was a slight decline of 2.3% in this chapter. Struggli…[0m
    [92m✔[0m [92m[PASS][0m  Midterm panel visible
    [92m✔[0m [92m[PASS][0m  Preboard 1 panel visible
    [92m✔[0m [92m[PASS][0m  ACCURACY label present
    [92m✔[0m [92m[PASS][0m  Weakest Concepts section
    [92m✔[0m [92m[PASS][0m  Strongest Concepts section
    [92m✔[0m [92m[PASS][0m  Struggling students label
    [92m✔[0m [92m[PASS][0m  Weak Concepts label
    [92m✔[0m [92m[PASS][0m  IMPROVED/DECLINED chip
    [92m✔[0m [92m[PASS][0m  Change in chapter average
        Midterm: acc=None  str=None (raw='None' el='None')  wk=None (raw='None' el='None')
        Midterm: weakest=[]
        Midterm: strongest=[]
    [92m✔[0m [92m[PASS][0m  [Midterm] Accuracy % readable  [2m56.2%[0m
    [92m✔[0m [92m[PASS][0m  [Midterm] Struggling students count  [2m12 students[0m
    [92m✔[0m [92m[PASS][0m  [Midterm] Weak Concepts count  [2m0 concepts[0m
    [92m✔[0m [92m[PASS][0m  [Midterm] Weakest Concepts list ≥ 1 item  [2m2 items: ['1\nFeasible Region', 'Feasible Region'][0m
    [92m✔[0m [92m[PASS][0m  [Midterm] Strongest Concepts list ≥ 1 item  [2m8 items[0m
      [2mMidterm:[0m  Accuracy=[92m[1m56.2%[0m  Struggling=[93m[1m12[0m  WeakConcepts=[96m0[0m
        Weakest : ['1\nFeasible Region', 'Feasible Region']
        Strongest: ['Graphical method of solution for problems in two variables\n57%', 'Graphical method of solution for problems in two variables 57%', 'Preboard 1\nOct 11, 2025', 'Preboard 1', 'Oct 11, 2025', '53.9%\nACCURACY 53.9%', 'ACCURACY', 'Struggling students\n13\nWeak Concepts\n0']
        Preboard 1: acc=None  str=None (raw='None' el='None')  wk=None (raw='None' el='None')
        Preboard 1: weakest=[]
        Preboard 1: strongest=[]
    [92m✔[0m [92m[PASS][0m  [Preboard 1] Accuracy % readable  [2m53.9%[0m
    [92m✔[0m [92m[PASS][0m  [Preboard 1] Struggling students count  [2m13 students[0m
    [92m✔[0m [92m[PASS][0m  [Preboard 1] Weak Concepts count  [2m0 concepts[0m
    [92m✔[0m [92m[PASS][0m  [Preboard 1] Weakest Concepts list ≥ 1 item  [2m2 items: ['1\nGraphical method of solution for problems in two variables', 'Graphical method of solution for problems in two variables'][0m
    [92m✔[0m [92m[PASS][0m  [Preboard 1] Strongest Concepts list ≥ 1 item  [2m8 items[0m
      [2mPreboard 1:[0m  Accuracy=[92m[1m53.9%[0m  Struggling=[93m[1m13[0m  WeakConcepts=[96m0[0m
        Weakest : ['1\nGraphical method of solution for problems in two variables', 'Graphical method of solution for problems in two variables']
        Strongest: ['Objective Function\n64%\nNew', 'Objective Function', '64%\nNew 64% [New]', '↘ 2.3%\nDECLINED', '↘ 2.3% [DECLINED]', 'Premium Feature', 'Remediation Plan for this chapter', "Make sure you don't have to worry about this chapter again!"]
    [92m✔[0m [92m[PASS][0m  Concept pill badges present  [2m['DECLINED', 'New'][0m

      [96m┌─ HEADER ACCURACY BADGE ──────────────────────────────────────┐[0m
      [96m│[0m Preboard 1 accuracy : [91m[1mNOT FOUND[0m
      [96m└────────────────────────────────────────────────────────────┘[0m

      [93m┌─ WHY SECTION ─────────────────────────────────────────────┐[0m
      [93m│[0m Heading : Why this chapter declined
      [93m│[0m Text    : There was a slight decline of 2.3% in this chapter. Struggling student…
      [93m│[0m Change %: [91m[1m-2.3%[0m
      [93m└───────────────────────────────────────────────────────┘[0m

  [1m[91m▼  [97mInverse Trigonometric Functions[0m  [91m-4.6%[0m
  ─────────────────────────────────────────────────────────────────
    [92m✔[0m [92m[PASS][0m  Loc 1 · Card list badge % readable  [2m-4.6%[0m
    [92m✔[0m [92m[PASS][0m  Card clickable / detail panel opens
    [92m✔[0m [92m[PASS][0m  Loc 2 · IMPROVED/DECLINED chip % readable  [2m-4.6%[0m
    [92m✔[0m [92m[PASS][0m  Loc 3 · Change in chapter average badge  [2m-4.6%[0m
    [92m✔[0m [92m[PASS][0m  Loc 4 · Why-text % (change or accuracy)  [2mchange%=-4.6%[0m
    [91m✘[0m [91m[FAIL][0m  Header accuracy badge readable  [2mNOT FOUND[0m
    [92m✔[0m [92m[PASS][0m  ✦ 4-Way Consistency Loc1==Loc2==Loc3==Loc4  [2mL1=-4.6%  L2=-4.6%  L3=-4.6%  L4=-4.6%[0m
    [92m✔[0m [92m[PASS][0m  'Why this chapter' heading present  [2mWhy this chapter declined[0m
    [92m✔[0m [92m[PASS][0m  Explanation body text present  [2mThere was a slight decline of 4.6% in this chapter. Struggli…[0m
    [92m✔[0m [92m[PASS][0m  Midterm panel visible
    [92m✔[0m [92m[PASS][0m  Preboard 1 panel visible
    [92m✔[0m [92m[PASS][0m  ACCURACY label present
    [92m✔[0m [92m[PASS][0m  Weakest Concepts section
    [92m✔[0m [92m[PASS][0m  Strongest Concepts section
    [92m✔[0m [92m[PASS][0m  Struggling students label
    [92m✔[0m [92m[PASS][0m  Weak Concepts label
    [92m✔[0m [92m[PASS][0m  IMPROVED/DECLINED chip
    [92m✔[0m [92m[PASS][0m  Change in chapter average
        Midterm: acc=None  str=None (raw='None' el='None')  wk=None (raw='None' el='None')
        Midterm: weakest=[]
        Midterm: strongest=[]
    [92m✔[0m [92m[PASS][0m  [Midterm] Accuracy % readable  [2m66.7%[0m
    [92m✔[0m [92m[PASS][0m  [Midterm] Struggling students count  [2m10 students[0m
    [92m✔[0m [92m[PASS][0m  [Midterm] Weak Concepts count  [2m0 concepts[0m
    [92m✔[0m [92m[PASS][0m  [Midterm] Weakest Concepts list ≥ 1 item  [2m2 items: ['1\nPrincipal Values (Domain and Range)', 'Principal Values (Domain and Range)'][0m
    [92m✔[0m [92m[PASS][0m  [Midterm] Strongest Concepts list ≥ 1 item  [2m8 items[0m
      [2mMidterm:[0m  Accuracy=[92m[1m66.7%[0m  Struggling=[93m[1m10[0m  WeakConcepts=[96m0[0m
        Weakest : ['1\nPrincipal Values (Domain and Range)', 'Principal Values (Domain and Range)']
        Strongest: ['Algebra of Inverse Trig Functions\n68%', 'Algebra of Inverse Trig Functions 68%', 'Preboard 1\nOct 11, 2025', 'Preboard 1', 'Oct 11, 2025', '62.1%\nACCURACY 62.1%', 'ACCURACY', 'Struggling students\n13\nWeak Concepts\n0']
        Preboard 1: acc=None  str=None (raw='None' el='None')  wk=None (raw='None' el='None')
        Preboard 1: weakest=[]
        Preboard 1: strongest=[]
    [92m✔[0m [92m[PASS][0m  [Preboard 1] Accuracy % readable  [2m62.1%[0m
    [92m✔[0m [92m[PASS][0m  [Preboard 1] Struggling students count  [2m13 students[0m
    [92m✔[0m [92m[PASS][0m  [Preboard 1] Weak Concepts count  [2m0 concepts[0m
    [92m✔[0m [92m[PASS][0m  [Preboard 1] Weakest Concepts list ≥ 1 item  [2m2 items: ['1\nAlgebra of Inverse Trig Functions', 'Algebra of Inverse Trig Functions'][0m
    [92m✔[0m [92m[PASS][0m  [Preboard 1] Strongest Concepts list ≥ 1 item  [2m8 items[0m
      [2mPreboard 1:[0m  Accuracy=[92m[1m62.1%[0m  Struggling=[93m[1m13[0m  WeakConcepts=[96m0[0m
        Weakest : ['1\nAlgebra of Inverse Trig Functions', 'Algebra of Inverse Trig Functions']
        Strongest: ['Principal Values (Domain and Range)\n73%\nImproved', 'Principal Values (Domain and Range)', '73%\nImproved 73% [Improved]', '↘ 4.6%\nDECLINED', '↘ 4.6% [DECLINED]', 'Premium Feature', 'Remediation Plan for this chapter', "Make sure you don't have to worry about this chapter again!"]
    [92m✔[0m [92m[PASS][0m  Concept pill badges present  [2m['Improved', 'DECLINED'][0m

      [96m┌─ HEADER ACCURACY BADGE ──────────────────────────────────────┐[0m
      [96m│[0m Preboard 1 accuracy : [91m[1mNOT FOUND[0m
      [96m└────────────────────────────────────────────────────────────┘[0m

      [93m┌─ WHY SECTION ─────────────────────────────────────────────┐[0m
      [93m│[0m Heading : Why this chapter declined
      [93m│[0m Text    : There was a slight decline of 4.6% in this chapter. Struggling student…
      [93m│[0m Change %: [91m[1m-4.6%[0m
      [93m└───────────────────────────────────────────────────────┘[0m

  [1m[91m▼  [97mMatrices[0m  [91m-6.7%[0m
  ─────────────────────────────────────────────────────────────────
    [92m✔[0m [92m[PASS][0m  Loc 1 · Card list badge % readable  [2m-6.7%[0m
    [92m✔[0m [92m[PASS][0m  Card clickable / detail panel opens
    [92m✔[0m [92m[PASS][0m  Loc 2 · IMPROVED/DECLINED chip % readable  [2m-6.7%[0m
    [92m✔[0m [92m[PASS][0m  Loc 3 · Change in chapter average badge  [2m-6.7%[0m
    [92m✔[0m [92m[PASS][0m  Loc 4 · Why-text % (change or accuracy)  [2mchange%=-6.7%[0m
    [91m✘[0m [91m[FAIL][0m  Header accuracy badge readable  [2mNOT FOUND[0m
    [92m✔[0m [92m[PASS][0m  ✦ 4-Way Consistency Loc1==Loc2==Loc3==Loc4  [2mL1=-6.7%  L2=-6.7%  L3=-6.7%  L4=-6.7%[0m
    [92m✔[0m [92m[PASS][0m  'Why this chapter' heading present  [2mWhy this chapter declined[0m
    [92m✔[0m [92m[PASS][0m  Explanation body text present  [2mThere was a slight decline of 6.7% in this chapter. 'Transpo…[0m
    [92m✔[0m [92m[PASS][0m  Midterm panel visible
    [92m✔[0m [92m[PASS][0m  Preboard 1 panel visible
    [92m✔[0m [92m[PASS][0m  ACCURACY label present
    [92m✔[0m [92m[PASS][0m  Weakest Concepts section
    [92m✔[0m [92m[PASS][0m  Strongest Concepts section
    [92m✔[0m [92m[PASS][0m  Struggling students label
    [92m✔[0m [92m[PASS][0m  Weak Concepts label
    [92m✔[0m [92m[PASS][0m  IMPROVED/DECLINED chip
    [92m✔[0m [92m[PASS][0m  Change in chapter average
        Midterm: acc=None  str=None (raw='None' el='None')  wk=None (raw='None' el='None')
        Midterm: weakest=[]
        Midterm: strongest=[]
    [92m✔[0m [92m[PASS][0m  [Midterm] Accuracy % readable  [2m70.3%[0m
    [92m✔[0m [92m[PASS][0m  [Midterm] Struggling students count  [2m9 students[0m
    [92m✔[0m [92m[PASS][0m  [Midterm] Weak Concepts count  [2m0 concepts[0m
    [92m✔[0m [92m[PASS][0m  [Midterm] Weakest Concepts list ≥ 1 item  [2m5 items: ['1\nMatrix Operations\n2\nInverse Matrices', '1\nMatrix Operations', 'Matrix Operations'][0m
    [92m✔[0m [92m[PASS][0m  [Midterm] Strongest Concepts list ≥ 1 item  [2m8 items[0m
      [2mMidterm:[0m  Accuracy=[92m[1m70.3%[0m  Struggling=[93m[1m9[0m  WeakConcepts=[96m0[0m
        Weakest : ['1\nMatrix Operations\n2\nInverse Matrices', '1\nMatrix Operations', 'Matrix Operations', '2\nInverse Matrices', 'Inverse Matrices']
        Strongest: ['Basics & Types of Matrices\n73%', 'Basics & Types of Matrices 73%', 'Transpose, Symmetric & Skew-symmetric\n73%', 'Transpose, Symmetric & Skew-symmetric 73%', 'Preboard 1\nOct 11, 2025', 'Preboard 1', 'Oct 11, 2025', '63.6%\nACCURACY 63.6%']
        Preboard 1: acc=None  str=None (raw='None' el='None')  wk=None (raw='None' el='None')
        Preboard 1: weakest=[]
        Preboard 1: strongest=[]
    [92m✔[0m [92m[PASS][0m  [Preboard 1] Accuracy % readable  [2m63.6%[0m
    [92m✔[0m [92m[PASS][0m  [Preboard 1] Struggling students count  [2m6 students[0m
    [92m✔[0m [92m[PASS][0m  [Preboard 1] Weak Concepts count  [2m0 concepts[0m
    [92m✔[0m [92m[PASS][0m  [Preboard 1] Weakest Concepts list ≥ 1 item  [2m2 items: ['1\nTranspose, Symmetric & Skew-symmetric', 'Transpose, Symmetric & Skew-symmetric'][0m
    [92m✔[0m [92m[PASS][0m  [Preboard 1] Strongest Concepts list ≥ 1 item  [2m8 items[0m
      [2mPreboard 1:[0m  Accuracy=[92m[1m63.6%[0m  Struggling=[93m[1m6[0m  WeakConcepts=[96m0[0m
        Weakest : ['1\nTranspose, Symmetric & Skew-symmetric', 'Transpose, Symmetric & Skew-symmetric']
        Strongest: ['Matrix Operations\n79%\nImproved', 'Matrix Operations', '79%\nImproved 79% [Improved]', '↘ 6.7%\nDECLINED', '↘ 6.7% [DECLINED]', 'Premium Feature', 'Remediation Plan for this chapter', "Make sure you don't have to worry about this chapter again!"]
    [92m✔[0m [92m[PASS][0m  Concept pill badges present  [2m['Improved', 'DECLINED'][0m

      [96m┌─ HEADER ACCURACY BADGE ──────────────────────────────────────┐[0m
      [96m│[0m Preboard 1 accuracy : [91m[1mNOT FOUND[0m
      [96m└────────────────────────────────────────────────────────────┘[0m

      [93m┌─ WHY SECTION ─────────────────────────────────────────────┐[0m
      [93m│[0m Heading : Why this chapter declined
      [93m│[0m Text    : There was a slight decline of 6.7% in this chapter. 'Transpose, Symmet…
      [93m│[0m Change %: [91m[1m-6.7%[0m
      [93m└───────────────────────────────────────────────────────┘[0m

  [1m[91m▼  [97mContinuity & Differentiability[0m  [91m-10.6%[0m
  ─────────────────────────────────────────────────────────────────
    [92m✔[0m [92m[PASS][0m  Loc 1 · Card list badge % readable  [2m-10.6%[0m
    [92m✔[0m [92m[PASS][0m  Card clickable / detail panel opens
    [92m✔[0m [92m[PASS][0m  Loc 2 · IMPROVED/DECLINED chip % readable  [2m-10.6%[0m
    [92m✔[0m [92m[PASS][0m  Loc 3 · Change in chapter average badge  [2m-10.6%[0m
    [92m✔[0m [92m[PASS][0m  Loc 4 · Why-text % (change or accuracy)  [2mchange%=-10.6%[0m
    [91m✘[0m [91m[FAIL][0m  Header accuracy badge readable  [2mNOT FOUND[0m
    [92m✔[0m [92m[PASS][0m  ✦ 4-Way Consistency Loc1==Loc2==Loc3==Loc4  [2mL1=-10.6%  L2=-10.6%  L3=-10.6%  L4=-10.6%[0m
    [92m✔[0m [92m[PASS][0m  'Why this chapter' heading present  [2mWhy this chapter declined[0m
    [92m✔[0m [92m[PASS][0m  Explanation body text present  [2mPerformance declined by 10.6% compared to Midterm, mainly be…[0m
    [92m✔[0m [92m[PASS][0m  Midterm panel visible
    [92m✔[0m [92m[PASS][0m  Preboard 1 panel visible
    [92m✔[0m [92m[PASS][0m  ACCURACY label present
    [92m✔[0m [92m[PASS][0m  Weakest Concepts section
    [92m✔[0m [92m[PASS][0m  Strongest Concepts section
    [92m✔[0m [92m[PASS][0m  Struggling students label
    [92m✔[0m [92m[PASS][0m  Weak Concepts label
    [92m✔[0m [92m[PASS][0m  IMPROVED/DECLINED chip
    [92m✔[0m [92m[PASS][0m  Change in chapter average
        Midterm: acc=None  str=None (raw='None' el='None')  wk=None (raw='None' el='None')
        Midterm: weakest=[]
        Midterm: strongest=[]
    [92m✔[0m [92m[PASS][0m  [Midterm] Accuracy % readable  [2m61.3%[0m
    [92m✔[0m [92m[PASS][0m  [Midterm] Struggling students count  [2m10 students[0m
    [92m✔[0m [92m[PASS][0m  [Midterm] Weak Concepts count  [2m1 concepts[0m
    [92m✔[0m [92m[PASS][0m  [Midterm] Weakest Concepts list ≥ 1 item  [2m6 items: ['1\nContinuity', 'Continuity', '2\nSecond Order Derivative'][0m
    [92m✔[0m [92m[PASS][0m  [Midterm] Strongest Concepts list ≥ 1 item  [2m8 items[0m
      [2mMidterm:[0m  Accuracy=[92m[1m61.3%[0m  Struggling=[93m[1m10[0m  WeakConcepts=[96m1[0m
        Weakest : ['1\nContinuity', 'Continuity', '2\nSecond Order Derivative', 'Second Order Derivative', '3\nParametric & Implicit Differentiation', 'Parametric & Implicit Differentiation']
        Strongest: ['Rules of Differentiations\n97%', 'Rules of Differentiations 97%', 'Exponential & Logarithmic Functions/Logarithmic Properties\n94%', 'Exponential & Logarithmic Functions/Logarithmic Properties 94%', 'Preboard 1\nOct 11, 2025', 'Preboard 1', 'Oct 11, 2025', '50.7%\nACCURACY 50.7%']
        Preboard 1: acc=None  str=None (raw='None' el='None')  wk=None (raw='None' el='None')
        Preboard 1: weakest=[]
        Preboard 1: strongest=[]
    [92m✔[0m [92m[PASS][0m  [Preboard 1] Accuracy % readable  [2m50.7%[0m
    [92m✔[0m [92m[PASS][0m  [Preboard 1] Struggling students count  [2m16 students[0m
    [92m✔[0m [92m[PASS][0m  [Preboard 1] Weak Concepts count  [2m1 concepts[0m
    [92m✔[0m [92m[PASS][0m  [Preboard 1] Weakest Concepts list ≥ 1 item  [2m6 items: ['1\nDerivatives of Inverse Trig Functions\nNew', '1\nDerivatives of Inverse Trig Functions', 'Derivatives of Inverse Trig Functions'][0m
    [92m✔[0m [92m[PASS][0m  [Preboard 1] Strongest Concepts list ≥ 1 item  [2m8 items[0m
      [2mPreboard 1:[0m  Accuracy=[92m[1m50.7%[0m  Struggling=[93m[1m16[0m  WeakConcepts=[96m1[0m
        Weakest : ['1\nDerivatives of Inverse Trig Functions\nNew', '1\nDerivatives of Inverse Trig Functions', 'Derivatives of Inverse Trig Functions', '2\nExponential & Logarithmic Functions/Logarithmic Properties', 'Exponential & Logarithmic Functions/Logarithmic Properties', '3\nContinuity\nImproved']
        Strongest: ['Parametric & Implicit Differentiation\n72%\nImproved', 'Parametric & Implicit Differentiation', '72%\nImproved 72% [Improved]', 'Second Order Derivative\n64%\nImproved', 'Second Order Derivative', '64%\nImproved 64% [Improved]', '↘ 10.6%\nDECLINED', '↘ 10.6% [DECLINED]']
    [92m✔[0m [92m[PASS][0m  Concept pill badges present  [2m['Improved', 'New', 'DECLINED'][0m

      [96m┌─ HEADER ACCURACY BADGE ──────────────────────────────────────┐[0m
      [96m│[0m Preboard 1 accuracy : [91m[1mNOT FOUND[0m
      [96m└────────────────────────────────────────────────────────────┘[0m

      [93m┌─ WHY SECTION ─────────────────────────────────────────────┐[0m
      [93m│[0m Heading : Why this chapter declined
      [93m│[0m Text    : Performance declined by 10.6% compared to Midterm, mainly because 'Der…
      [93m│[0m Change %: [91m[1m-10.6%[0m
      [93m└───────────────────────────────────────────────────────┘[0m

[1m[96m════════════════════════════════════════════════════════════════════════
  PHASE 6  ▶  [97mSEARCH BOX FUNCTIONALITY
════════════════════════════════════════════════════════════════════════[0m
    [92m✔[0m [92m[PASS][0m  Search input element present  [2mSearch chapter...[0m
    [92m✔[0m [92m[PASS][0m  Search 'Integrals' → target visible
    [92m✔[0m [92m[PASS][0m  Search filters non-matching
    [91m✘[0m [91m[FAIL][0m  Search cleared → all restored  [2mmissing 2[0m
    [92m✔[0m [92m[PASS][0m  No-match query → cards hidden

[1m[96m════════════════════════════════════════════════════════════════════════
  PHASE 7  ▶  [97mSTATIC UI LABELS
════════════════════════════════════════════════════════════════════════[0m
    [92m✔[0m [92m[PASS][0m  Sort label 'Chapter Avg'
    [92m✔[0m [92m[PASS][0m  Nav tab 'Overview'
    [92m✔[0m [92m[PASS][0m  Nav tab 'Chapters'
    [92m✔[0m [92m[PASS][0m  Nav tab 'Questions'
    [92m✔[0m [92m[PASS][0m  Nav tab 'Students'
    [92m✔[0m [92m[PASS][0m  'Midterm' header
    [92m✔[0m [92m[PASS][0m  'Preboard 1' header
    [92m✔[0m [92m[PASS][0m  'ACCURACY' label
    [92m✔[0m [92m[PASS][0m  'Struggling students' label
    [92m✔[0m [92m[PASS][0m  'Weak Concepts' label
    [92m✔[0m [92m[PASS][0m  'Weakest Concepts' section
    [92m✔[0m [92m[PASS][0m  'Strongest Concepts' section
    [92m✔[0m [92m[PASS][0m  'Why this chapter' heading
    [92m✔[0m [92m[PASS][0m  IMPROVED/DECLINED chip
    [92m✔[0m [92m[PASS][0m  'Change in chapter average' label
    [92m✔[0m [92m[PASS][0m  Concept pill badges
    [92m✔[0m [92m[PASS][0m  Header accuracy badge

[1m[96m════════════════════════════════════════════════════════════════════════
  PHASE 8  ▶  [97mEXCEL VALIDATION
════════════════════════════════════════════════════════════════════════[0m
    [92m✔[0m [92m[PASS][0m  Excel match 'Integrals'  [2mIntegrals[0m
    [92m✔[0m [92m[PASS][0m  Excel match 'Determinants'  [2mDeterminants[0m
    [92m✔[0m [92m[PASS][0m  Excel match 'Application of Derivatives'  [2mApplication of Derivatives[0m
    [92m✔[0m [92m[PASS][0m  Excel match 'Relations & Functions'  [2mRelations & Functions[0m
    [92m✔[0m [92m[PASS][0m  Excel match 'Application of Integrals'  [2mApplication of Integrals[0m
    [92m✔[0m [92m[PASS][0m  Excel match 'Linear Programming'  [2mLinear Programming[0m
    [92m✔[0m [92m[PASS][0m  Excel match 'Inverse Trigonometric Functions'  [2mInverse Trigonometric Functions[0m
    [92m✔[0m [92m[PASS][0m  Excel match 'Matrices'  [2mMatrices[0m
    [92m✔[0m [92m[PASS][0m  Excel match 'Continuity & Differentiability'  [2mContinuity & Differentiability[0m

  [1mSection [93mJ[0m[1m: [92m288✔[0m/[91m13✘[0m (96%)

  [1m[96m┌─ HEADER ACCURACY — Section J ──────────────────────────────┐[0m
    [91m✘[0m   1. Integrals                                          [96m[1mNOT FOUND[0m
    [91m✘[0m   2. Determinants                                       [96m[1mNOT FOUND[0m
    [91m✘[0m   3. Application of Derivatives                         [96m[1mNOT FOUND[0m
    [91m✘[0m   4. Relations & Functions                              [96m[1mNOT FOUND[0m
    [91m✘[0m   5. Application of Integrals                           [96m[1mNOT FOUND[0m
    [91m✘[0m   6. Linear Programming                                 [96m[1mNOT FOUND[0m
    [91m✘[0m   7. Inverse Trigonometric Functions                    [96m[1mNOT FOUND[0m
    [91m✘[0m   8. Matrices                                           [96m[1mNOT FOUND[0m
    [91m✘[0m   9. Continuity & Differentiability                     [96m[1mNOT FOUND[0m
  [96m└────────────────────────────────────────────────────────────┘[0m

[1m[97m▓▓▓▓▓▓▓▓▓▓▓▓▓▓▓▓▓▓▓▓▓▓▓▓▓▓▓▓▓▓▓▓▓▓▓▓▓▓▓▓▓▓▓▓▓▓▓▓▓▓▓▓▓▓▓▓▓▓▓▓▓▓▓▓▓▓▓▓▓▓▓▓
  SECTION  [93mK[0m[1m[97m
▓▓▓▓▓▓▓▓▓▓▓▓▓▓▓▓▓▓▓▓▓▓▓▓▓▓▓▓▓▓▓▓▓▓▓▓▓▓▓▓▓▓▓▓▓▓▓▓▓▓▓▓▓▓▓▓▓▓▓▓▓▓▓▓▓▓▓▓▓▓▓▓[0m


[1m[96m════════════════════════════════════════════════════════════════════════
  PHASE S  ▶  [97mSWITCH → K
════════════════════════════════════════════════════════════════════════[0m
  [92m✔ Section selected: K[0m
    [92m✔[0m [92m[PASS][0m  Section 'K' selected

[1m[96m════════════════════════════════════════════════════════════════════════
  PHASE 3  ▶  [97mNAVIGATION VERIFY
════════════════════════════════════════════════════════════════════════[0m
    [92m✔[0m [92m[PASS][0m  Chapters URL  [2ms=Midterm%2CPreboard+1&screen=chapters&chapterName=Integrals[0m
    [92m✔[0m [92m[PASS][0m  Tab 'Overview'
    [92m✔[0m [92m[PASS][0m  Tab 'Chapters'
    [92m✔[0m [92m[PASS][0m  Tab 'Questions'
    [92m✔[0m [92m[PASS][0m  Tab 'Students'

[1m[96m════════════════════════════════════════════════════════════════════════
  PHASE 4  ▶  [97mCHAPTER CARD DISCOVERY
════════════════════════════════════════════════════════════════════════[0m
    [92m✔[0m [92m[PASS][0m  Cards discovered  [2m9 found[0m
    [91m✘[0m [91m[FAIL][0m  Sorted High→Low  [2m[17.5, 13.6, 10.1, 8.2, 3.7]…[0m
    [92m✔[0m [92m[PASS][0m  Sort label present

  [1mChapters [K]:[0m
    [2m 1.[0m Application of Derivatives                           [92m▲ +17.5%   [92m✔[0m  [2m[Calculus  35m][0m
    [2m 2.[0m Relations & Functions                                [92m▲ +13.6%   [92m✔[0m  [2m[Relations and Functions  8m][0m
    [2m 3.[0m Determinants                                         [92m▲ +10.1%   [92m✔[0m  [2m[Algebra  10m][0m
    [2m 4.[0m Continuity & Differentiability                       [92m▲ +8.2%   [92m✔[0m  [2m[Calculus  35m][0m
    [2m 5.[0m Integrals                                            [92m▲ +3.7%   [92m✔[0m  [2m[Calculus  35m][0m
    [2m 6.[0m Linear Programming                                   [92m▲ +3.3%   [92m✔[0m  [2m[Linear Programming Problem  5m][0m
    [2m 7.[0m Application of Integrals                             [91m▼ -3.6%   [92m✔[0m  [2m[Calculus  35m][0m
    [2m 8.[0m Matrices                                             [91m▼ -7.9%   [92m✔[0m  [2m[Algebra  10m][0m
    [2m 9.[0m Inverse Trigonometric Functions                      [91m▼ -10.4%   [92m✔[0m  [2m[Relations and Functions  8m][0m

[1m[96m════════════════════════════════════════════════════════════════════════
  PHASE 5  ▶  [97mPER-CHAPTER DETAIL — LOC1/LOC2/LOC3/LOC4 + HEADER ACCURACY
════════════════════════════════════════════════════════════════════════[0m

  [1m[92m▲  [97mApplication of Derivatives[0m  [92m+17.5%[0m
  ─────────────────────────────────────────────────────────────────
    [92m✔[0m [92m[PASS][0m  Loc 1 · Card list badge % readable  [2m+17.5%[0m
    [92m✔[0m [92m[PASS][0m  Card clickable / detail panel opens
    [92m✔[0m [92m[PASS][0m  Loc 2 · IMPROVED/DECLINED chip % readable  [2m+17.5%[0m
    [92m✔[0m [92m[PASS][0m  Loc 3 · Change in chapter average badge  [2m+17.5%[0m
    [92m✔[0m [92m[PASS][0m  Loc 4 · Why-text % (change or accuracy)  [2mchange%=+17.5%[0m
    [91m✘[0m [91m[FAIL][0m  Header accuracy badge readable  [2mNOT FOUND[0m
    [92m✔[0m [92m[PASS][0m  ✦ 4-Way Consistency Loc1==Loc2==Loc3==Loc4  [2mL1=+17.5%  L2=+17.5%  L3=+17.5%  L4=+17.5%[0m
    [92m✔[0m [92m[PASS][0m  'Why this chapter' heading present  [2mWhy this chapter improved[0m
    [92m✔[0m [92m[PASS][0m  Explanation body text present  [2mGreat progress! This chapter improved significantly by 17.5%…[0m
    [92m✔[0m [92m[PASS][0m  Midterm panel visible
    [92m✔[0m [92m[PASS][0m  Preboard 1 panel visible
    [92m✔[0m [92m[PASS][0m  ACCURACY label present
    [92m✔[0m [92m[PASS][0m  Weakest Concepts section
    [92m✔[0m [92m[PASS][0m  Strongest Concepts section
    [92m✔[0m [92m[PASS][0m  Struggling students label
    [92m✔[0m [92m[PASS][0m  Weak Concepts label
    [92m✔[0m [92m[PASS][0m  IMPROVED/DECLINED chip
    [92m✔[0m [92m[PASS][0m  Change in chapter average
        Midterm: acc=None  str=None (raw='None' el='None')  wk=None (raw='None' el='None')
        Midterm: weakest=[]
        Midterm: strongest=[]
    [92m✔[0m [92m[PASS][0m  [Midterm] Accuracy % readable  [2m42.1%[0m
    [92m✔[0m [92m[PASS][0m  [Midterm] Struggling students count  [2m20 students[0m
    [92m✔[0m [92m[PASS][0m  [Midterm] Weak Concepts count  [2m1 concepts[0m
    [92m✔[0m [92m[PASS][0m  [Midterm] Weakest Concepts list ≥ 1 item  [2m5 items: ['1\nMaxima & Minima real life Applications\n2\nRate of Change', '1\nMaxima & Minima real life Applications', 'Maxima & Minima real life Applications'][0m
    [92m✔[0m [92m[PASS][0m  [Midterm] Strongest Concepts list ≥ 1 item  [2m8 items[0m
      [2mMidterm:[0m  Accuracy=[92m[1m42.1%[0m  Struggling=[93m[1m20[0m  WeakConcepts=[96m1[0m
        Weakest : ['1\nMaxima & Minima real life Applications\n2\nRate of Change', '1\nMaxima & Minima real life Applications', 'Maxima & Minima real life Applications', '2\nRate of Change', 'Rate of Change']
        Strongest: ['Increasing & Decreasing Functions\n61%', 'Increasing & Decreasing Functions 61%', 'Preboard 1\nOct 11, 2025', 'Preboard 1', 'Oct 11, 2025', '59.6%\nACCURACY 59.6%', 'ACCURACY', 'Struggling students\n11\nWeak Concepts\n0']
        Preboard 1: acc=None  str=None (raw='None' el='None')  wk=None (raw='None' el='None')
        Preboard 1: weakest=[]
        Preboard 1: strongest=[]
    [92m✔[0m [92m[PASS][0m  [Preboard 1] Accuracy % readable  [2m59.6%[0m
    [92m✔[0m [92m[PASS][0m  [Preboard 1] Struggling students count  [2m11 students[0m
    [92m✔[0m [92m[PASS][0m  [Preboard 1] Weak Concepts count  [2m0 concepts[0m
    [92m✔[0m [92m[PASS][0m  [Preboard 1] Weakest Concepts list ≥ 1 item  [2m6 items: ['1\nMaxima & Minima real life Applications\nImproved', '1\nMaxima & Minima real life Applications', 'Maxima & Minima real life Applications'][0m
    [92m✔[0m [92m[PASS][0m  [Preboard 1] Strongest Concepts list ≥ 1 item  [2m8 items[0m
      [2mPreboard 1:[0m  Accuracy=[92m[1m59.6%[0m  Struggling=[93m[1m11[0m  WeakConcepts=[96m0[0m
        Weakest : ['1\nMaxima & Minima real life Applications\nImproved', '1\nMaxima & Minima real life Applications', 'Maxima & Minima real life Applications', 'Improved', '2\nMaxima & Minima\nNew', '2\nMaxima & Minima']
        Strongest: ['Rate of Change\n74%\nImproved', 'Rate of Change', '74%\nImproved 74% [Improved]', '↗ 17.5%\nIMPROVED', '↗ 17.5% [IMPROVED]', 'Premium Feature', 'Remediation Plan for this chapter', "Make sure you don't have to worry about this chapter again!"]
    [92m✔[0m [92m[PASS][0m  Concept pill badges present  [2m['Improved', 'New', 'IMPROVED'][0m

      [96m┌─ HEADER ACCURACY BADGE ──────────────────────────────────────┐[0m
      [96m│[0m Preboard 1 accuracy : [91m[1mNOT FOUND[0m
      [96m└────────────────────────────────────────────────────────────┘[0m

      [93m┌─ WHY SECTION ─────────────────────────────────────────────┐[0m
      [93m│[0m Heading : Why this chapter improved
      [93m│[0m Text    : Great progress! This chapter improved significantly by 17.5%. Students…
      [93m│[0m Change %: [92m[1m+17.5%[0m
      [93m└───────────────────────────────────────────────────────┘[0m

  [1m[92m▲  [97mRelations & Functions[0m  [92m+13.6%[0m
  ─────────────────────────────────────────────────────────────────
    [92m✔[0m [92m[PASS][0m  Loc 1 · Card list badge % readable  [2m+13.6%[0m
    [92m✔[0m [92m[PASS][0m  Card clickable / detail panel opens
    [92m✔[0m [92m[PASS][0m  Loc 2 · IMPROVED/DECLINED chip % readable  [2m+13.6%[0m
    [92m✔[0m [92m[PASS][0m  Loc 3 · Change in chapter average badge  [2m+13.6%[0m
    [92m✔[0m [92m[PASS][0m  Loc 4 · Why-text % (change or accuracy)  [2mchange%=+13.6%[0m
    [91m✘[0m [91m[FAIL][0m  Header accuracy badge readable  [2mNOT FOUND[0m
    [92m✔[0m [92m[PASS][0m  ✦ 4-Way Consistency Loc1==Loc2==Loc3==Loc4  [2mL1=+13.6%  L2=+13.6%  L3=+13.6%  L4=+13.6%[0m
    [92m✔[0m [92m[PASS][0m  'Why this chapter' heading present  [2mWhy this chapter improved[0m
    [92m✔[0m [92m[PASS][0m  Explanation body text present  [2mGood improvement of 13.6% in this chapter. Students have str…[0m
    [92m✔[0m [92m[PASS][0m  Midterm panel visible
    [92m✔[0m [92m[PASS][0m  Preboard 1 panel visible
    [92m✔[0m [92m[PASS][0m  ACCURACY label present
    [92m✔[0m [92m[PASS][0m  Weakest Concepts section
    [92m✔[0m [92m[PASS][0m  Strongest Concepts section
    [92m✔[0m [92m[PASS][0m  Struggling students label
    [92m✔[0m [92m[PASS][0m  Weak Concepts label
    [92m✔[0m [92m[PASS][0m  IMPROVED/DECLINED chip
    [92m✔[0m [92m[PASS][0m  Change in chapter average
        Midterm: acc=None  str=None (raw='None' el='None')  wk=None (raw='None' el='None')
        Midterm: weakest=[]
        Midterm: strongest=[]
    [92m✔[0m [92m[PASS][0m  [Midterm] Accuracy % readable  [2m52.3%[0m
    [92m✔[0m [92m[PASS][0m  [Midterm] Struggling students count  [2m14 students[0m
    [92m✔[0m [92m[PASS][0m  [Midterm] Weak Concepts count  [2m0 concepts[0m
    [92m✔[0m [92m[PASS][0m  [Midterm] Weakest Concepts list ≥ 1 item  [2m2 items: ['1\nTypes of Functions', 'Types of Functions'][0m
    [92m✔[0m [92m[PASS][0m  [Midterm] Strongest Concepts list ≥ 1 item  [2m8 items[0m
      [2mMidterm:[0m  Accuracy=[92m[1m52.3%[0m  Struggling=[93m[1m14[0m  WeakConcepts=[96m0[0m
        Weakest : ['1\nTypes of Functions', 'Types of Functions']
        Strongest: ['Types of Relations\n53%', 'Types of Relations 53%', 'Preboard 1\nOct 11, 2025', 'Preboard 1', 'Oct 11, 2025', '65.9%\nACCURACY 65.9%', 'ACCURACY', 'Struggling students\n7\nWeak Concepts\n0']
        Preboard 1: acc=None  str=None (raw='None' el='None')  wk=None (raw='None' el='None')
        Preboard 1: weakest=[]
        Preboard 1: strongest=[]
    [92m✔[0m [92m[PASS][0m  [Preboard 1] Accuracy % readable  [2m65.9%[0m
    [92m✔[0m [92m[PASS][0m  [Preboard 1] Struggling students count  [2m7 students[0m
    [92m✔[0m [92m[PASS][0m  [Preboard 1] Weak Concepts count  [2m0 concepts[0m
    [92m✔[0m [92m[PASS][0m  [Preboard 1] Weakest Concepts list ≥ 1 item  [2m4 items: ['1\nTypes of Functions\nImproved', '1\nTypes of Functions', 'Types of Functions'][0m
    [92m✔[0m [92m[PASS][0m  [Preboard 1] Strongest Concepts list ≥ 1 item  [2m8 items[0m
      [2mPreboard 1:[0m  Accuracy=[92m[1m65.9%[0m  Struggling=[93m[1m7[0m  WeakConcepts=[96m0[0m
        Weakest : ['1\nTypes of Functions\nImproved', '1\nTypes of Functions', 'Types of Functions', 'Improved']
        Strongest: ['Types of Relations\n78%\nImproved', 'Types of Relations', '78%\nImproved 78% [Improved]', '↗ 13.6%\nIMPROVED', '↗ 13.6% [IMPROVED]', 'Premium Feature', 'Remediation Plan for this chapter', "Make sure you don't have to worry about this chapter again!"]
    [92m✔[0m [92m[PASS][0m  Concept pill badges present  [2m['Improved', 'IMPROVED'][0m

      [96m┌─ HEADER ACCURACY BADGE ──────────────────────────────────────┐[0m
      [96m│[0m Preboard 1 accuracy : [91m[1mNOT FOUND[0m
      [96m└────────────────────────────────────────────────────────────┘[0m

      [93m┌─ WHY SECTION ─────────────────────────────────────────────┐[0m
      [93m│[0m Heading : Why this chapter improved
      [93m│[0m Text    : Good improvement of 13.6% in this chapter. Students have strengthened …
      [93m│[0m Change %: [92m[1m+13.6%[0m
      [93m└───────────────────────────────────────────────────────┘[0m

  [1m[92m▲  [97mDeterminants[0m  [92m+10.1%[0m
  ─────────────────────────────────────────────────────────────────
    [92m✔[0m [92m[PASS][0m  Loc 1 · Card list badge % readable  [2m+10.1%[0m
    [92m✔[0m [92m[PASS][0m  Card clickable / detail panel opens
    [92m✔[0m [92m[PASS][0m  Loc 2 · IMPROVED/DECLINED chip % readable  [2m+10.1%[0m
    [92m✔[0m [92m[PASS][0m  Loc 3 · Change in chapter average badge  [2m+10.1%[0m
    [92m✔[0m [92m[PASS][0m  Loc 4 · Why-text % (change or accuracy)  [2mchange%=+10.1%[0m
    [91m✘[0m [91m[FAIL][0m  Header accuracy badge readable  [2mNOT FOUND[0m
    [92m✔[0m [92m[PASS][0m  ✦ 4-Way Consistency Loc1==Loc2==Loc3==Loc4  [2mL1=+10.1%  L2=+10.1%  L3=+10.1%  L4=+10.1%[0m
    [92m✔[0m [92m[PASS][0m  'Why this chapter' heading present  [2mWhy this chapter improved[0m
    [92m✔[0m [92m[PASS][0m  Explanation body text present  [2mGood improvement of 10.1% in this chapter. Students have str…[0m
    [92m✔[0m [92m[PASS][0m  Midterm panel visible
    [92m✔[0m [92m[PASS][0m  Preboard 1 panel visible
    [92m✔[0m [92m[PASS][0m  ACCURACY label present
    [92m✔[0m [92m[PASS][0m  Weakest Concepts section
    [92m✔[0m [92m[PASS][0m  Strongest Concepts section
    [92m✔[0m [92m[PASS][0m  Struggling students label
    [92m✔[0m [92m[PASS][0m  Weak Concepts label
    [92m✔[0m [92m[PASS][0m  IMPROVED/DECLINED chip
    [92m✔[0m [92m[PASS][0m  Change in chapter average
        Midterm: acc=None  str=None (raw='None' el='None')  wk=None (raw='None' el='None')
        Midterm: weakest=[]
        Midterm: strongest=[]
    [92m✔[0m [92m[PASS][0m  [Midterm] Accuracy % readable  [2m63.3%[0m
    [92m✔[0m [92m[PASS][0m  [Midterm] Struggling students count  [2m10 students[0m
    [92m✔[0m [92m[PASS][0m  [Midterm] Weak Concepts count  [2m2 concepts[0m
    [92m✔[0m [92m[PASS][0m  [Midterm] Weakest Concepts list ≥ 1 item  [2m5 items: ['1\nDeterminant of a Matrix\n2\nAdjoint & Inverse', '1\nDeterminant of a Matrix', 'Determinant of a Matrix'][0m
    [92m✔[0m [92m[PASS][0m  [Midterm] Strongest Concepts list ≥ 1 item  [2m8 items[0m
      [2mMidterm:[0m  Accuracy=[92m[1m63.3%[0m  Struggling=[93m[1m10[0m  WeakConcepts=[96m2[0m
        Weakest : ['1\nDeterminant of a Matrix\n2\nAdjoint & Inverse', '1\nDeterminant of a Matrix', 'Determinant of a Matrix', '2\nAdjoint & Inverse', 'Adjoint & Inverse']
        Strongest: ['Preboard 1\nOct 11, 2025', 'Preboard 1', 'Oct 11, 2025', '73.4%\nACCURACY 73.4%', 'ACCURACY', 'Struggling students\n5\nWeak Concepts\n0', 'Struggling students\n5', 'Struggling students']
        Preboard 1: acc=None  str=None (raw='None' el='None')  wk=None (raw='None' el='None')
        Preboard 1: weakest=[]
        Preboard 1: strongest=[]
    [92m✔[0m [92m[PASS][0m  [Preboard 1] Accuracy % readable  [2m73.4%[0m
    [92m✔[0m [92m[PASS][0m  [Preboard 1] Struggling students count  [2m5 students[0m
    [92m✔[0m [92m[PASS][0m  [Preboard 1] Weak Concepts count  [2m0 concepts[0m
    [92m✔[0m [92m[PASS][0m  [Preboard 1] Weakest Concepts list ≥ 1 item  [2m3 items: ['2\nProperties of Determinants\nNew', '2\nProperties of Determinants', 'Properties of Determinants'][0m
    [92m✔[0m [92m[PASS][0m  [Preboard 1] Strongest Concepts list ≥ 1 item  [2m8 items[0m
      [2mPreboard 1:[0m  Accuracy=[92m[1m73.4%[0m  Struggling=[93m[1m5[0m  WeakConcepts=[96m0[0m
        Weakest : ['2\nProperties of Determinants\nNew', '2\nProperties of Determinants', 'Properties of Determinants']
        Strongest: ['Adjoint & Inverse\n78%\nImproved\nDeterminant of a Matrix\n78%\nImproved', 'Adjoint & Inverse\n78%\nImproved', 'Adjoint & Inverse', '78%\nImproved 78% [Improved]', 'Determinant of a Matrix\n78%\nImproved', 'Determinant of a Matrix', '↗ 10.1%\nIMPROVED', '↗ 10.1% [IMPROVED]']
    [92m✔[0m [92m[PASS][0m  Concept pill badges present  [2m['Improved', 'New', 'IMPROVED'][0m

      [96m┌─ HEADER ACCURACY BADGE ──────────────────────────────────────┐[0m
      [96m│[0m Preboard 1 accuracy : [91m[1mNOT FOUND[0m
      [96m└────────────────────────────────────────────────────────────┘[0m

      [93m┌─ WHY SECTION ─────────────────────────────────────────────┐[0m
      [93m│[0m Heading : Why this chapter improved
      [93m│[0m Text    : Good improvement of 10.1% in this chapter. Students have strengthened …
      [93m│[0m Change %: [92m[1m+10.1%[0m
      [93m└───────────────────────────────────────────────────────┘[0m

  [1m[92m▲  [97mContinuity & Differentiability[0m  [92m+8.2%[0m
  ─────────────────────────────────────────────────────────────────
    [92m✔[0m [92m[PASS][0m  Loc 1 · Card list badge % readable  [2m+8.2%[0m
    [92m✔[0m [92m[PASS][0m  Card clickable / detail panel opens
    [92m✔[0m [92m[PASS][0m  Loc 2 · IMPROVED/DECLINED chip % readable  [2m+8.2%[0m
    [92m✔[0m [92m[PASS][0m  Loc 3 · Change in chapter average badge  [2m+8.2%[0m
    [92m✔[0m [92m[PASS][0m  Loc 4 · Why-text % (change or accuracy)  [2mchange%=+8.2%[0m
    [91m✘[0m [91m[FAIL][0m  Header accuracy badge readable  [2mNOT FOUND[0m
    [92m✔[0m [92m[PASS][0m  ✦ 4-Way Consistency Loc1==Loc2==Loc3==Loc4  [2mL1=+8.2%  L2=+8.2%  L3=+8.2%  L4=+8.2%[0m
    [92m✔[0m [92m[PASS][0m  'Why this chapter' heading present  [2mWhy this chapter improved[0m
    [92m✔[0m [92m[PASS][0m  Explanation body text present  [2mSlight improvement of 8.2% as students are making progress. …[0m
    [92m✔[0m [92m[PASS][0m  Midterm panel visible
    [92m✔[0m [92m[PASS][0m  Preboard 1 panel visible
    [92m✔[0m [92m[PASS][0m  ACCURACY label present
    [92m✔[0m [92m[PASS][0m  Weakest Concepts section
    [92m✔[0m [92m[PASS][0m  Strongest Concepts section
    [92m✔[0m [92m[PASS][0m  Struggling students label
    [92m✔[0m [92m[PASS][0m  Weak Concepts label
    [92m✔[0m [92m[PASS][0m  IMPROVED/DECLINED chip
    [92m✔[0m [92m[PASS][0m  Change in chapter average
        Midterm: acc=None  str=None (raw='None' el='None')  wk=None (raw='None' el='None')
        Midterm: weakest=[]
        Midterm: strongest=[]
    [92m✔[0m [92m[PASS][0m  [Midterm] Accuracy % readable  [2m65.4%[0m
    [92m✔[0m [92m[PASS][0m  [Midterm] Struggling students count  [2m9 students[0m
    [92m✔[0m [92m[PASS][0m  [Midterm] Weak Concepts count  [2m0 concepts[0m
    [92m✔[0m [92m[PASS][0m  [Midterm] Weakest Concepts list ≥ 1 item  [2m6 items: ['1\nContinuity', 'Continuity', '2\nSecond Order Derivative'][0m
    [92m✔[0m [92m[PASS][0m  [Midterm] Strongest Concepts list ≥ 1 item  [2m8 items[0m
      [2mMidterm:[0m  Accuracy=[92m[1m65.4%[0m  Struggling=[93m[1m9[0m  WeakConcepts=[96m0[0m
        Weakest : ['1\nContinuity', 'Continuity', '2\nSecond Order Derivative', 'Second Order Derivative', '3\nParametric & Implicit Differentiation', 'Parametric & Implicit Differentiation']
        Strongest: ['Rules of Differentiations\n79%', 'Rules of Differentiations 79%', 'Exponential & Logarithmic Functions/Logarithmic Properties\n75%', 'Exponential & Logarithmic Functions/Logarithmic Properties 75%', 'Preboard 1\nOct 11, 2025', 'Preboard 1', 'Oct 11, 2025', '73.6%\nACCURACY 73.6%']
        Preboard 1: acc=None  str=None (raw='None' el='None')  wk=None (raw='None' el='None')
        Preboard 1: weakest=[]
        Preboard 1: strongest=[]
    [92m✔[0m [92m[PASS][0m  [Preboard 1] Accuracy % readable  [2m73.6%[0m
    [92m✔[0m [92m[PASS][0m  [Preboard 1] Struggling students count  [2m5 students[0m
    [92m✔[0m [92m[PASS][0m  [Preboard 1] Weak Concepts count  [2m0 concepts[0m
    [92m✔[0m [92m[PASS][0m  [Preboard 1] Weakest Concepts list ≥ 1 item  [2m6 items: ['1\nDerivatives of Inverse Trig Functions\nNew', '1\nDerivatives of Inverse Trig Functions', 'Derivatives of Inverse Trig Functions'][0m
    [92m✔[0m [92m[PASS][0m  [Preboard 1] Strongest Concepts list ≥ 1 item  [2m8 items[0m
      [2mPreboard 1:[0m  Accuracy=[92m[1m73.6%[0m  Struggling=[93m[1m5[0m  WeakConcepts=[96m0[0m
        Weakest : ['1\nDerivatives of Inverse Trig Functions\nNew', '1\nDerivatives of Inverse Trig Functions', 'Derivatives of Inverse Trig Functions', '2\nSecond Order Derivative', 'Second Order Derivative', '3\nExponential & Logarithmic Functions/Logarithmic Properties']
        Strongest: ['Continuity\n80%\nImproved', 'Continuity', '80%\nImproved 80% [Improved]', 'Parametric & Implicit Differentiation\n78%\nImproved', 'Parametric & Implicit Differentiation', '78%\nImproved 78% [Improved]', '↗ 8.2%\nIMPROVED', '↗ 8.2% [IMPROVED]']
    [92m✔[0m [92m[PASS][0m  Concept pill badges present  [2m['Improved', 'New', 'IMPROVED'][0m

      [96m┌─ HEADER ACCURACY BADGE ──────────────────────────────────────┐[0m
      [96m│[0m Preboard 1 accuracy : [91m[1mNOT FOUND[0m
      [96m└────────────────────────────────────────────────────────────┘[0m

      [93m┌─ WHY SECTION ─────────────────────────────────────────────┐[0m
      [93m│[0m Heading : Why this chapter improved
      [93m│[0m Text    : Slight improvement of 8.2% as students are making progress. Students h…
      [93m│[0m Change %: [92m[1m+8.2%[0m
      [93m└───────────────────────────────────────────────────────┘[0m

  [1m[92m▲  [97mIntegrals[0m  [92m+3.7%[0m
  ─────────────────────────────────────────────────────────────────
    [92m✔[0m [92m[PASS][0m  Loc 1 · Card list badge % readable  [2m+3.7%[0m
    [92m✔[0m [92m[PASS][0m  Card clickable / detail panel opens
    [92m✔[0m [92m[PASS][0m  Loc 2 · IMPROVED/DECLINED chip % readable  [2m+3.7%[0m
    [92m✔[0m [92m[PASS][0m  Loc 3 · Change in chapter average badge  [2m+3.7%[0m
    [92m✔[0m [92m[PASS][0m  Loc 4 · Why-text % (change or accuracy)  [2mchange%=+3.7%[0m
    [91m✘[0m [91m[FAIL][0m  Header accuracy badge readable  [2mNOT FOUND[0m
    [92m✔[0m [92m[PASS][0m  ✦ 4-Way Consistency Loc1==Loc2==Loc3==Loc4  [2mL1=+3.7%  L2=+3.7%  L3=+3.7%  L4=+3.7%[0m
    [92m✔[0m [92m[PASS][0m  'Why this chapter' heading present  [2mWhy this chapter improved[0m
    [92m✔[0m [92m[PASS][0m  Explanation body text present  [2mSlight improvement of 3.7% as students are making progress. …[0m
    [92m✔[0m [92m[PASS][0m  Midterm panel visible
    [92m✔[0m [92m[PASS][0m  Preboard 1 panel visible
    [92m✔[0m [92m[PASS][0m  ACCURACY label present
    [92m✔[0m [92m[PASS][0m  Weakest Concepts section
    [92m✔[0m [92m[PASS][0m  Strongest Concepts section
    [92m✔[0m [92m[PASS][0m  Struggling students label
    [92m✔[0m [92m[PASS][0m  Weak Concepts label
    [92m✔[0m [92m[PASS][0m  IMPROVED/DECLINED chip
    [92m✔[0m [92m[PASS][0m  Change in chapter average
        Midterm: acc=None  str=None (raw='None' el='None')  wk=None (raw='None' el='None')
        Midterm: weakest=[]
        Midterm: strongest=[]
    [92m✔[0m [92m[PASS][0m  [Midterm] Accuracy % readable  [2m46.5%[0m
    [92m✔[0m [92m[PASS][0m  [Midterm] Struggling students count  [2m17 students[0m
    [92m✔[0m [92m[PASS][0m  [Midterm] Weak Concepts count  [2m2 concepts[0m
    [92m✔[0m [92m[PASS][0m  [Midterm] Weakest Concepts list ≥ 1 item  [2m6 items: ['1\nPartial Fractions', 'Partial Fractions', '2\nIntegration by Parts'][0m
    [92m✔[0m [92m[PASS][0m  [Midterm] Strongest Concepts list ≥ 1 item  [2m8 items[0m
      [2mMidterm:[0m  Accuracy=[92m[1m46.5%[0m  Struggling=[93m[1m17[0m  WeakConcepts=[96m2[0m
        Weakest : ['1\nPartial Fractions', 'Partial Fractions', '2\nIntegration by Parts', 'Integration by Parts', '3\nProperties of Definite Integrals', 'Properties of Definite Integrals']
        Strongest: ['Definite Integrals\n64%', 'Definite Integrals 64%', 'Integration by Substitution\n64%', 'Integration by Substitution 64%', 'Rules of integrals\n64%', 'Rules of integrals 64%', 'Preboard 1\nOct 11, 2025', 'Preboard 1']
        Preboard 1: acc=None  str=None (raw='None' el='None')  wk=None (raw='None' el='None')
        Preboard 1: weakest=[]
        Preboard 1: strongest=[]
    [92m✔[0m [92m[PASS][0m  [Preboard 1] Accuracy % readable  [2m50.2%[0m
    [92m✔[0m [92m[PASS][0m  [Preboard 1] Struggling students count  [2m13 students[0m
    [92m✔[0m [92m[PASS][0m  [Preboard 1] Weak Concepts count  [2m1 concepts[0m
    [92m✔[0m [92m[PASS][0m  [Preboard 1] Weakest Concepts list ≥ 1 item  [2m5 items: ['1\nIntegration by Substitution\n2\nRules of integrals', '1\nIntegration by Substitution', 'Integration by Substitution'][0m
    [92m✔[0m [92m[PASS][0m  [Preboard 1] Strongest Concepts list ≥ 1 item  [2m8 items[0m
      [2mPreboard 1:[0m  Accuracy=[92m[1m50.2%[0m  Struggling=[93m[1m13[0m  WeakConcepts=[96m1[0m
        Weakest : ['1\nIntegration by Substitution\n2\nRules of integrals', '1\nIntegration by Substitution', 'Integration by Substitution', '2\nRules of integrals', 'Rules of integrals']
        Strongest: ['Indefinite Integrals (Anti derivatives)\n63%\nNew', 'Indefinite Integrals (Anti derivatives)', '63%\nNew 63% [New]', 'Partial Fractions\n53%\nImproved', 'Partial Fractions', '53%\nImproved 53% [Improved]', '↗ 3.7%\nIMPROVED', '↗ 3.7% [IMPROVED]']
    [92m✔[0m [92m[PASS][0m  Concept pill badges present  [2m['Improved', 'New', 'IMPROVED'][0m

      [96m┌─ HEADER ACCURACY BADGE ──────────────────────────────────────┐[0m
      [96m│[0m Preboard 1 accuracy : [91m[1mNOT FOUND[0m
      [96m└────────────────────────────────────────────────────────────┘[0m

      [93m┌─ WHY SECTION ─────────────────────────────────────────────┐[0m
      [93m│[0m Heading : Why this chapter improved
      [93m│[0m Text    : Slight improvement of 3.7% as students are making progress. Students h…
      [93m│[0m Change %: [92m[1m+3.7%[0m
      [93m└───────────────────────────────────────────────────────┘[0m

  [1m[92m▲  [97mLinear Programming[0m  [92m+3.3%[0m
  ─────────────────────────────────────────────────────────────────
    [92m✔[0m [92m[PASS][0m  Loc 1 · Card list badge % readable  [2m+3.3%[0m
    [92m✔[0m [92m[PASS][0m  Card clickable / detail panel opens
    [92m✔[0m [92m[PASS][0m  Loc 2 · IMPROVED/DECLINED chip % readable  [2m+3.3%[0m
    [92m✔[0m [92m[PASS][0m  Loc 3 · Change in chapter average badge  [2m+3.3%[0m
    [92m✔[0m [92m[PASS][0m  Loc 4 · Why-text % (change or accuracy)  [2mchange%=+3.3%[0m
    [91m✘[0m [91m[FAIL][0m  Header accuracy badge readable  [2mNOT FOUND[0m
    [92m✔[0m [92m[PASS][0m  ✦ 4-Way Consistency Loc1==Loc2==Loc3==Loc4  [2mL1=+3.3%  L2=+3.3%  L3=+3.3%  L4=+3.3%[0m
    [92m✔[0m [92m[PASS][0m  'Why this chapter' heading present  [2mWhy this chapter improved[0m
    [92m✔[0m [92m[PASS][0m  Explanation body text present  [2mSlight improvement of 3.3% as students are making progress. …[0m
    [92m✔[0m [92m[PASS][0m  Midterm panel visible
    [92m✔[0m [92m[PASS][0m  Preboard 1 panel visible
    [92m✔[0m [92m[PASS][0m  ACCURACY label present
    [92m✔[0m [92m[PASS][0m  Weakest Concepts section
    [92m✔[0m [92m[PASS][0m  Strongest Concepts section
    [92m✔[0m [92m[PASS][0m  Struggling students label
    [92m✔[0m [92m[PASS][0m  Weak Concepts label
    [92m✔[0m [92m[PASS][0m  IMPROVED/DECLINED chip
    [92m✔[0m [92m[PASS][0m  Change in chapter average
        Midterm: acc=None  str=None (raw='None' el='None')  wk=None (raw='None' el='None')
        Midterm: weakest=[]
        Midterm: strongest=[]
    [92m✔[0m [92m[PASS][0m  [Midterm] Accuracy % readable  [2m64.8%[0m
    [92m✔[0m [92m[PASS][0m  [Midterm] Struggling students count  [2m6 students[0m
    [92m✔[0m [92m[PASS][0m  [Midterm] Weak Concepts count  [2m0 concepts[0m
    [92m✔[0m [92m[PASS][0m  [Midterm] Weakest Concepts list ≥ 1 item  [2m2 items: ['1\nGraphical method of solution for problems in two variables', 'Graphical method of solution for problems in two variables'][0m
    [92m✔[0m [92m[PASS][0m  [Midterm] Strongest Concepts list ≥ 1 item  [2m8 items[0m
      [2mMidterm:[0m  Accuracy=[92m[1m64.8%[0m  Struggling=[93m[1m6[0m  WeakConcepts=[96m0[0m
        Weakest : ['1\nGraphical method of solution for problems in two variables', 'Graphical method of solution for problems in two variables']
        Strongest: ['Feasible Region\n65%', 'Feasible Region 65%', 'Preboard 1\nOct 11, 2025', 'Preboard 1', 'Oct 11, 2025', '68.1%\nACCURACY 68.1%', 'ACCURACY', 'Struggling students\n7\nWeak Concepts\n0']
        Preboard 1: acc=None  str=None (raw='None' el='None')  wk=None (raw='None' el='None')
        Preboard 1: weakest=[]
        Preboard 1: strongest=[]
    [92m✔[0m [92m[PASS][0m  [Preboard 1] Accuracy % readable  [2m68.1%[0m
    [92m✔[0m [92m[PASS][0m  [Preboard 1] Struggling students count  [2m7 students[0m
    [92m✔[0m [92m[PASS][0m  [Preboard 1] Weak Concepts count  [2m0 concepts[0m
    [92m✔[0m [92m[PASS][0m  [Preboard 1] Weakest Concepts list ≥ 1 item  [2m4 items: ['1\nGraphical method of solution for problems in two variables\nImproved', '1\nGraphical method of solution for problems in two variables', 'Graphical method of solution for problems in two variables'][0m
    [92m✔[0m [92m[PASS][0m  [Preboard 1] Strongest Concepts list ≥ 1 item  [2m8 items[0m
      [2mPreboard 1:[0m  Accuracy=[92m[1m68.1%[0m  Struggling=[93m[1m7[0m  WeakConcepts=[96m0[0m
        Weakest : ['1\nGraphical method of solution for problems in two variables\nImproved', '1\nGraphical method of solution for problems in two variables', 'Graphical method of solution for problems in two variables', 'Improved']
        Strongest: ['Objective Function\n69%\nNew', 'Objective Function', '69%\nNew 69% [New]', '↗ 3.3%\nIMPROVED', '↗ 3.3% [IMPROVED]', 'Premium Feature', 'Remediation Plan for this chapter', "Make sure you don't have to worry about this chapter again!"]
    [92m✔[0m [92m[PASS][0m  Concept pill badges present  [2m['Improved', 'New', 'IMPROVED'][0m

      [96m┌─ HEADER ACCURACY BADGE ──────────────────────────────────────┐[0m
      [96m│[0m Preboard 1 accuracy : [91m[1mNOT FOUND[0m
      [96m└────────────────────────────────────────────────────────────┘[0m

      [93m┌─ WHY SECTION ─────────────────────────────────────────────┐[0m
      [93m│[0m Heading : Why this chapter improved
      [93m│[0m Text    : Slight improvement of 3.3% as students are making progress. Students h…
      [93m│[0m Change %: [92m[1m+3.3%[0m
      [93m└───────────────────────────────────────────────────────┘[0m

  [1m[91m▼  [97mApplication of Integrals[0m  [91m-3.6%[0m
  ─────────────────────────────────────────────────────────────────
    [92m✔[0m [92m[PASS][0m  Loc 1 · Card list badge % readable  [2m-3.6%[0m
    [92m✔[0m [92m[PASS][0m  Card clickable / detail panel opens
    [92m✔[0m [92m[PASS][0m  Loc 2 · IMPROVED/DECLINED chip % readable  [2m-3.6%[0m
    [92m✔[0m [92m[PASS][0m  Loc 3 · Change in chapter average badge  [2m-3.6%[0m
    [92m✔[0m [92m[PASS][0m  Loc 4 · Why-text % (change or accuracy)  [2mchange%=-3.6%[0m
    [91m✘[0m [91m[FAIL][0m  Header accuracy badge readable  [2mNOT FOUND[0m
    [92m✔[0m [92m[PASS][0m  ✦ 4-Way Consistency Loc1==Loc2==Loc3==Loc4  [2mL1=-3.6%  L2=-3.6%  L3=-3.6%  L4=-3.6%[0m
    [92m✔[0m [92m[PASS][0m  'Why this chapter' heading present  [2mWhy this chapter declined[0m
    [92m✔[0m [92m[PASS][0m  Explanation body text present  [2mThere was a slight decline of 3.6% in this chapter. Struggli…[0m
    [92m✔[0m [92m[PASS][0m  Midterm panel visible
    [92m✔[0m [92m[PASS][0m  Preboard 1 panel visible
    [92m✔[0m [92m[PASS][0m  ACCURACY label present
    [92m✔[0m [92m[PASS][0m  Weakest Concepts section
    [92m✔[0m [92m[PASS][0m  Strongest Concepts section
    [92m✔[0m [92m[PASS][0m  Struggling students label
    [92m✔[0m [92m[PASS][0m  Weak Concepts label
    [92m✔[0m [92m[PASS][0m  IMPROVED/DECLINED chip
    [92m✔[0m [92m[PASS][0m  Change in chapter average
        Midterm: acc=None  str=None (raw='None' el='None')  wk=None (raw='None' el='None')
        Midterm: weakest=[]
        Midterm: strongest=[]
    [92m✔[0m [92m[PASS][0m  [Midterm] Accuracy % readable  [2m57.8%[0m
    [92m✔[0m [92m[PASS][0m  [Midterm] Struggling students count  [2m8 students[0m
    [92m✔[0m [92m[PASS][0m  [Midterm] Weak Concepts count  [2m0 concepts[0m
    [92m✔[0m [92m[PASS][0m  [Midterm] Weakest Concepts list ≥ 1 item  [2m2 items: ['1\nArea under Curves', 'Area under Curves'][0m
    [92m✔[0m [92m[PASS][0m  [Midterm] Strongest Concepts list ≥ 1 item  [2m8 items[0m
      [2mMidterm:[0m  Accuracy=[92m[1m57.8%[0m  Struggling=[93m[1m8[0m  WeakConcepts=[96m0[0m
        Weakest : ['1\nArea under Curves', 'Area under Curves']
        Strongest: ['No Strongest Concepts Available', 'Preboard 1\nOct 11, 2025', 'Preboard 1', 'Oct 11, 2025', '54.2%\nACCURACY 54.2%', 'ACCURACY', 'Struggling students\n11\nWeak Concepts\n0', 'Struggling students\n11']
        Preboard 1: acc=None  str=None (raw='None' el='None')  wk=None (raw='None' el='None')
        Preboard 1: weakest=[]
        Preboard 1: strongest=[]
    [92m✔[0m [92m[PASS][0m  [Preboard 1] Accuracy % readable  [2m54.2%[0m
    [92m✔[0m [92m[PASS][0m  [Preboard 1] Struggling students count  [2m11 students[0m
    [92m✔[0m [92m[PASS][0m  [Preboard 1] Weak Concepts count  [2m0 concepts[0m
    [92m✔[0m [92m[PASS][0m  [Preboard 1] Weakest Concepts list ≥ 1 item  [2m2 items: ['1\nArea under Curves', 'Area under Curves'][0m
    [92m✔[0m [92m[PASS][0m  [Preboard 1] Strongest Concepts list ≥ 1 item  [2m8 items[0m
      [2mPreboard 1:[0m  Accuracy=[92m[1m54.2%[0m  Struggling=[93m[1m11[0m  WeakConcepts=[96m0[0m
        Weakest : ['1\nArea under Curves', 'Area under Curves']
        Strongest: ['No Strongest Concepts Available', '↘ 3.6%\nDECLINED', '↘ 3.6% [DECLINED]', 'Premium Feature', 'Remediation Plan for this chapter', "Make sure you don't have to worry about this chapter again!", 'Create Lesson Plans\nAccess Teaching Materials', 'Create Lesson Plans']
    [92m✔[0m [92m[PASS][0m  Concept pill badges present  [2m['DECLINED'][0m

      [96m┌─ HEADER ACCURACY BADGE ──────────────────────────────────────┐[0m
      [96m│[0m Preboard 1 accuracy : [91m[1mNOT FOUND[0m
      [96m└────────────────────────────────────────────────────────────┘[0m

      [93m┌─ WHY SECTION ─────────────────────────────────────────────┐[0m
      [93m│[0m Heading : Why this chapter declined
      [93m│[0m Text    : There was a slight decline of 3.6% in this chapter. Struggling student…
      [93m│[0m Change %: [91m[1m-3.6%[0m
      [93m└───────────────────────────────────────────────────────┘[0m

  [1m[91m▼  [97mMatrices[0m  [91m-7.9%[0m
  ─────────────────────────────────────────────────────────────────
    [92m✔[0m [92m[PASS][0m  Loc 1 · Card list badge % readable  [2m-7.9%[0m
    [92m✔[0m [92m[PASS][0m  Card clickable / detail panel opens
    [92m✔[0m [92m[PASS][0m  Loc 2 · IMPROVED/DECLINED chip % readable  [2m-7.9%[0m
    [92m✔[0m [92m[PASS][0m  Loc 3 · Change in chapter average badge  [2m-7.9%[0m
    [92m✔[0m [92m[PASS][0m  Loc 4 · Why-text % (change or accuracy)  [2mchange%=-7.9%[0m
    [91m✘[0m [91m[FAIL][0m  Header accuracy badge readable  [2mNOT FOUND[0m
    [92m✔[0m [92m[PASS][0m  ✦ 4-Way Consistency Loc1==Loc2==Loc3==Loc4  [2mL1=-7.9%  L2=-7.9%  L3=-7.9%  L4=-7.9%[0m
    [92m✔[0m [92m[PASS][0m  'Why this chapter' heading present  [2mWhy this chapter declined[0m
    [92m✔[0m [92m[PASS][0m  Explanation body text present  [2mThere was a slight decline of 7.9% in this chapter. 'Transpo…[0m
    [92m✔[0m [92m[PASS][0m  Midterm panel visible
    [92m✔[0m [92m[PASS][0m  Preboard 1 panel visible
    [92m✔[0m [92m[PASS][0m  ACCURACY label present
    [92m✔[0m [92m[PASS][0m  Weakest Concepts section
    [92m✔[0m [92m[PASS][0m  Strongest Concepts section
    [92m✔[0m [92m[PASS][0m  Struggling students label
    [92m✔[0m [92m[PASS][0m  Weak Concepts label
    [92m✔[0m [92m[PASS][0m  IMPROVED/DECLINED chip
    [92m✔[0m [92m[PASS][0m  Change in chapter average
        Midterm: acc=None  str=None (raw='None' el='None')  wk=None (raw='None' el='None')
        Midterm: weakest=[]
        Midterm: strongest=[]
    [92m✔[0m [92m[PASS][0m  [Midterm] Accuracy % readable  [2m72%[0m
    [92m✔[0m [92m[PASS][0m  [Midterm] Struggling students count  [2m5 students[0m
    [92m✔[0m [92m[PASS][0m  [Midterm] Weak Concepts count  [2m0 concepts[0m
    [92m✔[0m [92m[PASS][0m  [Midterm] Weakest Concepts list ≥ 1 item  [2m5 items: ['1\nMatrix Operations\n2\nInverse Matrices', '1\nMatrix Operations', 'Matrix Operations'][0m
    [92m✔[0m [92m[PASS][0m  [Midterm] Strongest Concepts list ≥ 1 item  [2m8 items[0m
      [2mMidterm:[0m  Accuracy=[92m[1m72%[0m  Struggling=[93m[1m5[0m  WeakConcepts=[96m0[0m
        Weakest : ['1\nMatrix Operations\n2\nInverse Matrices', '1\nMatrix Operations', 'Matrix Operations', '2\nInverse Matrices', 'Inverse Matrices']
        Strongest: ['Transpose, Symmetric & Skew-symmetric\n81%', 'Transpose, Symmetric & Skew-symmetric 81%', 'Basics & Types of Matrices\n76%', 'Basics & Types of Matrices 76%', 'Preboard 1\nOct 11, 2025', 'Preboard 1', 'Oct 11, 2025', '64.1%\nACCURACY 64.1%']
        Preboard 1: acc=None  str=None (raw='None' el='None')  wk=None (raw='None' el='None')
        Preboard 1: weakest=[]
        Preboard 1: strongest=[]
    [92m✔[0m [92m[PASS][0m  [Preboard 1] Accuracy % readable  [2m64.1%[0m
    [92m✔[0m [92m[PASS][0m  [Preboard 1] Struggling students count  [2m5 students[0m
    [92m✔[0m [92m[PASS][0m  [Preboard 1] Weak Concepts count  [2m0 concepts[0m
    [92m✔[0m [92m[PASS][0m  [Preboard 1] Weakest Concepts list ≥ 1 item  [2m2 items: ['1\nTranspose, Symmetric & Skew-symmetric', 'Transpose, Symmetric & Skew-symmetric'][0m
    [92m✔[0m [92m[PASS][0m  [Preboard 1] Strongest Concepts list ≥ 1 item  [2m8 items[0m
      [2mPreboard 1:[0m  Accuracy=[92m[1m64.1%[0m  Struggling=[93m[1m5[0m  WeakConcepts=[96m0[0m
        Weakest : ['1\nTranspose, Symmetric & Skew-symmetric', 'Transpose, Symmetric & Skew-symmetric']
        Strongest: ['Matrix Operations\n81%\nImproved', 'Matrix Operations', '81%\nImproved 81% [Improved]', '↘ 7.9%\nDECLINED', '↘ 7.9% [DECLINED]', 'Premium Feature', 'Remediation Plan for this chapter', "Make sure you don't have to worry about this chapter again!"]
    [92m✔[0m [92m[PASS][0m  Concept pill badges present  [2m['Improved', 'DECLINED'][0m

      [96m┌─ HEADER ACCURACY BADGE ──────────────────────────────────────┐[0m
      [96m│[0m Preboard 1 accuracy : [91m[1mNOT FOUND[0m
      [96m└────────────────────────────────────────────────────────────┘[0m

      [93m┌─ WHY SECTION ─────────────────────────────────────────────┐[0m
      [93m│[0m Heading : Why this chapter declined
      [93m│[0m Text    : There was a slight decline of 7.9% in this chapter. 'Transpose, Symmet…
      [93m│[0m Change %: [91m[1m-7.9%[0m
      [93m└───────────────────────────────────────────────────────┘[0m

  [1m[91m▼  [97mInverse Trigonometric Functions[0m  [91m-10.4%[0m
  ─────────────────────────────────────────────────────────────────
    [92m✔[0m [92m[PASS][0m  Loc 1 · Card list badge % readable  [2m-10.4%[0m
    [92m✔[0m [92m[PASS][0m  Card clickable / detail panel opens
    [92m✔[0m [92m[PASS][0m  Loc 2 · IMPROVED/DECLINED chip % readable  [2m-10.4%[0m
    [92m✔[0m [92m[PASS][0m  Loc 3 · Change in chapter average badge  [2m-10.4%[0m
    [92m✔[0m [92m[PASS][0m  Loc 4 · Why-text % (change or accuracy)  [2mchange%=-10.4%[0m
    [91m✘[0m [91m[FAIL][0m  Header accuracy badge readable  [2mNOT FOUND[0m
    [92m✔[0m [92m[PASS][0m  ✦ 4-Way Consistency Loc1==Loc2==Loc3==Loc4  [2mL1=-10.4%  L2=-10.4%  L3=-10.4%  L4=-10.4%[0m
    [92m✔[0m [92m[PASS][0m  'Why this chapter' heading present  [2mWhy this chapter declined[0m
    [92m✔[0m [92m[PASS][0m  Explanation body text present  [2mPerformance declined by 10.4% compared to Midterm. Strugglin…[0m
    [92m✔[0m [92m[PASS][0m  Midterm panel visible
    [92m✔[0m [92m[PASS][0m  Preboard 1 panel visible
    [92m✔[0m [92m[PASS][0m  ACCURACY label present
    [92m✔[0m [92m[PASS][0m  Weakest Concepts section
    [92m✔[0m [92m[PASS][0m  Strongest Concepts section
    [92m✔[0m [92m[PASS][0m  Struggling students label
    [92m✔[0m [92m[PASS][0m  Weak Concepts label
    [92m✔[0m [92m[PASS][0m  IMPROVED/DECLINED chip
    [92m✔[0m [92m[PASS][0m  Change in chapter average
        Midterm: acc=None  str=None (raw='None' el='None')  wk=None (raw='None' el='None')
        Midterm: weakest=[]
        Midterm: strongest=[]
    [92m✔[0m [92m[PASS][0m  [Midterm] Accuracy % readable  [2m82.3%[0m
    [92m✔[0m [92m[PASS][0m  [Midterm] Struggling students count  [2m4 students[0m
    [92m✔[0m [92m[PASS][0m  [Midterm] Weak Concepts count  [2m0 concepts[0m
    [92m✔[0m [92m[PASS][0m  [Midterm] Weakest Concepts list ≥ 1 item  [2m2 items: ['1\nPrincipal Values (Domain and Range)', 'Principal Values (Domain and Range)'][0m
    [92m✔[0m [92m[PASS][0m  [Midterm] Strongest Concepts list ≥ 1 item  [2m8 items[0m
      [2mMidterm:[0m  Accuracy=[92m[1m82.3%[0m  Struggling=[93m[1m4[0m  WeakConcepts=[96m0[0m
        Weakest : ['1\nPrincipal Values (Domain and Range)', 'Principal Values (Domain and Range)']
        Strongest: ['Algebra of Inverse Trig Functions\n87%', 'Algebra of Inverse Trig Functions 87%', 'Preboard 1\nOct 11, 2025', 'Preboard 1', 'Oct 11, 2025', '71.9%\nACCURACY 71.9%', 'ACCURACY', 'Struggling students\n10\nWeak Concepts\n0']
        Preboard 1: acc=None  str=None (raw='None' el='None')  wk=None (raw='None' el='None')
        Preboard 1: weakest=[]
        Preboard 1: strongest=[]
    [92m✔[0m [92m[PASS][0m  [Preboard 1] Accuracy % readable  [2m71.9%[0m
    [92m✔[0m [92m[PASS][0m  [Preboard 1] Struggling students count  [2m10 students[0m
    [92m✔[0m [92m[PASS][0m  [Preboard 1] Weak Concepts count  [2m0 concepts[0m
    [92m✔[0m [92m[PASS][0m  [Preboard 1] Weakest Concepts list ≥ 1 item  [2m2 items: ['1\nAlgebra of Inverse Trig Functions', 'Algebra of Inverse Trig Functions'][0m
    [92m✔[0m [92m[PASS][0m  [Preboard 1] Strongest Concepts list ≥ 1 item  [2m8 items[0m
      [2mPreboard 1:[0m  Accuracy=[92m[1m71.9%[0m  Struggling=[93m[1m10[0m  WeakConcepts=[96m0[0m
        Weakest : ['1\nAlgebra of Inverse Trig Functions', 'Algebra of Inverse Trig Functions']
        Strongest: ['Principal Values (Domain and Range)\n84%\nImproved', 'Principal Values (Domain and Range)', '84%\nImproved 84% [Improved]', '↘ 10.4%\nDECLINED', '↘ 10.4% [DECLINED]', 'Premium Feature', 'Remediation Plan for this chapter', "Make sure you don't have to worry about this chapter again!"]
    [92m✔[0m [92m[PASS][0m  Concept pill badges present  [2m['Improved', 'DECLINED'][0m

      [96m┌─ HEADER ACCURACY BADGE ──────────────────────────────────────┐[0m
      [96m│[0m Preboard 1 accuracy : [91m[1mNOT FOUND[0m
      [96m└────────────────────────────────────────────────────────────┘[0m

      [93m┌─ WHY SECTION ─────────────────────────────────────────────┐[0m
      [93m│[0m Heading : Why this chapter declined
      [93m│[0m Text    : Performance declined by 10.4% compared to Midterm. Struggling students…
      [93m│[0m Change %: [91m[1m-10.4%[0m
      [93m└───────────────────────────────────────────────────────┘[0m

[1m[96m════════════════════════════════════════════════════════════════════════
  PHASE 6  ▶  [97mSEARCH BOX FUNCTIONALITY
════════════════════════════════════════════════════════════════════════[0m
    [92m✔[0m [92m[PASS][0m  Search input element present  [2mSearch chapter...[0m
    [92m✔[0m [92m[PASS][0m  Search 'Application' → target visible
    [92m✔[0m [92m[PASS][0m  Search filters non-matching
    [91m✘[0m [91m[FAIL][0m  Search cleared → all restored  [2mmissing 2[0m
    [92m✔[0m [92m[PASS][0m  No-match query → cards hidden

[1m[96m════════════════════════════════════════════════════════════════════════
  PHASE 7  ▶  [97mSTATIC UI LABELS
════════════════════════════════════════════════════════════════════════[0m
    [92m✔[0m [92m[PASS][0m  Sort label 'Chapter Avg'
    [92m✔[0m [92m[PASS][0m  Nav tab 'Overview'
    [92m✔[0m [92m[PASS][0m  Nav tab 'Chapters'
    [92m✔[0m [92m[PASS][0m  Nav tab 'Questions'
    [92m✔[0m [92m[PASS][0m  Nav tab 'Students'
    [92m✔[0m [92m[PASS][0m  'Midterm' header
    [92m✔[0m [92m[PASS][0m  'Preboard 1' header
    [92m✔[0m [92m[PASS][0m  'ACCURACY' label
    [92m✔[0m [92m[PASS][0m  'Struggling students' label
    [92m✔[0m [92m[PASS][0m  'Weak Concepts' label
    [92m✔[0m [92m[PASS][0m  'Weakest Concepts' section
    [92m✔[0m [92m[PASS][0m  'Strongest Concepts' section
    [92m✔[0m [92m[PASS][0m  'Why this chapter' heading
    [92m✔[0m [92m[PASS][0m  IMPROVED/DECLINED chip
    [92m✔[0m [92m[PASS][0m  'Change in chapter average' label
    [92m✔[0m [92m[PASS][0m  Concept pill badges
    [92m✔[0m [92m[PASS][0m  Header accuracy badge

[1m[96m════════════════════════════════════════════════════════════════════════
  PHASE 8  ▶  [97mEXCEL VALIDATION
════════════════════════════════════════════════════════════════════════[0m
    [92m✔[0m [92m[PASS][0m  Excel match 'Application of Derivatives'  [2mApplication of Derivatives[0m
    [92m✔[0m [92m[PASS][0m  Excel match 'Relations & Functions'  [2mRelations & Functions[0m
    [92m✔[0m [92m[PASS][0m  Excel match 'Determinants'  [2mDeterminants[0m
    [92m✔[0m [92m[PASS][0m  Excel match 'Continuity & Differentiability'  [2mContinuity & Differentiability[0m
    [92m✔[0m [92m[PASS][0m  Excel match 'Integrals'  [2mIntegrals[0m
    [92m✔[0m [92m[PASS][0m  Excel match 'Linear Programming'  [2mLinear Programming[0m
    [92m✔[0m [92m[PASS][0m  Excel match 'Application of Integrals'  [2mApplication of Integrals[0m
    [92m✔[0m [92m[PASS][0m  Excel match 'Matrices'  [2mMatrices[0m
    [92m✔[0m [92m[PASS][0m  Excel match 'Inverse Trigonometric Functions'  [2mInverse Trigonometric Functions[0m

  [1mSection [93mK[0m[1m: [92m290✔[0m/[91m11✘[0m (96%)

  [1m[96m┌─ HEADER ACCURACY — Section K ──────────────────────────────┐[0m
    [91m✘[0m   1. Application of Derivatives                         [96m[1mNOT FOUND[0m
    [91m✘[0m   2. Relations & Functions                              [96m[1mNOT FOUND[0m
    [91m✘[0m   3. Determinants                                       [96m[1mNOT FOUND[0m
    [91m✘[0m   4. Continuity & Differentiability                     [96m[1mNOT FOUND[0m
    [91m✘[0m   5. Integrals                                          [96m[1mNOT FOUND[0m
    [91m✘[0m   6. Linear Programming                                 [96m[1mNOT FOUND[0m
    [91m✘[0m   7. Application of Integrals                           [96m[1mNOT FOUND[0m
    [91m✘[0m   8. Matrices                                           [96m[1mNOT FOUND[0m
    [91m✘[0m   9. Inverse Trigonometric Functions                    [96m[1mNOT FOUND[0m
  [96m└────────────────────────────────────────────────────────────┘[0m

[1m[97m▓▓▓▓▓▓▓▓▓▓▓▓▓▓▓▓▓▓▓▓▓▓▓▓▓▓▓▓▓▓▓▓▓▓▓▓▓▓▓▓▓▓▓▓▓▓▓▓▓▓▓▓▓▓▓▓▓▓▓▓▓▓▓▓▓▓▓▓▓▓▓▓
  SECTION  [93mL[0m[1m[97m
▓▓▓▓▓▓▓▓▓▓▓▓▓▓▓▓▓▓▓▓▓▓▓▓▓▓▓▓▓▓▓▓▓▓▓▓▓▓▓▓▓▓▓▓▓▓▓▓▓▓▓▓▓▓▓▓▓▓▓▓▓▓▓▓▓▓▓▓▓▓▓▓[0m


[1m[96m════════════════════════════════════════════════════════════════════════
  PHASE S  ▶  [97mSWITCH → L
════════════════════════════════════════════════════════════════════════[0m
  [92m✔ Section selected: L[0m
    [92m✔[0m [92m[PASS][0m  Section 'L' selected

[1m[96m════════════════════════════════════════════════════════════════════════
  PHASE 3  ▶  [97mNAVIGATION VERIFY
════════════════════════════════════════════════════════════════════════[0m
    [92m✔[0m [92m[PASS][0m  Chapters URL  [2mard+1&screen=chapters&chapterName=Application+of+Derivatives[0m
    [92m✔[0m [92m[PASS][0m  Tab 'Overview'
    [92m✔[0m [92m[PASS][0m  Tab 'Chapters'
    [92m✔[0m [92m[PASS][0m  Tab 'Questions'
    [92m✔[0m [92m[PASS][0m  Tab 'Students'

[1m[96m════════════════════════════════════════════════════════════════════════
  PHASE 4  ▶  [97mCHAPTER CARD DISCOVERY
════════════════════════════════════════════════════════════════════════[0m
    [92m✔[0m [92m[PASS][0m  Cards discovered  [2m9 found[0m
    [92m✔[0m [92m[PASS][0m  Sorted High→Low  [2m[13.4, 12.3, 11.5, 9.7, 6.4]…[0m
    [92m✔[0m [92m[PASS][0m  Sort label present

  [1mChapters [L]:[0m
    [2m 1.[0m Determinants                                         [92m▲ +13.4%   [92m✔[0m  [2m[Algebra  10m][0m
    [2m 2.[0m Application of Derivatives                           [92m▲ +12.3%   [92m✔[0m  [2m[Calculus  35m][0m
    [2m 3.[0m Continuity & Differentiability                       [92m▲ +11.5%   [92m✔[0m  [2m[Calculus  35m][0m
    [2m 4.[0m Linear Programming                                   [92m▲ +9.7%   [92m✔[0m  [2m[Linear Programming Problem  5m][0m
    [2m 5.[0m Matrices                                             [92m▲ +6.4%   [92m✔[0m  [2m[Algebra  10m][0m
    [2m 6.[0m Relations & Functions                                [92m▲ +4.4%   [92m✔[0m  [2m[Relations and Functions  8m][0m
    [2m 7.[0m Application of Integrals                             [92m▲ +1.9%   [92m✔[0m  [2m[Calculus  35m][0m
    [2m 8.[0m Integrals                                            [92m▲ +1.4%   [92m✔[0m  [2m[Calculus  35m][0m
    [2m 9.[0m Inverse Trigonometric Functions                      [92m▲ +1.2%   [92m✔[0m  [2m[Relations and Functions  8m][0m

[1m[96m════════════════════════════════════════════════════════════════════════
  PHASE 5  ▶  [97mPER-CHAPTER DETAIL — LOC1/LOC2/LOC3/LOC4 + HEADER ACCURACY
════════════════════════════════════════════════════════════════════════[0m

  [1m[92m▲  [97mDeterminants[0m  [92m+13.4%[0m
  ─────────────────────────────────────────────────────────────────
    [92m✔[0m [92m[PASS][0m  Loc 1 · Card list badge % readable  [2m+13.4%[0m
    [92m✔[0m [92m[PASS][0m  Card clickable / detail panel opens
    [92m✔[0m [92m[PASS][0m  Loc 2 · IMPROVED/DECLINED chip % readable  [2m+13.4%[0m
    [92m✔[0m [92m[PASS][0m  Loc 3 · Change in chapter average badge  [2m+13.4%[0m
    [92m✔[0m [92m[PASS][0m  Loc 4 · Why-text % (change or accuracy)  [2mchange%=+13.4%[0m
    [91m✘[0m [91m[FAIL][0m  Header accuracy badge readable  [2mNOT FOUND[0m
    [92m✔[0m [92m[PASS][0m  ✦ 4-Way Consistency Loc1==Loc2==Loc3==Loc4  [2mL1=+13.4%  L2=+13.4%  L3=+13.4%  L4=+13.4%[0m
    [92m✔[0m [92m[PASS][0m  'Why this chapter' heading present  [2mWhy this chapter improved[0m
    [92m✔[0m [92m[PASS][0m  Explanation body text present  [2mGood improvement of 13.4% in this chapter. Students have str…[0m
    [92m✔[0m [92m[PASS][0m  Midterm panel visible
    [92m✔[0m [92m[PASS][0m  Preboard 1 panel visible
    [92m✔[0m [92m[PASS][0m  ACCURACY label present
    [92m✔[0m [92m[PASS][0m  Weakest Concepts section
    [92m✔[0m [92m[PASS][0m  Strongest Concepts section
    [92m✔[0m [92m[PASS][0m  Struggling students label
    [92m✔[0m [92m[PASS][0m  Weak Concepts label
    [92m✔[0m [92m[PASS][0m  IMPROVED/DECLINED chip
    [92m✔[0m [92m[PASS][0m  Change in chapter average
        Midterm: acc=None  str=None (raw='None' el='None')  wk=None (raw='None' el='None')
        Midterm: weakest=[]
        Midterm: strongest=[]
    [92m✔[0m [92m[PASS][0m  [Midterm] Accuracy % readable  [2m48.9%[0m
    [92m✔[0m [92m[PASS][0m  [Midterm] Struggling students count  [2m18 students[0m
    [92m✔[0m [92m[PASS][0m  [Midterm] Weak Concepts count  [2m2 concepts[0m
    [92m✔[0m [92m[PASS][0m  [Midterm] Weakest Concepts list ≥ 1 item  [2m5 items: ['1\nAdjoint & Inverse\n2\nDeterminant of a Matrix', '1\nAdjoint & Inverse', 'Adjoint & Inverse'][0m
    [92m✔[0m [92m[PASS][0m  [Midterm] Strongest Concepts list ≥ 1 item  [2m8 items[0m
      [2mMidterm:[0m  Accuracy=[92m[1m48.9%[0m  Struggling=[93m[1m18[0m  WeakConcepts=[96m2[0m
        Weakest : ['1\nAdjoint & Inverse\n2\nDeterminant of a Matrix', '1\nAdjoint & Inverse', 'Adjoint & Inverse', '2\nDeterminant of a Matrix', 'Determinant of a Matrix']
        Strongest: ['Preboard 1\nOct 11, 2025', 'Preboard 1', 'Oct 11, 2025', '62.3%\nACCURACY 62.3%', 'ACCURACY', 'Struggling students\n8\nWeak Concepts\n0', 'Struggling students\n8', 'Struggling students']
        Preboard 1: acc=None  str=None (raw='None' el='None')  wk=None (raw='None' el='None')
        Preboard 1: weakest=[]
        Preboard 1: strongest=[]
    [92m✔[0m [92m[PASS][0m  [Preboard 1] Accuracy % readable  [2m62.3%[0m
    [92m✔[0m [92m[PASS][0m  [Preboard 1] Struggling students count  [2m8 students[0m
    [92m✔[0m [92m[PASS][0m  [Preboard 1] Weak Concepts count  [2m0 concepts[0m
    [92m✔[0m [92m[PASS][0m  [Preboard 1] Weakest Concepts list ≥ 1 item  [2m3 items: ['1\nProperties of Determinants\nNew', '1\nProperties of Determinants', 'Properties of Determinants'][0m
    [92m✔[0m [92m[PASS][0m  [Preboard 1] Strongest Concepts list ≥ 1 item  [2m8 items[0m
      [2mPreboard 1:[0m  Accuracy=[92m[1m62.3%[0m  Struggling=[93m[1m8[0m  WeakConcepts=[96m0[0m
        Weakest : ['1\nProperties of Determinants\nNew', '1\nProperties of Determinants', 'Properties of Determinants']
        Strongest: ['Determinant of a Matrix\n77%\nImproved\nAdjoint & Inverse\n62%\nImproved', 'Determinant of a Matrix\n77%\nImproved', 'Determinant of a Matrix', '77%\nImproved 77% [Improved]', 'Adjoint & Inverse\n62%\nImproved', 'Adjoint & Inverse', '62%\nImproved 62% [Improved]', '↗ 13.4%\nIMPROVED']
    [92m✔[0m [92m[PASS][0m  Concept pill badges present  [2m['Improved', 'New', 'IMPROVED'][0m

      [96m┌─ HEADER ACCURACY BADGE ──────────────────────────────────────┐[0m
      [96m│[0m Preboard 1 accuracy : [91m[1mNOT FOUND[0m
      [96m└────────────────────────────────────────────────────────────┘[0m

      [93m┌─ WHY SECTION ─────────────────────────────────────────────┐[0m
      [93m│[0m Heading : Why this chapter improved
      [93m│[0m Text    : Good improvement of 13.4% in this chapter. Students have strengthened …
      [93m│[0m Change %: [92m[1m+13.4%[0m
      [93m└───────────────────────────────────────────────────────┘[0m

  [1m[92m▲  [97mApplication of Derivatives[0m  [92m+12.3%[0m
  ─────────────────────────────────────────────────────────────────
    [92m✔[0m [92m[PASS][0m  Loc 1 · Card list badge % readable  [2m+12.3%[0m
    [92m✔[0m [92m[PASS][0m  Card clickable / detail panel opens
    [92m✔[0m [92m[PASS][0m  Loc 2 · IMPROVED/DECLINED chip % readable  [2m+12.3%[0m
    [92m✔[0m [92m[PASS][0m  Loc 3 · Change in chapter average badge  [2m+12.3%[0m
    [92m✔[0m [92m[PASS][0m  Loc 4 · Why-text % (change or accuracy)  [2mchange%=+12.3%[0m
    [91m✘[0m [91m[FAIL][0m  Header accuracy badge readable  [2mNOT FOUND[0m
    [92m✔[0m [92m[PASS][0m  ✦ 4-Way Consistency Loc1==Loc2==Loc3==Loc4  [2mL1=+12.3%  L2=+12.3%  L3=+12.3%  L4=+12.3%[0m
    [92m✔[0m [92m[PASS][0m  'Why this chapter' heading present  [2mWhy this chapter improved[0m
    [92m✔[0m [92m[PASS][0m  Explanation body text present  [2mGood improvement of 12.3% in this chapter. Students have str…[0m
    [92m✔[0m [92m[PASS][0m  Midterm panel visible
    [92m✔[0m [92m[PASS][0m  Preboard 1 panel visible
    [92m✔[0m [92m[PASS][0m  ACCURACY label present
    [92m✔[0m [92m[PASS][0m  Weakest Concepts section
    [92m✔[0m [92m[PASS][0m  Strongest Concepts section
    [92m✔[0m [92m[PASS][0m  Struggling students label
    [92m✔[0m [92m[PASS][0m  Weak Concepts label
    [92m✔[0m [92m[PASS][0m  IMPROVED/DECLINED chip
    [92m✔[0m [92m[PASS][0m  Change in chapter average
        Midterm: acc=None  str=None (raw='None' el='None')  wk=None (raw='None' el='None')
        Midterm: weakest=[]
        Midterm: strongest=[]
    [92m✔[0m [92m[PASS][0m  [Midterm] Accuracy % readable  [2m30.7%[0m
    [92m✔[0m [92m[PASS][0m  [Midterm] Struggling students count  [2m30 students[0m
    [92m✔[0m [92m[PASS][0m  [Midterm] Weak Concepts count  [2m2 concepts[0m
    [92m✔[0m [92m[PASS][0m  [Midterm] Weakest Concepts list ≥ 1 item  [2m5 items: ['1\nMaxima & Minima real life Applications\n2\nRate of Change', '1\nMaxima & Minima real life Applications', 'Maxima & Minima real life Applications'][0m
    [92m✔[0m [92m[PASS][0m  [Midterm] Strongest Concepts list ≥ 1 item  [2m8 items[0m
      [2mMidterm:[0m  Accuracy=[92m[1m30.7%[0m  Struggling=[93m[1m30[0m  WeakConcepts=[96m2[0m
        Weakest : ['1\nMaxima & Minima real life Applications\n2\nRate of Change', '1\nMaxima & Minima real life Applications', 'Maxima & Minima real life Applications', '2\nRate of Change', 'Rate of Change']
        Strongest: ['Increasing & Decreasing Functions\n44%', 'Increasing & Decreasing Functions 44%', 'Preboard 1\nOct 11, 2025', 'Preboard 1', 'Oct 11, 2025', '43%\nACCURACY 43%', 'ACCURACY', 'Struggling students\n20\nWeak Concepts\n1']
        Preboard 1: acc=None  str=None (raw='None' el='None')  wk=None (raw='None' el='None')
        Preboard 1: weakest=[]
        Preboard 1: strongest=[]
    [92m✔[0m [92m[PASS][0m  [Preboard 1] Accuracy % readable  [2m43%[0m
    [92m✔[0m [92m[PASS][0m  [Preboard 1] Struggling students count  [2m20 students[0m
    [92m✔[0m [92m[PASS][0m  [Preboard 1] Weak Concepts count  [2m1 concepts[0m
    [92m✔[0m [92m[PASS][0m  [Preboard 1] Weakest Concepts list ≥ 1 item  [2m6 items: ['1\nMaxima & Minima real life Applications\n2\nMaxima & Minima\nNew', '1\nMaxima & Minima real life Applications', 'Maxima & Minima real life Applications'][0m
    [92m✔[0m [92m[PASS][0m  [Preboard 1] Strongest Concepts list ≥ 1 item  [2m8 items[0m
      [2mPreboard 1:[0m  Accuracy=[92m[1m43%[0m  Struggling=[93m[1m20[0m  WeakConcepts=[96m1[0m
        Weakest : ['1\nMaxima & Minima real life Applications\n2\nMaxima & Minima\nNew', '1\nMaxima & Minima real life Applications', 'Maxima & Minima real life Applications', '2\nMaxima & Minima\nNew', '2\nMaxima & Minima', 'Maxima & Minima']
        Strongest: ['Rate of Change\n69%\nImproved', 'Rate of Change', '69%\nImproved 69% [Improved]', '↗ 12.3%\nIMPROVED', '↗ 12.3% [IMPROVED]', 'Premium Feature', 'Remediation Plan for this chapter', "Make sure you don't have to worry about this chapter again!"]
    [92m✔[0m [92m[PASS][0m  Concept pill badges present  [2m['Improved', 'New', 'IMPROVED'][0m

      [96m┌─ HEADER ACCURACY BADGE ──────────────────────────────────────┐[0m
      [96m│[0m Preboard 1 accuracy : [91m[1mNOT FOUND[0m
      [96m└────────────────────────────────────────────────────────────┘[0m

      [93m┌─ WHY SECTION ─────────────────────────────────────────────┐[0m
      [93m│[0m Heading : Why this chapter improved
      [93m│[0m Text    : Good improvement of 12.3% in this chapter. Students have strengthened …
      [93m│[0m Change %: [92m[1m+12.3%[0m
      [93m└───────────────────────────────────────────────────────┘[0m

  [1m[92m▲  [97mContinuity & Differentiability[0m  [92m+11.5%[0m
  ─────────────────────────────────────────────────────────────────
    [92m✔[0m [92m[PASS][0m  Loc 1 · Card list badge % readable  [2m+11.5%[0m
    [92m✔[0m [92m[PASS][0m  Card clickable / detail panel opens
    [92m✔[0m [92m[PASS][0m  Loc 2 · IMPROVED/DECLINED chip % readable  [2m+11.5%[0m
    [92m✔[0m [92m[PASS][0m  Loc 3 · Change in chapter average badge  [2m+11.5%[0m
    [92m✔[0m [92m[PASS][0m  Loc 4 · Why-text % (change or accuracy)  [2mchange%=+11.5%[0m
    [91m✘[0m [91m[FAIL][0m  Header accuracy badge readable  [2mNOT FOUND[0m
    [92m✔[0m [92m[PASS][0m  ✦ 4-Way Consistency Loc1==Loc2==Loc3==Loc4  [2mL1=+11.5%  L2=+11.5%  L3=+11.5%  L4=+11.5%[0m
    [92m✔[0m [92m[PASS][0m  'Why this chapter' heading present  [2mWhy this chapter improved[0m
    [92m✔[0m [92m[PASS][0m  Explanation body text present  [2mGood improvement of 11.5% in this chapter. Students have str…[0m
    [92m✔[0m [92m[PASS][0m  Midterm panel visible
    [92m✔[0m [92m[PASS][0m  Preboard 1 panel visible
    [92m✔[0m [92m[PASS][0m  ACCURACY label present
    [92m✔[0m [92m[PASS][0m  Weakest Concepts section
    [92m✔[0m [92m[PASS][0m  Strongest Concepts section
    [92m✔[0m [92m[PASS][0m  Struggling students label
    [92m✔[0m [92m[PASS][0m  Weak Concepts label
    [92m✔[0m [92m[PASS][0m  IMPROVED/DECLINED chip
    [92m✔[0m [92m[PASS][0m  Change in chapter average
        Midterm: acc=None  str=None (raw='None' el='None')  wk=None (raw='None' el='None')
        Midterm: weakest=[]
        Midterm: strongest=[]
    [92m✔[0m [92m[PASS][0m  [Midterm] Accuracy % readable  [2m42.3%[0m
    [92m✔[0m [92m[PASS][0m  [Midterm] Struggling students count  [2m22 students[0m
    [92m✔[0m [92m[PASS][0m  [Midterm] Weak Concepts count  [2m2 concepts[0m
    [92m✔[0m [92m[PASS][0m  [Midterm] Weakest Concepts list ≥ 1 item  [2m6 items: ['1\nSecond Order Derivative', 'Second Order Derivative', '2\nContinuity'][0m
    [92m✔[0m [92m[PASS][0m  [Midterm] Strongest Concepts list ≥ 1 item  [2m8 items[0m
      [2mMidterm:[0m  Accuracy=[92m[1m42.3%[0m  Struggling=[93m[1m22[0m  WeakConcepts=[96m2[0m
        Weakest : ['1\nSecond Order Derivative', 'Second Order Derivative', '2\nContinuity', 'Continuity', '3\nParametric & Implicit Differentiation', 'Parametric & Implicit Differentiation']
        Strongest: ['Rules of Differentiations\n94%', 'Rules of Differentiations 94%', 'Exponential & Logarithmic Functions/Logarithmic Properties\n70%', 'Exponential & Logarithmic Functions/Logarithmic Properties 70%', 'Preboard 1\nOct 11, 2025', 'Preboard 1', 'Oct 11, 2025', '53.8%\nACCURACY 53.8%']
        Preboard 1: acc=None  str=None (raw='None' el='None')  wk=None (raw='None' el='None')
        Preboard 1: weakest=[]
        Preboard 1: strongest=[]
    [92m✔[0m [92m[PASS][0m  [Preboard 1] Accuracy % readable  [2m53.8%[0m
    [92m✔[0m [92m[PASS][0m  [Preboard 1] Struggling students count  [2m12 students[0m
    [92m✔[0m [92m[PASS][0m  [Preboard 1] Weak Concepts count  [2m1 concepts[0m
    [92m✔[0m [92m[PASS][0m  [Preboard 1] Weakest Concepts list ≥ 1 item  [2m6 items: ['1\nDerivatives of Inverse Trig Functions\nNew', '1\nDerivatives of Inverse Trig Functions', 'Derivatives of Inverse Trig Functions'][0m
    [92m✔[0m [92m[PASS][0m  [Preboard 1] Strongest Concepts list ≥ 1 item  [2m8 items[0m
      [2mPreboard 1:[0m  Accuracy=[92m[1m53.8%[0m  Struggling=[93m[1m12[0m  WeakConcepts=[96m1[0m
        Weakest : ['1\nDerivatives of Inverse Trig Functions\nNew', '1\nDerivatives of Inverse Trig Functions', 'Derivatives of Inverse Trig Functions', '2\nExponential & Logarithmic Functions/Logarithmic Properties', 'Exponential & Logarithmic Functions/Logarithmic Properties', '3\nContinuity\nImproved']
        Strongest: ['Parametric & Implicit Differentiation\n89%\nImproved', 'Parametric & Implicit Differentiation', '89%\nImproved 89% [Improved]', 'Second Order Derivative\n55%\nImproved', 'Second Order Derivative', '55%\nImproved 55% [Improved]', '↗ 11.5%\nIMPROVED', '↗ 11.5% [IMPROVED]']
    [92m✔[0m [92m[PASS][0m  Concept pill badges present  [2m['Improved', 'New', 'IMPROVED'][0m

      [96m┌─ HEADER ACCURACY BADGE ──────────────────────────────────────┐[0m
      [96m│[0m Preboard 1 accuracy : [91m[1mNOT FOUND[0m
      [96m└────────────────────────────────────────────────────────────┘[0m

      [93m┌─ WHY SECTION ─────────────────────────────────────────────┐[0m
      [93m│[0m Heading : Why this chapter improved
      [93m│[0m Text    : Good improvement of 11.5% in this chapter. Students have strengthened …
      [93m│[0m Change %: [92m[1m+11.5%[0m
      [93m└───────────────────────────────────────────────────────┘[0m

  [1m[92m▲  [97mLinear Programming[0m  [92m+9.7%[0m
  ─────────────────────────────────────────────────────────────────
    [92m✔[0m [92m[PASS][0m  Loc 1 · Card list badge % readable  [2m+9.7%[0m
    [92m✔[0m [92m[PASS][0m  Card clickable / detail panel opens
    [92m✔[0m [92m[PASS][0m  Loc 2 · IMPROVED/DECLINED chip % readable  [2m+9.7%[0m
    [92m✔[0m [92m[PASS][0m  Loc 3 · Change in chapter average badge  [2m+9.7%[0m
    [92m✔[0m [92m[PASS][0m  Loc 4 · Why-text % (change or accuracy)  [2mchange%=+9.7%[0m
    [91m✘[0m [91m[FAIL][0m  Header accuracy badge readable  [2mNOT FOUND[0m
    [92m✔[0m [92m[PASS][0m  ✦ 4-Way Consistency Loc1==Loc2==Loc3==Loc4  [2mL1=+9.7%  L2=+9.7%  L3=+9.7%  L4=+9.7%[0m
    [92m✔[0m [92m[PASS][0m  'Why this chapter' heading present  [2mWhy this chapter improved[0m
    [92m✔[0m [92m[PASS][0m  Explanation body text present  [2mSlight improvement of 9.7% as students are making progress. …[0m
    [92m✔[0m [92m[PASS][0m  Midterm panel visible
    [92m✔[0m [92m[PASS][0m  Preboard 1 panel visible
    [92m✔[0m [92m[PASS][0m  ACCURACY label present
    [92m✔[0m [92m[PASS][0m  Weakest Concepts section
    [92m✔[0m [92m[PASS][0m  Strongest Concepts section
    [92m✔[0m [92m[PASS][0m  Struggling students label
    [92m✔[0m [92m[PASS][0m  Weak Concepts label
    [92m✔[0m [92m[PASS][0m  IMPROVED/DECLINED chip
    [92m✔[0m [92m[PASS][0m  Change in chapter average
        Midterm: acc=None  str=None (raw='None' el='None')  wk=None (raw='None' el='None')
        Midterm: weakest=[]
        Midterm: strongest=[]
    [92m✔[0m [92m[PASS][0m  [Midterm] Accuracy % readable  [2m51.7%[0m
    [92m✔[0m [92m[PASS][0m  [Midterm] Struggling students count  [2m16 students[0m
    [92m✔[0m [92m[PASS][0m  [Midterm] Weak Concepts count  [2m0 concepts[0m
    [92m✔[0m [92m[PASS][0m  [Midterm] Weakest Concepts list ≥ 1 item  [2m2 items: ['1\nGraphical method of solution for problems in two variables', 'Graphical method of solution for problems in two variables'][0m
    [92m✔[0m [92m[PASS][0m  [Midterm] Strongest Concepts list ≥ 1 item  [2m8 items[0m
      [2mMidterm:[0m  Accuracy=[92m[1m51.7%[0m  Struggling=[93m[1m16[0m  WeakConcepts=[96m0[0m
        Weakest : ['1\nGraphical method of solution for problems in two variables', 'Graphical method of solution for problems in two variables']
        Strongest: ['Feasible Region\n60%', 'Feasible Region 60%', 'Preboard 1\nOct 11, 2025', 'Preboard 1', 'Oct 11, 2025', '61.4%\nACCURACY 61.4%', 'ACCURACY', 'Struggling students\n7\nWeak Concepts\n0']
        Preboard 1: acc=None  str=None (raw='None' el='None')  wk=None (raw='None' el='None')
        Preboard 1: weakest=[]
        Preboard 1: strongest=[]
    [92m✔[0m [92m[PASS][0m  [Preboard 1] Accuracy % readable  [2m61.4%[0m
    [92m✔[0m [92m[PASS][0m  [Preboard 1] Struggling students count  [2m7 students[0m
    [92m✔[0m [92m[PASS][0m  [Preboard 1] Weak Concepts count  [2m0 concepts[0m
    [92m✔[0m [92m[PASS][0m  [Preboard 1] Weakest Concepts list ≥ 1 item  [2m4 items: ['1\nGraphical method of solution for problems in two variables\nImproved', '1\nGraphical method of solution for problems in two variables', 'Graphical method of solution for problems in two variables'][0m
    [92m✔[0m [92m[PASS][0m  [Preboard 1] Strongest Concepts list ≥ 1 item  [2m8 items[0m
      [2mPreboard 1:[0m  Accuracy=[92m[1m61.4%[0m  Struggling=[93m[1m7[0m  WeakConcepts=[96m0[0m
        Weakest : ['1\nGraphical method of solution for problems in two variables\nImproved', '1\nGraphical method of solution for problems in two variables', 'Graphical method of solution for problems in two variables', 'Improved']
        Strongest: ['Objective Function\n71%\nNew', 'Objective Function', '71%\nNew 71% [New]', '↗ 9.7%\nIMPROVED', '↗ 9.7% [IMPROVED]', 'Premium Feature', 'Remediation Plan for this chapter', "Make sure you don't have to worry about this chapter again!"]
    [92m✔[0m [92m[PASS][0m  Concept pill badges present  [2m['Improved', 'New', 'IMPROVED'][0m

      [96m┌─ HEADER ACCURACY BADGE ──────────────────────────────────────┐[0m
      [96m│[0m Preboard 1 accuracy : [91m[1mNOT FOUND[0m
      [96m└────────────────────────────────────────────────────────────┘[0m

      [93m┌─ WHY SECTION ─────────────────────────────────────────────┐[0m
      [93m│[0m Heading : Why this chapter improved
      [93m│[0m Text    : Slight improvement of 9.7% as students are making progress. Students h…
      [93m│[0m Change %: [92m[1m+9.7%[0m
      [93m└───────────────────────────────────────────────────────┘[0m

  [1m[92m▲  [97mMatrices[0m  [92m+6.4%[0m
  ─────────────────────────────────────────────────────────────────
    [92m✔[0m [92m[PASS][0m  Loc 1 · Card list badge % readable  [2m+6.4%[0m
    [92m✔[0m [92m[PASS][0m  Card clickable / detail panel opens
    [92m✔[0m [92m[PASS][0m  Loc 2 · IMPROVED/DECLINED chip % readable  [2m+6.4%[0m
    [92m✔[0m [92m[PASS][0m  Loc 3 · Change in chapter average badge  [2m+6.4%[0m
    [92m✔[0m [92m[PASS][0m  Loc 4 · Why-text % (change or accuracy)  [2mchange%=+6.4%[0m
    [91m✘[0m [91m[FAIL][0m  Header accuracy badge readable  [2mNOT FOUND[0m
    [92m✔[0m [92m[PASS][0m  ✦ 4-Way Consistency Loc1==Loc2==Loc3==Loc4  [2mL1=+6.4%  L2=+6.4%  L3=+6.4%  L4=+6.4%[0m
    [92m✔[0m [92m[PASS][0m  'Why this chapter' heading present  [2mWhy this chapter improved[0m
    [92m✔[0m [92m[PASS][0m  Explanation body text present  [2mSlight improvement of 6.4% as students are making progress. …[0m
    [92m✔[0m [92m[PASS][0m  Midterm panel visible
    [92m✔[0m [92m[PASS][0m  Preboard 1 panel visible
    [92m✔[0m [92m[PASS][0m  ACCURACY label present
    [92m✔[0m [92m[PASS][0m  Weakest Concepts section
    [92m✔[0m [92m[PASS][0m  Strongest Concepts section
    [92m✔[0m [92m[PASS][0m  Struggling students label
    [92m✔[0m [92m[PASS][0m  Weak Concepts label
    [92m✔[0m [92m[PASS][0m  IMPROVED/DECLINED chip
    [92m✔[0m [92m[PASS][0m  Change in chapter average
        Midterm: acc=None  str=None (raw='None' el='None')  wk=None (raw='None' el='None')
        Midterm: weakest=[]
        Midterm: strongest=[]
    [92m✔[0m [92m[PASS][0m  [Midterm] Accuracy % readable  [2m60.7%[0m
    [92m✔[0m [92m[PASS][0m  [Midterm] Struggling students count  [2m8 students[0m
    [92m✔[0m [92m[PASS][0m  [Midterm] Weak Concepts count  [2m0 concepts[0m
    [92m✔[0m [92m[PASS][0m  [Midterm] Weakest Concepts list ≥ 1 item  [2m5 items: ['1\nMatrix Operations\n2\nTranspose, Symmetric & Skew-symmetric', '1\nMatrix Operations', 'Matrix Operations'][0m
    [92m✔[0m [92m[PASS][0m  [Midterm] Strongest Concepts list ≥ 1 item  [2m8 items[0m
      [2mMidterm:[0m  Accuracy=[92m[1m60.7%[0m  Struggling=[93m[1m8[0m  WeakConcepts=[96m0[0m
        Weakest : ['1\nMatrix Operations\n2\nTranspose, Symmetric & Skew-symmetric', '1\nMatrix Operations', 'Matrix Operations', '2\nTranspose, Symmetric & Skew-symmetric', 'Transpose, Symmetric & Skew-symmetric']
        Strongest: ['Basics & Types of Matrices\n86%\nInverse Matrices\n77%', 'Basics & Types of Matrices\n86%', 'Basics & Types of Matrices 86%', 'Inverse Matrices\n77%', 'Inverse Matrices 77%', 'Preboard 1\nOct 11, 2025', 'Preboard 1', 'Oct 11, 2025']
        Preboard 1: acc=None  str=None (raw='None' el='None')  wk=None (raw='None' el='None')
        Preboard 1: weakest=[]
        Preboard 1: strongest=[]
    [92m✔[0m [92m[PASS][0m  [Preboard 1] Accuracy % readable  [2m67.1%[0m
    [92m✔[0m [92m[PASS][0m  [Preboard 1] Struggling students count  [2m3 students[0m
    [92m✔[0m [92m[PASS][0m  [Preboard 1] Weak Concepts count  [2m0 concepts[0m
    [92m✔[0m [92m[PASS][0m  [Preboard 1] Weakest Concepts list ≥ 1 item  [2m2 items: ['1\nTranspose, Symmetric & Skew-symmetric', 'Transpose, Symmetric & Skew-symmetric'][0m
    [92m✔[0m [92m[PASS][0m  [Preboard 1] Strongest Concepts list ≥ 1 item  [2m8 items[0m
      [2mPreboard 1:[0m  Accuracy=[92m[1m67.1%[0m  Struggling=[93m[1m3[0m  WeakConcepts=[96m0[0m
        Weakest : ['1\nTranspose, Symmetric & Skew-symmetric', 'Transpose, Symmetric & Skew-symmetric']
        Strongest: ['Matrix Operations\n83%\nImproved', 'Matrix Operations', '83%\nImproved 83% [Improved]', '↗ 6.4%\nIMPROVED', '↗ 6.4% [IMPROVED]', 'Premium Feature', 'Remediation Plan for this chapter', "Make sure you don't have to worry about this chapter again!"]
    [92m✔[0m [92m[PASS][0m  Concept pill badges present  [2m['Improved', 'IMPROVED'][0m

      [96m┌─ HEADER ACCURACY BADGE ──────────────────────────────────────┐[0m
      [96m│[0m Preboard 1 accuracy : [91m[1mNOT FOUND[0m
      [96m└────────────────────────────────────────────────────────────┘[0m

      [93m┌─ WHY SECTION ─────────────────────────────────────────────┐[0m
      [93m│[0m Heading : Why this chapter improved
      [93m│[0m Text    : Slight improvement of 6.4% as students are making progress. Students h…
      [93m│[0m Change %: [92m[1m+6.4%[0m
      [93m└───────────────────────────────────────────────────────┘[0m

  [1m[92m▲  [97mRelations & Functions[0m  [92m+4.4%[0m
  ─────────────────────────────────────────────────────────────────
    [92m✔[0m [92m[PASS][0m  Loc 1 · Card list badge % readable  [2m+4.4%[0m
    [92m✔[0m [92m[PASS][0m  Card clickable / detail panel opens
    [92m✔[0m [92m[PASS][0m  Loc 2 · IMPROVED/DECLINED chip % readable  [2m+4.4%[0m
    [92m✔[0m [92m[PASS][0m  Loc 3 · Change in chapter average badge  [2m+4.4%[0m
    [92m✔[0m [92m[PASS][0m  Loc 4 · Why-text % (change or accuracy)  [2mchange%=+4.4%[0m
    [91m✘[0m [91m[FAIL][0m  Header accuracy badge readable  [2mNOT FOUND[0m
    [92m✔[0m [92m[PASS][0m  ✦ 4-Way Consistency Loc1==Loc2==Loc3==Loc4  [2mL1=+4.4%  L2=+4.4%  L3=+4.4%  L4=+4.4%[0m
    [92m✔[0m [92m[PASS][0m  'Why this chapter' heading present  [2mWhy this chapter improved[0m
    [92m✔[0m [92m[PASS][0m  Explanation body text present  [2mSlight improvement of 4.4% as students are making progress. …[0m
    [92m✔[0m [92m[PASS][0m  Midterm panel visible
    [92m✔[0m [92m[PASS][0m  Preboard 1 panel visible
    [92m✔[0m [92m[PASS][0m  ACCURACY label present
    [92m✔[0m [92m[PASS][0m  Weakest Concepts section
    [92m✔[0m [92m[PASS][0m  Strongest Concepts section
    [92m✔[0m [92m[PASS][0m  Struggling students label
    [92m✔[0m [92m[PASS][0m  Weak Concepts label
    [92m✔[0m [92m[PASS][0m  IMPROVED/DECLINED chip
    [92m✔[0m [92m[PASS][0m  Change in chapter average
        Midterm: acc=None  str=None (raw='None' el='None')  wk=None (raw='None' el='None')
        Midterm: weakest=[]
        Midterm: strongest=[]
    [92m✔[0m [92m[PASS][0m  [Midterm] Accuracy % readable  [2m35%[0m
    [92m✔[0m [92m[PASS][0m  [Midterm] Struggling students count  [2m26 students[0m
    [92m✔[0m [92m[PASS][0m  [Midterm] Weak Concepts count  [2m1 concepts[0m
    [92m✔[0m [92m[PASS][0m  [Midterm] Weakest Concepts list ≥ 1 item  [2m2 items: ['1\nTypes of Relations', 'Types of Relations'][0m
    [92m✔[0m [92m[PASS][0m  [Midterm] Strongest Concepts list ≥ 1 item  [2m8 items[0m
      [2mMidterm:[0m  Accuracy=[92m[1m35%[0m  Struggling=[93m[1m26[0m  WeakConcepts=[96m1[0m
        Weakest : ['1\nTypes of Relations', 'Types of Relations']
        Strongest: ['Types of Functions\n59%', 'Types of Functions 59%', 'Preboard 1\nOct 11, 2025', 'Preboard 1', 'Oct 11, 2025', '39.4%\nACCURACY 39.4%', 'ACCURACY', 'Struggling students\n26\nWeak Concepts\n1']
        Preboard 1: acc=None  str=None (raw='None' el='None')  wk=None (raw='None' el='None')
        Preboard 1: weakest=[]
        Preboard 1: strongest=[]
    [92m✔[0m [92m[PASS][0m  [Preboard 1] Accuracy % readable  [2m39.4%[0m
    [92m✔[0m [92m[PASS][0m  [Preboard 1] Struggling students count  [2m26 students[0m
    [92m✔[0m [92m[PASS][0m  [Preboard 1] Weak Concepts count  [2m1 concepts[0m
    [92m✔[0m [92m[PASS][0m  [Preboard 1] Weakest Concepts list ≥ 1 item  [2m2 items: ['1\nTypes of Functions', 'Types of Functions'][0m
    [92m✔[0m [92m[PASS][0m  [Preboard 1] Strongest Concepts list ≥ 1 item  [2m8 items[0m
      [2mPreboard 1:[0m  Accuracy=[92m[1m39.4%[0m  Struggling=[93m[1m26[0m  WeakConcepts=[96m1[0m
        Weakest : ['1\nTypes of Functions', 'Types of Functions']
        Strongest: ['Types of Relations\n80%\nImproved', 'Types of Relations', '80%\nImproved 80% [Improved]', '↗ 4.4%\nIMPROVED', '↗ 4.4% [IMPROVED]', 'Premium Feature', 'Remediation Plan for this chapter', "Make sure you don't have to worry about this chapter again!"]
    [92m✔[0m [92m[PASS][0m  Concept pill badges present  [2m['Improved', 'IMPROVED'][0m

      [96m┌─ HEADER ACCURACY BADGE ──────────────────────────────────────┐[0m
      [96m│[0m Preboard 1 accuracy : [91m[1mNOT FOUND[0m
      [96m└────────────────────────────────────────────────────────────┘[0m

      [93m┌─ WHY SECTION ─────────────────────────────────────────────┐[0m
      [93m│[0m Heading : Why this chapter improved
      [93m│[0m Text    : Slight improvement of 4.4% as students are making progress. Students h…
      [93m│[0m Change %: [92m[1m+4.4%[0m
      [93m└───────────────────────────────────────────────────────┘[0m

  [1m[92m▲  [97mApplication of Integrals[0m  [92m+1.9%[0m
  ─────────────────────────────────────────────────────────────────
    [92m✔[0m [92m[PASS][0m  Loc 1 · Card list badge % readable  [2m+1.9%[0m
    [92m✔[0m [92m[PASS][0m  Card clickable / detail panel opens
    [92m✔[0m [92m[PASS][0m  Loc 2 · IMPROVED/DECLINED chip % readable  [2m+1.9%[0m
    [92m✔[0m [92m[PASS][0m  Loc 3 · Change in chapter average badge  [2m+1.9%[0m
    [92m✔[0m [92m[PASS][0m  Loc 4 · Why-text % (change or accuracy)  [2maccuracy%=52.9% (stable)[0m
    [91m✘[0m [91m[FAIL][0m  Header accuracy badge readable  [2mNOT FOUND[0m
    [91m✘[0m [91m[FAIL][0m  ✦ 4-Way Consistency Loc1==Loc2==Loc3==Loc4  [2mL1=+1.9%  L2=+1.9%  L3=+1.9%  L4=None[0m
    [92m✔[0m [92m[PASS][0m  'Why this chapter' heading present  [2mWhy this chapter improved[0m
    [92m✔[0m [92m[PASS][0m  Explanation body text present  [2mPerformance remained stable at around 52.9% accuracy.…[0m
    [92m✔[0m [92m[PASS][0m  Midterm panel visible
    [92m✔[0m [92m[PASS][0m  Preboard 1 panel visible
    [92m✔[0m [92m[PASS][0m  ACCURACY label present
    [92m✔[0m [92m[PASS][0m  Weakest Concepts section
    [92m✔[0m [92m[PASS][0m  Strongest Concepts section
    [92m✔[0m [92m[PASS][0m  Struggling students label
    [92m✔[0m [92m[PASS][0m  Weak Concepts label
    [92m✔[0m [92m[PASS][0m  IMPROVED/DECLINED chip
    [92m✔[0m [92m[PASS][0m  Change in chapter average
        Midterm: acc=None  str=None (raw='None' el='None')  wk=None (raw='None' el='None')
        Midterm: weakest=[]
        Midterm: strongest=[]
    [92m✔[0m [92m[PASS][0m  [Midterm] Accuracy % readable  [2m51%[0m
    [92m✔[0m [92m[PASS][0m  [Midterm] Struggling students count  [2m12 students[0m
    [92m✔[0m [92m[PASS][0m  [Midterm] Weak Concepts count  [2m0 concepts[0m
    [92m✔[0m [92m[PASS][0m  [Midterm] Weakest Concepts list ≥ 1 item  [2m2 items: ['1\nArea under Curves', 'Area under Curves'][0m
    [92m✔[0m [92m[PASS][0m  [Midterm] Strongest Concepts list ≥ 1 item  [2m8 items[0m
      [2mMidterm:[0m  Accuracy=[92m[1m51%[0m  Struggling=[93m[1m12[0m  WeakConcepts=[96m0[0m
        Weakest : ['1\nArea under Curves', 'Area under Curves']
        Strongest: ['No Strongest Concepts Available', 'Preboard 1\nOct 11, 2025', 'Preboard 1', 'Oct 11, 2025', '52.9%\nACCURACY 52.9%', 'ACCURACY', 'Struggling students\n17\nWeak Concepts\n0', 'Struggling students\n17']
        Preboard 1: acc=None  str=None (raw='None' el='None')  wk=None (raw='None' el='None')
        Preboard 1: weakest=[]
        Preboard 1: strongest=[]
    [92m✔[0m [92m[PASS][0m  [Preboard 1] Accuracy % readable  [2m52.9%[0m
    [92m✔[0m [92m[PASS][0m  [Preboard 1] Struggling students count  [2m17 students[0m
    [92m✔[0m [92m[PASS][0m  [Preboard 1] Weak Concepts count  [2m0 concepts[0m
    [92m✔[0m [92m[PASS][0m  [Preboard 1] Weakest Concepts list ≥ 1 item  [2m4 items: ['1\nArea under Curves\nImproved', '1\nArea under Curves', 'Area under Curves'][0m
    [92m✔[0m [92m[PASS][0m  [Preboard 1] Strongest Concepts list ≥ 1 item  [2m8 items[0m
      [2mPreboard 1:[0m  Accuracy=[92m[1m52.9%[0m  Struggling=[93m[1m17[0m  WeakConcepts=[96m0[0m
        Weakest : ['1\nArea under Curves\nImproved', '1\nArea under Curves', 'Area under Curves', 'Improved']
        Strongest: ['No Strongest Concepts Available', '↗ 1.9%\nIMPROVED', '↗ 1.9% [IMPROVED]', 'Premium Feature', 'Remediation Plan for this chapter', "Make sure you don't have to worry about this chapter again!", 'Create Lesson Plans\nAccess Teaching Materials', 'Create Lesson Plans']
    [92m✔[0m [92m[PASS][0m  Concept pill badges present  [2m['Improved', 'IMPROVED'][0m

      [96m┌─ HEADER ACCURACY BADGE ──────────────────────────────────────┐[0m
      [96m│[0m Preboard 1 accuracy : [91m[1mNOT FOUND[0m
      [96m└────────────────────────────────────────────────────────────┘[0m

      [93m┌─ WHY SECTION ─────────────────────────────────────────────┐[0m
      [93m│[0m Heading : Why this chapter improved
      [93m│[0m Text    : Performance remained stable at around 52.9% accuracy.
      [93m│[0m Change %: [93m[1m— (only accuracy % in text)[0m
      [93m└───────────────────────────────────────────────────────┘[0m

  [1m[92m▲  [97mIntegrals[0m  [92m+1.4%[0m
  ─────────────────────────────────────────────────────────────────
    [92m✔[0m [92m[PASS][0m  Loc 1 · Card list badge % readable  [2m+1.4%[0m
    [92m✔[0m [92m[PASS][0m  Card clickable / detail panel opens
    [92m✔[0m [92m[PASS][0m  Loc 2 · IMPROVED/DECLINED chip % readable  [2m+1.4%[0m
    [92m✔[0m [92m[PASS][0m  Loc 3 · Change in chapter average badge  [2m+1.4%[0m
    [92m✔[0m [92m[PASS][0m  Loc 4 · Why-text % (change or accuracy)  [2maccuracy%=36.5% (stable)[0m
    [91m✘[0m [91m[FAIL][0m  Header accuracy badge readable  [2mNOT FOUND[0m
    [91m✘[0m [91m[FAIL][0m  ✦ 4-Way Consistency Loc1==Loc2==Loc3==Loc4  [2mL1=+1.4%  L2=+1.4%  L3=+1.4%  L4=None[0m
    [92m✔[0m [92m[PASS][0m  'Why this chapter' heading present  [2mWhy this chapter improved[0m
    [92m✔[0m [92m[PASS][0m  Explanation body text present  [2mPerformance remained stable at around 36.5% accuracy. Howeve…[0m
    [92m✔[0m [92m[PASS][0m  Midterm panel visible
    [92m✔[0m [92m[PASS][0m  Preboard 1 panel visible
    [92m✔[0m [92m[PASS][0m  ACCURACY label present
    [92m✔[0m [92m[PASS][0m  Weakest Concepts section
    [92m✔[0m [92m[PASS][0m  Strongest Concepts section
    [92m✔[0m [92m[PASS][0m  Struggling students label
    [92m✔[0m [92m[PASS][0m  Weak Concepts label
    [92m✔[0m [92m[PASS][0m  IMPROVED/DECLINED chip
    [92m✔[0m [92m[PASS][0m  Change in chapter average
        Midterm: acc=None  str=None (raw='None' el='None')  wk=None (raw='None' el='None')
        Midterm: weakest=[]
        Midterm: strongest=[]
    [92m✔[0m [92m[PASS][0m  [Midterm] Accuracy % readable  [2m35.1%[0m
    [92m✔[0m [92m[PASS][0m  [Midterm] Struggling students count  [2m26 students[0m
    [92m✔[0m [92m[PASS][0m  [Midterm] Weak Concepts count  [2m3 concepts[0m
    [92m✔[0m [92m[PASS][0m  [Midterm] Weakest Concepts list ≥ 1 item  [2m6 items: ['1\nPartial Fractions\n2\nIntegration by Parts\n3\nDefinite Integrals', '1\nPartial Fractions', 'Partial Fractions'][0m
    [92m✔[0m [92m[PASS][0m  [Midterm] Strongest Concepts list ≥ 1 item  [2m8 items[0m
      [2mMidterm:[0m  Accuracy=[92m[1m35.1%[0m  Struggling=[93m[1m26[0m  WeakConcepts=[96m3[0m
        Weakest : ['1\nPartial Fractions\n2\nIntegration by Parts\n3\nDefinite Integrals', '1\nPartial Fractions', 'Partial Fractions', '2\nIntegration by Parts', 'Integration by Parts', '3\nDefinite Integrals']
        Strongest: ['Properties of Definite Integrals\n72%', 'Properties of Definite Integrals 72%', 'Rules of integrals\n69%', 'Rules of integrals 69%', 'Integration by Substitution\n57%', 'Integration by Substitution 57%', 'Preboard 1\nOct 11, 2025', 'Preboard 1']
        Preboard 1: acc=None  str=None (raw='None' el='None')  wk=None (raw='None' el='None')
        Preboard 1: weakest=[]
        Preboard 1: strongest=[]
    [92m✔[0m [92m[PASS][0m  [Preboard 1] Accuracy % readable  [2m36.5%[0m
    [92m✔[0m [92m[PASS][0m  [Preboard 1] Struggling students count  [2m24 students[0m
    [92m✔[0m [92m[PASS][0m  [Preboard 1] Weak Concepts count  [2m2 concepts[0m
    [92m✔[0m [92m[PASS][0m  [Preboard 1] Weakest Concepts list ≥ 1 item  [2m5 items: ['1\nRules of integrals\n2\nIntegration by Substitution', '1\nRules of integrals', 'Rules of integrals'][0m
    [92m✔[0m [92m[PASS][0m  [Preboard 1] Strongest Concepts list ≥ 1 item  [2m8 items[0m
      [2mPreboard 1:[0m  Accuracy=[92m[1m36.5%[0m  Struggling=[93m[1m24[0m  WeakConcepts=[96m2[0m
        Weakest : ['1\nRules of integrals\n2\nIntegration by Substitution', '1\nRules of integrals', 'Rules of integrals', '2\nIntegration by Substitution', 'Integration by Substitution']
        Strongest: ['Partial Fractions\n73%\nImproved', 'Partial Fractions', '73%\nImproved 73% [Improved]', 'Indefinite Integrals (Anti derivatives)\n66%\nNew', 'Indefinite Integrals (Anti derivatives)', '66%\nNew 66% [New]', '↗ 1.4%\nIMPROVED', '↗ 1.4% [IMPROVED]']
    [92m✔[0m [92m[PASS][0m  Concept pill badges present  [2m['Improved', 'New', 'IMPROVED'][0m

      [96m┌─ HEADER ACCURACY BADGE ──────────────────────────────────────┐[0m
      [96m│[0m Preboard 1 accuracy : [91m[1mNOT FOUND[0m
      [96m└────────────────────────────────────────────────────────────┘[0m

      [93m┌─ WHY SECTION ─────────────────────────────────────────────┐[0m
      [93m│[0m Heading : Why this chapter improved
      [93m│[0m Text    : Performance remained stable at around 36.5% accuracy. However, 'Rules …
      [93m│[0m Change %: [93m[1m— (only accuracy % in text)[0m
      [93m└───────────────────────────────────────────────────────┘[0m

  [1m[92m▲  [97mInverse Trigonometric Functions[0m  [92m+1.2%[0m
  ─────────────────────────────────────────────────────────────────
    [92m✔[0m [92m[PASS][0m  Loc 1 · Card list badge % readable  [2m+1.2%[0m
    [92m✔[0m [92m[PASS][0m  Card clickable / detail panel opens
    [92m✔[0m [92m[PASS][0m  Loc 2 · IMPROVED/DECLINED chip % readable  [2m+1.2%[0m
    [92m✔[0m [92m[PASS][0m  Loc 3 · Change in chapter average badge  [2m+1.2%[0m
    [92m✔[0m [92m[PASS][0m  Loc 4 · Why-text % (change or accuracy)  [2maccuracy%=62.4% (stable)[0m
    [91m✘[0m [91m[FAIL][0m  Header accuracy badge readable  [2mNOT FOUND[0m
    [91m✘[0m [91m[FAIL][0m  ✦ 4-Way Consistency Loc1==Loc2==Loc3==Loc4  [2mL1=+1.2%  L2=+1.2%  L3=+1.2%  L4=None[0m
    [92m✔[0m [92m[PASS][0m  'Why this chapter' heading present  [2mWhy this chapter improved[0m
    [92m✔[0m [92m[PASS][0m  Explanation body text present  [2mPerformance remained stable at around 62.4% accuracy. Studen…[0m
    [92m✔[0m [92m[PASS][0m  Midterm panel visible
    [92m✔[0m [92m[PASS][0m  Preboard 1 panel visible
    [92m✔[0m [92m[PASS][0m  ACCURACY label present
    [92m✔[0m [92m[PASS][0m  Weakest Concepts section
    [92m✔[0m [92m[PASS][0m  Strongest Concepts section
    [92m✔[0m [92m[PASS][0m  Struggling students label
    [92m✔[0m [92m[PASS][0m  Weak Concepts label
    [92m✔[0m [92m[PASS][0m  IMPROVED/DECLINED chip
    [92m✔[0m [92m[PASS][0m  Change in chapter average
        Midterm: acc=None  str=None (raw='None' el='None')  wk=None (raw='None' el='None')
        Midterm: weakest=[]
        Midterm: strongest=[]
    [92m✔[0m [92m[PASS][0m  [Midterm] Accuracy % readable  [2m61.2%[0m
    [92m✔[0m [92m[PASS][0m  [Midterm] Struggling students count  [2m12 students[0m
    [92m✔[0m [92m[PASS][0m  [Midterm] Weak Concepts count  [2m0 concepts[0m
    [92m✔[0m [92m[PASS][0m  [Midterm] Weakest Concepts list ≥ 1 item  [2m2 items: ['1\nAlgebra of Inverse Trig Functions', 'Algebra of Inverse Trig Functions'][0m
    [92m✔[0m [92m[PASS][0m  [Midterm] Strongest Concepts list ≥ 1 item  [2m8 items[0m
      [2mMidterm:[0m  Accuracy=[92m[1m61.2%[0m  Struggling=[93m[1m12[0m  WeakConcepts=[96m0[0m
        Weakest : ['1\nAlgebra of Inverse Trig Functions', 'Algebra of Inverse Trig Functions']
        Strongest: ['Principal Values (Domain and Range)\n63%', 'Principal Values (Domain and Range) 63%', 'Preboard 1\nOct 11, 2025', 'Preboard 1', 'Oct 11, 2025', '62.4%\nACCURACY 62.4%', 'ACCURACY', 'Struggling students\n16\nWeak Concepts\n0']
        Preboard 1: acc=None  str=None (raw='None' el='None')  wk=None (raw='None' el='None')
        Preboard 1: weakest=[]
        Preboard 1: strongest=[]
    [92m✔[0m [92m[PASS][0m  [Preboard 1] Accuracy % readable  [2m62.4%[0m
    [92m✔[0m [92m[PASS][0m  [Preboard 1] Struggling students count  [2m16 students[0m
    [92m✔[0m [92m[PASS][0m  [Preboard 1] Weak Concepts count  [2m0 concepts[0m
    [92m✔[0m [92m[PASS][0m  [Preboard 1] Weakest Concepts list ≥ 1 item  [2m2 items: ['1\nAlgebra of Inverse Trig Functions', 'Algebra of Inverse Trig Functions'][0m
    [92m✔[0m [92m[PASS][0m  [Preboard 1] Strongest Concepts list ≥ 1 item  [2m8 items[0m
      [2mPreboard 1:[0m  Accuracy=[92m[1m62.4%[0m  Struggling=[93m[1m16[0m  WeakConcepts=[96m0[0m
        Weakest : ['1\nAlgebra of Inverse Trig Functions', 'Algebra of Inverse Trig Functions']
        Strongest: ['Principal Values (Domain and Range)\n86%\nImproved', 'Principal Values (Domain and Range)', '86%\nImproved 86% [Improved]', '↗ 1.2%\nIMPROVED', '↗ 1.2% [IMPROVED]', 'Premium Feature', 'Remediation Plan for this chapter', "Make sure you don't have to worry about this chapter again!"]
    [92m✔[0m [92m[PASS][0m  Concept pill badges present  [2m['Improved', 'IMPROVED'][0m

      [96m┌─ HEADER ACCURACY BADGE ──────────────────────────────────────┐[0m
      [96m│[0m Preboard 1 accuracy : [91m[1mNOT FOUND[0m
      [96m└────────────────────────────────────────────────────────────┘[0m

      [93m┌─ WHY SECTION ─────────────────────────────────────────────┐[0m
      [93m│[0m Heading : Why this chapter improved
      [93m│[0m Text    : Performance remained stable at around 62.4% accuracy. Students are com…
      [93m│[0m Change %: [93m[1m— (only accuracy % in text)[0m
      [93m└───────────────────────────────────────────────────────┘[0m

[1m[96m════════════════════════════════════════════════════════════════════════
  PHASE 6  ▶  [97mSEARCH BOX FUNCTIONALITY
════════════════════════════════════════════════════════════════════════[0m
    [92m✔[0m [92m[PASS][0m  Search input element present  [2mSearch chapter...[0m
    [92m✔[0m [92m[PASS][0m  Search 'Determinants' → target visible
    [92m✔[0m [92m[PASS][0m  Search filters non-matching
    [91m✘[0m [91m[FAIL][0m  Search cleared → all restored  [2mmissing 2[0m
    [92m✔[0m [92m[PASS][0m  No-match query → cards hidden

[1m[96m════════════════════════════════════════════════════════════════════════
  PHASE 7  ▶  [97mSTATIC UI LABELS
════════════════════════════════════════════════════════════════════════[0m
    [92m✔[0m [92m[PASS][0m  Sort label 'Chapter Avg'
    [92m✔[0m [92m[PASS][0m  Nav tab 'Overview'
    [92m✔[0m [92m[PASS][0m  Nav tab 'Chapters'
    [92m✔[0m [92m[PASS][0m  Nav tab 'Questions'
    [92m✔[0m [92m[PASS][0m  Nav tab 'Students'
    [92m✔[0m [92m[PASS][0m  'Midterm' header
    [92m✔[0m [92m[PASS][0m  'Preboard 1' header
    [92m✔[0m [92m[PASS][0m  'ACCURACY' label
    [92m✔[0m [92m[PASS][0m  'Struggling students' label
    [92m✔[0m [92m[PASS][0m  'Weak Concepts' label
    [92m✔[0m [92m[PASS][0m  'Weakest Concepts' section
    [92m✔[0m [92m[PASS][0m  'Strongest Concepts' section
    [92m✔[0m [92m[PASS][0m  'Why this chapter' heading
    [92m✔[0m [92m[PASS][0m  IMPROVED/DECLINED chip
    [92m✔[0m [92m[PASS][0m  'Change in chapter average' label
    [92m✔[0m [92m[PASS][0m  Concept pill badges
    [92m✔[0m [92m[PASS][0m  Header accuracy badge

[1m[96m════════════════════════════════════════════════════════════════════════
  PHASE 8  ▶  [97mEXCEL VALIDATION
════════════════════════════════════════════════════════════════════════[0m
    [92m✔[0m [92m[PASS][0m  Excel match 'Determinants'  [2mDeterminants[0m
    [92m✔[0m [92m[PASS][0m  Excel match 'Application of Derivatives'  [2mApplication of Derivatives[0m
    [92m✔[0m [92m[PASS][0m  Excel match 'Continuity & Differentiability'  [2mContinuity & Differentiability[0m
    [92m✔[0m [92m[PASS][0m  Excel match 'Linear Programming'  [2mLinear Programming[0m
    [92m✔[0m [92m[PASS][0m  Excel match 'Matrices'  [2mMatrices[0m
    [92m✔[0m [92m[PASS][0m  Excel match 'Relations & Functions'  [2mRelations & Functions[0m
    [92m✔[0m [92m[PASS][0m  Excel match 'Application of Integrals'  [2mApplication of Integrals[0m
    [92m✔[0m [92m[PASS][0m  Excel match 'Integrals'  [2mIntegrals[0m
    [92m✔[0m [92m[PASS][0m  Excel match 'Inverse Trigonometric Functions'  [2mInverse Trigonometric Functions[0m

  [1mSection [93mL[0m[1m: [92m288✔[0m/[91m13✘[0m (96%)

  [1m[96m┌─ HEADER ACCURACY — Section L ──────────────────────────────┐[0m
    [91m✘[0m   1. Determinants                                       [96m[1mNOT FOUND[0m
    [91m✘[0m   2. Application of Derivatives                         [96m[1mNOT FOUND[0m
    [91m✘[0m   3. Continuity & Differentiability                     [96m[1mNOT FOUND[0m
    [91m✘[0m   4. Linear Programming                                 [96m[1mNOT FOUND[0m
    [91m✘[0m   5. Matrices                                           [96m[1mNOT FOUND[0m
    [91m✘[0m   6. Relations & Functions                              [96m[1mNOT FOUND[0m
    [91m✘[0m   7. Application of Integrals                           [96m[1mNOT FOUND[0m
    [91m✘[0m   8. Integrals                                          [96m[1mNOT FOUND[0m
    [91m✘[0m   9. Inverse Trigonometric Functions                    [96m[1mNOT FOUND[0m
  [96m└────────────────────────────────────────────────────────────┘[0m

[1m[97m▓▓▓▓▓▓▓▓▓▓▓▓▓▓▓▓▓▓▓▓▓▓▓▓▓▓▓▓▓▓▓▓▓▓▓▓▓▓▓▓▓▓▓▓▓▓▓▓▓▓▓▓▓▓▓▓▓▓▓▓▓▓▓▓▓▓▓▓▓▓▓▓
  SECTION  [93mM[0m[1m[97m
▓▓▓▓▓▓▓▓▓▓▓▓▓▓▓▓▓▓▓▓▓▓▓▓▓▓▓▓▓▓▓▓▓▓▓▓▓▓▓▓▓▓▓▓▓▓▓▓▓▓▓▓▓▓▓▓▓▓▓▓▓▓▓▓▓▓▓▓▓▓▓▓[0m


[1m[96m════════════════════════════════════════════════════════════════════════
  PHASE S  ▶  [97mSWITCH → M
════════════════════════════════════════════════════════════════════════[0m
  [92m✔ Section selected: M[0m
    [92m✔[0m [92m[PASS][0m  Section 'M' selected

[1m[96m════════════════════════════════════════════════════════════════════════
  PHASE 3  ▶  [97mNAVIGATION VERIFY
════════════════════════════════════════════════════════════════════════[0m
    [92m✔[0m [92m[PASS][0m  Chapters URL  [2midterm%2CPreboard+1&screen=chapters&chapterName=Determinants[0m
    [92m✔[0m [92m[PASS][0m  Tab 'Overview'
    [92m✔[0m [92m[PASS][0m  Tab 'Chapters'
    [92m✔[0m [92m[PASS][0m  Tab 'Questions'
    [92m✔[0m [92m[PASS][0m  Tab 'Students'

[1m[96m════════════════════════════════════════════════════════════════════════
  PHASE 4  ▶  [97mCHAPTER CARD DISCOVERY
════════════════════════════════════════════════════════════════════════[0m
    [92m✔[0m [92m[PASS][0m  Cards discovered  [2m9 found[0m
    [91m✘[0m [91m[FAIL][0m  Sorted High→Low  [2m[12.1, 1.9, 2.9, 4.9, 12.3]…[0m
    [92m✔[0m [92m[PASS][0m  Sort label present

  [1mChapters [M]:[0m
    [2m 1.[0m Application of Derivatives                           [92m▲ +12.1%   [92m✔[0m  [2m[Calculus  35m][0m
    [2m 2.[0m Integrals                                            [92m▲ +1.9%   [92m✔[0m  [2m[Calculus  35m][0m
    [2m 3.[0m Continuity & Differentiability                       [91m▼ -2.9%   [92m✔[0m  [2m[Calculus  35m][0m
    [2m 4.[0m Linear Programming                                   [91m▼ -4.9%   [92m✔[0m  [2m[Linear Programming Problem  5m][0m
    [2m 5.[0m Determinants                                         [91m▼ -12.3%   [92m✔[0m  [2m[Algebra  10m][0m
    [2m 6.[0m Relations & Functions                                [91m▼ -17.5%   [92m✔[0m  [2m[Relations and Functions  8m][0m
    [2m 7.[0m Application of Integrals                             [91m▼ -25.5%   [92m✔[0m  [2m[Calculus  35m][0m
    [2m 8.[0m Matrices                                             [91m▼ -29.1%   [92m✔[0m  [2m[Algebra  10m][0m
    [2m 9.[0m Inverse Trigonometric Functions                      [91m▼ -29.8%   [92m✔[0m  [2m[Relations and Functions  8m][0m

[1m[96m════════════════════════════════════════════════════════════════════════
  PHASE 5  ▶  [97mPER-CHAPTER DETAIL — LOC1/LOC2/LOC3/LOC4 + HEADER ACCURACY
════════════════════════════════════════════════════════════════════════[0m

  [1m[92m▲  [97mApplication of Derivatives[0m  [92m+12.1%[0m
  ─────────────────────────────────────────────────────────────────
    [92m✔[0m [92m[PASS][0m  Loc 1 · Card list badge % readable  [2m+12.1%[0m
    [92m✔[0m [92m[PASS][0m  Card clickable / detail panel opens
    [92m✔[0m [92m[PASS][0m  Loc 2 · IMPROVED/DECLINED chip % readable  [2m+12.1%[0m
    [92m✔[0m [92m[PASS][0m  Loc 3 · Change in chapter average badge  [2m+12.1%[0m
    [92m✔[0m [92m[PASS][0m  Loc 4 · Why-text % (change or accuracy)  [2mchange%=+12.1%[0m
    [91m✘[0m [91m[FAIL][0m  Header accuracy badge readable  [2mNOT FOUND[0m
    [92m✔[0m [92m[PASS][0m  ✦ 4-Way Consistency Loc1==Loc2==Loc3==Loc4  [2mL1=+12.1%  L2=+12.1%  L3=+12.1%  L4=+12.1%[0m
    [92m✔[0m [92m[PASS][0m  'Why this chapter' heading present  [2mWhy this chapter improved[0m
    [92m✔[0m [92m[PASS][0m  Explanation body text present  [2mGood improvement of 12.1% in this chapter. Students have str…[0m
    [92m✔[0m [92m[PASS][0m  Midterm panel visible
    [92m✔[0m [92m[PASS][0m  Preboard 1 panel visible
    [92m✔[0m [92m[PASS][0m  ACCURACY label present
    [92m✔[0m [92m[PASS][0m  Weakest Concepts section
    [92m✔[0m [92m[PASS][0m  Strongest Concepts section
    [92m✔[0m [92m[PASS][0m  Struggling students label
    [92m✔[0m [92m[PASS][0m  Weak Concepts label
    [92m✔[0m [92m[PASS][0m  IMPROVED/DECLINED chip
    [92m✔[0m [92m[PASS][0m  Change in chapter average
        Midterm: acc=None  str=None (raw='None' el='None')  wk=None (raw='None' el='None')
        Midterm: weakest=[]
        Midterm: strongest=[]
    [92m✔[0m [92m[PASS][0m  [Midterm] Accuracy % readable  [2m34.2%[0m
    [92m✔[0m [92m[PASS][0m  [Midterm] Struggling students count  [2m14 students[0m
    [92m✔[0m [92m[PASS][0m  [Midterm] Weak Concepts count  [2m1 concepts[0m
    [92m✔[0m [92m[PASS][0m  [Midterm] Weakest Concepts list ≥ 1 item  [2m5 items: ['1\nMaxima & Minima real life Applications\n2\nRate of Change', '1\nMaxima & Minima real life Applications', 'Maxima & Minima real life Applications'][0m
    [92m✔[0m [92m[PASS][0m  [Midterm] Strongest Concepts list ≥ 1 item  [2m8 items[0m
      [2mMidterm:[0m  Accuracy=[92m[1m34.2%[0m  Struggling=[93m[1m14[0m  WeakConcepts=[96m1[0m
        Weakest : ['1\nMaxima & Minima real life Applications\n2\nRate of Change', '1\nMaxima & Minima real life Applications', 'Maxima & Minima real life Applications', '2\nRate of Change', 'Rate of Change']
        Strongest: ['Increasing & Decreasing Functions\n50%', 'Increasing & Decreasing Functions 50%', 'Preboard 1\nOct 11, 2025', 'Preboard 1', 'Oct 11, 2025', '46.3%\nACCURACY 46.3%', 'ACCURACY', 'Struggling students\n5\nWeak Concepts\n1']
        Preboard 1: acc=None  str=None (raw='None' el='None')  wk=None (raw='None' el='None')
        Preboard 1: weakest=[]
        Preboard 1: strongest=[]
    [92m✔[0m [92m[PASS][0m  [Preboard 1] Accuracy % readable  [2m46.3%[0m
    [92m✔[0m [92m[PASS][0m  [Preboard 1] Struggling students count  [2m5 students[0m
    [92m✔[0m [92m[PASS][0m  [Preboard 1] Weak Concepts count  [2m1 concepts[0m
    [92m✔[0m [92m[PASS][0m  [Preboard 1] Weakest Concepts list ≥ 1 item  [2m6 items: ['1\nMaxima & Minima real life Applications\nImproved', '1\nMaxima & Minima real life Applications', 'Maxima & Minima real life Applications'][0m
    [92m✔[0m [92m[PASS][0m  [Preboard 1] Strongest Concepts list ≥ 1 item  [2m8 items[0m
      [2mPreboard 1:[0m  Accuracy=[92m[1m46.3%[0m  Struggling=[93m[1m5[0m  WeakConcepts=[96m1[0m
        Weakest : ['1\nMaxima & Minima real life Applications\nImproved', '1\nMaxima & Minima real life Applications', 'Maxima & Minima real life Applications', 'Improved', '2\nMaxima & Minima\nNew', '2\nMaxima & Minima']
        Strongest: ['Rate of Change\n78%\nImproved', 'Rate of Change', '78%\nImproved 78% [Improved]', '↗ 12.1%\nIMPROVED', '↗ 12.1% [IMPROVED]', 'Premium Feature', 'Remediation Plan for this chapter', "Make sure you don't have to worry about this chapter again!"]
    [92m✔[0m [92m[PASS][0m  Concept pill badges present  [2m['Improved', 'New', 'IMPROVED'][0m

      [96m┌─ HEADER ACCURACY BADGE ──────────────────────────────────────┐[0m
      [96m│[0m Preboard 1 accuracy : [91m[1mNOT FOUND[0m
      [96m└────────────────────────────────────────────────────────────┘[0m

      [93m┌─ WHY SECTION ─────────────────────────────────────────────┐[0m
      [93m│[0m Heading : Why this chapter improved
      [93m│[0m Text    : Good improvement of 12.1% in this chapter. Students have strengthened …
      [93m│[0m Change %: [92m[1m+12.1%[0m
      [93m└───────────────────────────────────────────────────────┘[0m

  [1m[92m▲  [97mIntegrals[0m  [92m+1.9%[0m
  ─────────────────────────────────────────────────────────────────
    [92m✔[0m [92m[PASS][0m  Loc 1 · Card list badge % readable  [2m+1.9%[0m
    [92m✔[0m [92m[PASS][0m  Card clickable / detail panel opens
    [92m✔[0m [92m[PASS][0m  Loc 2 · IMPROVED/DECLINED chip % readable  [2m+1.9%[0m
    [92m✔[0m [92m[PASS][0m  Loc 3 · Change in chapter average badge  [2m+1.9%[0m
    [92m✔[0m [92m[PASS][0m  Loc 4 · Why-text % (change or accuracy)  [2maccuracy%=28.6% (stable)[0m
    [91m✘[0m [91m[FAIL][0m  Header accuracy badge readable  [2mNOT FOUND[0m
    [91m✘[0m [91m[FAIL][0m  ✦ 4-Way Consistency Loc1==Loc2==Loc3==Loc4  [2mL1=+1.9%  L2=+1.9%  L3=+1.9%  L4=None[0m
    [92m✔[0m [92m[PASS][0m  'Why this chapter' heading present  [2mWhy this chapter improved[0m
    [92m✔[0m [92m[PASS][0m  Explanation body text present  [2mPerformance remained stable at around 28.6% accuracy. Howeve…[0m
    [92m✔[0m [92m[PASS][0m  Midterm panel visible
    [92m✔[0m [92m[PASS][0m  Preboard 1 panel visible
    [92m✔[0m [92m[PASS][0m  ACCURACY label present
    [92m✔[0m [92m[PASS][0m  Weakest Concepts section
    [92m✔[0m [92m[PASS][0m  Strongest Concepts section
    [92m✔[0m [92m[PASS][0m  Struggling students label
    [92m✔[0m [92m[PASS][0m  Weak Concepts label
    [92m✔[0m [92m[PASS][0m  IMPROVED/DECLINED chip
    [92m✔[0m [92m[PASS][0m  Change in chapter average
        Midterm: acc=None  str=None (raw='None' el='None')  wk=None (raw='None' el='None')
        Midterm: weakest=[]
        Midterm: strongest=[]
    [92m✔[0m [92m[PASS][0m  [Midterm] Accuracy % readable  [2m26.7%[0m
    [92m✔[0m [92m[PASS][0m  [Midterm] Struggling students count  [2m15 students[0m
    [92m✔[0m [92m[PASS][0m  [Midterm] Weak Concepts count  [2m5 concepts[0m
    [92m✔[0m [92m[PASS][0m  [Midterm] Weakest Concepts list ≥ 1 item  [2m6 items: ['1\nIntegration by Parts', 'Integration by Parts', '2\nProperties of Definite Integrals'][0m
    [92m✔[0m [92m[PASS][0m  [Midterm] Strongest Concepts list ≥ 1 item  [2m8 items[0m
      [2mMidterm:[0m  Accuracy=[92m[1m26.7%[0m  Struggling=[93m[1m15[0m  WeakConcepts=[96m5[0m
        Weakest : ['1\nIntegration by Parts', 'Integration by Parts', '2\nProperties of Definite Integrals', 'Properties of Definite Integrals', '3\nRules of integrals', 'Rules of integrals']
        Strongest: ['Integration by Substitution\n41%', 'Integration by Substitution 28%', 'Partial Fractions\n37%', 'Partial Fractions 37%', 'Definite Integrals\n30%', 'Definite Integrals 30%', 'Preboard 1\nOct 11, 2025', 'Preboard 1']
        Preboard 1: acc=None  str=None (raw='None' el='None')  wk=None (raw='None' el='None')
        Preboard 1: weakest=[]
        Preboard 1: strongest=[]
    [92m✔[0m [92m[PASS][0m  [Preboard 1] Accuracy % readable  [2m28.6%[0m
    [92m✔[0m [92m[PASS][0m  [Preboard 1] Struggling students count  [2m12 students[0m
    [92m✔[0m [92m[PASS][0m  [Preboard 1] Weak Concepts count  [2m4 concepts[0m
    [92m✔[0m [92m[PASS][0m  [Preboard 1] Weakest Concepts list ≥ 1 item  [2m6 items: ['1\nPartial Fractions\n2\nIndefinite Integrals (Anti derivatives)\nNew', '1\nPartial Fractions', 'Partial Fractions'][0m
    [92m✔[0m [92m[PASS][0m  [Preboard 1] Strongest Concepts list ≥ 1 item  [2m8 items[0m
      [2mPreboard 1:[0m  Accuracy=[92m[1m28.6%[0m  Struggling=[93m[1m12[0m  WeakConcepts=[96m4[0m
        Weakest : ['1\nPartial Fractions\n2\nIndefinite Integrals (Anti derivatives)\nNew', '1\nPartial Fractions', 'Partial Fractions', '2\nIndefinite Integrals (Anti derivatives)\nNew', '2\nIndefinite Integrals (Anti derivatives)', 'Indefinite Integrals (Anti derivatives)']
        Strongest: ['Rules of integrals\n34%\nImproved\nIntegration by Substitution\n28%', 'Rules of integrals\n34%\nImproved', 'Rules of integrals', '34%\nImproved 34% [Improved]', 'Integration by Substitution\n28%', 'Integration by Substitution 28%', '↗ 1.9%\nIMPROVED', '↗ 1.9% [IMPROVED]']
    [92m✔[0m [92m[PASS][0m  Concept pill badges present  [2m['Improved', 'New', 'IMPROVED'][0m

      [96m┌─ HEADER ACCURACY BADGE ──────────────────────────────────────┐[0m
      [96m│[0m Preboard 1 accuracy : [91m[1mNOT FOUND[0m
      [96m└────────────────────────────────────────────────────────────┘[0m

      [93m┌─ WHY SECTION ─────────────────────────────────────────────┐[0m
      [93m│[0m Heading : Why this chapter improved
      [93m│[0m Text    : Performance remained stable at around 28.6% accuracy. However, 'Partia…
      [93m│[0m Change %: [93m[1m— (only accuracy % in text)[0m
      [93m└───────────────────────────────────────────────────────┘[0m

  [1m[91m▼  [97mContinuity & Differentiability[0m  [91m-2.9%[0m
  ─────────────────────────────────────────────────────────────────
    [92m✔[0m [92m[PASS][0m  Loc 1 · Card list badge % readable  [2m-2.9%[0m
    [92m✔[0m [92m[PASS][0m  Card clickable / detail panel opens
    [92m✔[0m [92m[PASS][0m  Loc 2 · IMPROVED/DECLINED chip % readable  [2m-2.9%[0m
    [92m✔[0m [92m[PASS][0m  Loc 3 · Change in chapter average badge  [2m-2.9%[0m
    [92m✔[0m [92m[PASS][0m  Loc 4 · Why-text % (change or accuracy)  [2mchange%=-2.9%[0m
    [91m✘[0m [91m[FAIL][0m  Header accuracy badge readable  [2mNOT FOUND[0m
    [92m✔[0m [92m[PASS][0m  ✦ 4-Way Consistency Loc1==Loc2==Loc3==Loc4  [2mL1=-2.9%  L2=-2.9%  L3=-2.9%  L4=-2.9%[0m
    [92m✔[0m [92m[PASS][0m  'Why this chapter' heading present  [2mWhy this chapter declined[0m
    [92m✔[0m [92m[PASS][0m  Explanation body text present  [2mThere was a slight decline of 2.9% in this chapter. 'Derivat…[0m
    [92m✔[0m [92m[PASS][0m  Midterm panel visible
    [92m✔[0m [92m[PASS][0m  Preboard 1 panel visible
    [92m✔[0m [92m[PASS][0m  ACCURACY label present
    [92m✔[0m [92m[PASS][0m  Weakest Concepts section
    [92m✔[0m [92m[PASS][0m  Strongest Concepts section
    [92m✔[0m [92m[PASS][0m  Struggling students label
    [92m✔[0m [92m[PASS][0m  Weak Concepts label
    [92m✔[0m [92m[PASS][0m  IMPROVED/DECLINED chip
    [92m✔[0m [92m[PASS][0m  Change in chapter average
        Midterm: acc=None  str=None (raw='None' el='None')  wk=None (raw='None' el='None')
        Midterm: weakest=[]
        Midterm: strongest=[]
    [92m✔[0m [92m[PASS][0m  [Midterm] Accuracy % readable  [2m44.4%[0m
    [92m✔[0m [92m[PASS][0m  [Midterm] Struggling students count  [2m11 students[0m
    [92m✔[0m [92m[PASS][0m  [Midterm] Weak Concepts count  [2m2 concepts[0m
    [92m✔[0m [92m[PASS][0m  [Midterm] Weakest Concepts list ≥ 1 item  [2m6 items: ['1\nSecond Order Derivative\n2\nContinuity\n3\nRules of Differentiations', '1\nSecond Order Derivative', 'Second Order Derivative'][0m
    [92m✔[0m [92m[PASS][0m  [Midterm] Strongest Concepts list ≥ 1 item  [2m8 items[0m
      [2mMidterm:[0m  Accuracy=[92m[1m44.4%[0m  Struggling=[93m[1m11[0m  WeakConcepts=[96m2[0m
        Weakest : ['1\nSecond Order Derivative\n2\nContinuity\n3\nRules of Differentiations', '1\nSecond Order Derivative', 'Second Order Derivative', '2\nContinuity', 'Continuity', '3\nRules of Differentiations']
        Strongest: ['Parametric & Implicit Differentiation\n61%', 'Parametric & Implicit Differentiation 52%', 'Exponential & Logarithmic Functions/Logarithmic Properties\n52%', 'Exponential & Logarithmic Functions/Logarithmic Properties 52%', 'Preboard 1\nOct 11, 2025', 'Preboard 1', 'Oct 11, 2025', '41.5%\nACCURACY 41.5%']
        Preboard 1: acc=None  str=None (raw='None' el='None')  wk=None (raw='None' el='None')
        Preboard 1: weakest=[]
        Preboard 1: strongest=[]
    [92m✔[0m [92m[PASS][0m  [Preboard 1] Accuracy % readable  [2m41.5%[0m
    [92m✔[0m [92m[PASS][0m  [Preboard 1] Struggling students count  [2m9 students[0m
    [92m✔[0m [92m[PASS][0m  [Preboard 1] Weak Concepts count  [2m2 concepts[0m
    [92m✔[0m [92m[PASS][0m  [Preboard 1] Weakest Concepts list ≥ 1 item  [2m6 items: ['1\nDerivatives of Inverse Trig Functions\nNew', '1\nDerivatives of Inverse Trig Functions', 'Derivatives of Inverse Trig Functions'][0m
    [92m✔[0m [92m[PASS][0m  [Preboard 1] Strongest Concepts list ≥ 1 item  [2m8 items[0m
      [2mPreboard 1:[0m  Accuracy=[92m[1m41.5%[0m  Struggling=[93m[1m9[0m  WeakConcepts=[96m2[0m
        Weakest : ['1\nDerivatives of Inverse Trig Functions\nNew', '1\nDerivatives of Inverse Trig Functions', 'Derivatives of Inverse Trig Functions', '2\nContinuity\nImproved', '2\nContinuity', 'Continuity']
        Strongest: ['Parametric & Implicit Differentiation\n52%', 'Parametric & Implicit Differentiation 52%', 'Second Order Derivative\n50%\nImproved', 'Second Order Derivative', '50%\nImproved 50% [Improved]', '↘ 2.9%\nDECLINED', '↘ 2.9% [DECLINED]', 'Premium Feature']
    [92m✔[0m [92m[PASS][0m  Concept pill badges present  [2m['Improved', 'New', 'DECLINED'][0m

      [96m┌─ HEADER ACCURACY BADGE ──────────────────────────────────────┐[0m
      [96m│[0m Preboard 1 accuracy : [91m[1mNOT FOUND[0m
      [96m└────────────────────────────────────────────────────────────┘[0m

      [93m┌─ WHY SECTION ─────────────────────────────────────────────┐[0m
      [93m│[0m Heading : Why this chapter declined
      [93m│[0m Text    : There was a slight decline of 2.9% in this chapter. 'Derivatives of In…
      [93m│[0m Change %: [91m[1m-2.9%[0m
      [93m└───────────────────────────────────────────────────────┘[0m

  [1m[91m▼  [97mLinear Programming[0m  [91m-4.9%[0m
  ─────────────────────────────────────────────────────────────────
    [92m✔[0m [92m[PASS][0m  Loc 1 · Card list badge % readable  [2m-4.9%[0m
    [92m✔[0m [92m[PASS][0m  Card clickable / detail panel opens
    [92m✔[0m [92m[PASS][0m  Loc 2 · IMPROVED/DECLINED chip % readable  [2m-4.9%[0m
    [92m✔[0m [92m[PASS][0m  Loc 3 · Change in chapter average badge  [2m-4.9%[0m
    [92m✔[0m [92m[PASS][0m  Loc 4 · Why-text % (change or accuracy)  [2mchange%=-4.9%[0m
    [91m✘[0m [91m[FAIL][0m  Header accuracy badge readable  [2mNOT FOUND[0m
    [92m✔[0m [92m[PASS][0m  ✦ 4-Way Consistency Loc1==Loc2==Loc3==Loc4  [2mL1=-4.9%  L2=-4.9%  L3=-4.9%  L4=-4.9%[0m
    [92m✔[0m [92m[PASS][0m  'Why this chapter' heading present  [2mWhy this chapter declined[0m
    [92m✔[0m [92m[PASS][0m  Explanation body text present  [2mThere was a slight decline of 4.9% in this chapter, mainly b…[0m
    [92m✔[0m [92m[PASS][0m  Midterm panel visible
    [92m✔[0m [92m[PASS][0m  Preboard 1 panel visible
    [92m✔[0m [92m[PASS][0m  ACCURACY label present
    [92m✔[0m [92m[PASS][0m  Weakest Concepts section
    [92m✔[0m [92m[PASS][0m  Strongest Concepts section
    [92m✔[0m [92m[PASS][0m  Struggling students label
    [92m✔[0m [92m[PASS][0m  Weak Concepts label
    [92m✔[0m [92m[PASS][0m  IMPROVED/DECLINED chip
    [92m✔[0m [92m[PASS][0m  Change in chapter average
        Midterm: acc=None  str=None (raw='None' el='None')  wk=None (raw='None' el='None')
        Midterm: weakest=[]
        Midterm: strongest=[]
    [92m✔[0m [92m[PASS][0m  [Midterm] Accuracy % readable  [2m52.9%[0m
    [92m✔[0m [92m[PASS][0m  [Midterm] Struggling students count  [2m6 students[0m
    [92m✔[0m [92m[PASS][0m  [Midterm] Weak Concepts count  [2m0 concepts[0m
    [92m✔[0m [92m[PASS][0m  [Midterm] Weakest Concepts list ≥ 1 item  [2m2 items: ['1\nGraphical method of solution for problems in two variables', 'Graphical method of solution for problems in two variables'][0m
    [92m✔[0m [92m[PASS][0m  [Midterm] Strongest Concepts list ≥ 1 item  [2m8 items[0m
      [2mMidterm:[0m  Accuracy=[92m[1m52.9%[0m  Struggling=[93m[1m6[0m  WeakConcepts=[96m0[0m
        Weakest : ['1\nGraphical method of solution for problems in two variables', 'Graphical method of solution for problems in two variables']
        Strongest: ['Feasible Region\n56%', 'Feasible Region 56%', 'Preboard 1\nOct 11, 2025', 'Preboard 1', 'Oct 11, 2025', '48%\nACCURACY 48%', 'ACCURACY', 'Struggling students\n7\nWeak Concepts\n1']
        Preboard 1: acc=None  str=None (raw='None' el='None')  wk=None (raw='None' el='None')
        Preboard 1: weakest=[]
        Preboard 1: strongest=[]
    [92m✔[0m [92m[PASS][0m  [Preboard 1] Accuracy % readable  [2m48%[0m
    [92m✔[0m [92m[PASS][0m  [Preboard 1] Struggling students count  [2m7 students[0m
    [92m✔[0m [92m[PASS][0m  [Preboard 1] Weak Concepts count  [2m1 concepts[0m
    [92m✔[0m [92m[PASS][0m  [Preboard 1] Weakest Concepts list ≥ 1 item  [2m3 items: ['1\nObjective Function\nNew', '1\nObjective Function', 'Objective Function'][0m
    [92m✔[0m [92m[PASS][0m  [Preboard 1] Strongest Concepts list ≥ 1 item  [2m8 items[0m
      [2mPreboard 1:[0m  Accuracy=[92m[1m48%[0m  Struggling=[93m[1m7[0m  WeakConcepts=[96m1[0m
        Weakest : ['1\nObjective Function\nNew', '1\nObjective Function', 'Objective Function']
        Strongest: ['Graphical method of solution for problems in two variables\n50%', 'Graphical method of solution for problems in two variables 50%', '↘ 4.9%\nDECLINED', '↘ 4.9% [DECLINED]', 'Premium Feature', 'Remediation Plan for this chapter', "Make sure you don't have to worry about this chapter again!", 'Create Lesson Plans\nAccess Teaching Materials']
    [92m✔[0m [92m[PASS][0m  Concept pill badges present  [2m['DECLINED', 'New'][0m

      [96m┌─ HEADER ACCURACY BADGE ──────────────────────────────────────┐[0m
      [96m│[0m Preboard 1 accuracy : [91m[1mNOT FOUND[0m
      [96m└────────────────────────────────────────────────────────────┘[0m

      [93m┌─ WHY SECTION ─────────────────────────────────────────────┐[0m
      [93m│[0m Heading : Why this chapter declined
      [93m│[0m Text    : There was a slight decline of 4.9% in this chapter, mainly because 'Ob…
      [93m│[0m Change %: [91m[1m-4.9%[0m
      [93m└───────────────────────────────────────────────────────┘[0m

  [1m[91m▼  [97mDeterminants[0m  [91m-12.3%[0m
  ─────────────────────────────────────────────────────────────────
    [92m✔[0m [92m[PASS][0m  Loc 1 · Card list badge % readable  [2m-12.3%[0m
    [92m✔[0m [92m[PASS][0m  Card clickable / detail panel opens
    [92m✔[0m [92m[PASS][0m  Loc 2 · IMPROVED/DECLINED chip % readable  [2m-12.3%[0m
    [92m✔[0m [92m[PASS][0m  Loc 3 · Change in chapter average badge  [2m-12.3%[0m
    [92m✔[0m [92m[PASS][0m  Loc 4 · Why-text % (change or accuracy)  [2mchange%=-12.3%[0m
    [91m✘[0m [91m[FAIL][0m  Header accuracy badge readable  [2mNOT FOUND[0m
    [92m✔[0m [92m[PASS][0m  ✦ 4-Way Consistency Loc1==Loc2==Loc3==Loc4  [2mL1=-12.3%  L2=-12.3%  L3=-12.3%  L4=-12.3%[0m
    [92m✔[0m [92m[PASS][0m  'Why this chapter' heading present  [2mWhy this chapter declined[0m
    [92m✔[0m [92m[PASS][0m  Explanation body text present  [2mPerformance declined by 12.3% compared to Midterm, mainly be…[0m
    [92m✔[0m [92m[PASS][0m  Midterm panel visible
    [92m✔[0m [92m[PASS][0m  Preboard 1 panel visible
    [92m✔[0m [92m[PASS][0m  ACCURACY label present
    [92m✔[0m [92m[PASS][0m  Weakest Concepts section
    [92m✔[0m [92m[PASS][0m  Strongest Concepts section
    [92m✔[0m [92m[PASS][0m  Struggling students label
    [92m✔[0m [92m[PASS][0m  Weak Concepts label
    [92m✔[0m [92m[PASS][0m  IMPROVED/DECLINED chip
    [92m✔[0m [92m[PASS][0m  Change in chapter average
        Midterm: acc=None  str=None (raw='None' el='None')  wk=None (raw='None' el='None')
        Midterm: weakest=[]
        Midterm: strongest=[]
    [92m✔[0m [92m[PASS][0m  [Midterm] Accuracy % readable  [2m67.3%[0m
    [92m✔[0m [92m[PASS][0m  [Midterm] Struggling students count  [2m3 students[0m
    [92m✔[0m [92m[PASS][0m  [Midterm] Weak Concepts count  [2m2 concepts[0m
    [92m✔[0m [92m[PASS][0m  [Midterm] Weakest Concepts list ≥ 1 item  [2m5 items: ['1\nDeterminant of a Matrix\n2\nAdjoint & Inverse', '1\nDeterminant of a Matrix', 'Determinant of a Matrix'][0m
    [92m✔[0m [92m[PASS][0m  [Midterm] Strongest Concepts list ≥ 1 item  [2m8 items[0m
      [2mMidterm:[0m  Accuracy=[92m[1m67.3%[0m  Struggling=[93m[1m3[0m  WeakConcepts=[96m2[0m
        Weakest : ['1\nDeterminant of a Matrix\n2\nAdjoint & Inverse', '1\nDeterminant of a Matrix', 'Determinant of a Matrix', '2\nAdjoint & Inverse', 'Adjoint & Inverse']
        Strongest: ['Preboard 1\nOct 11, 2025', 'Preboard 1', 'Oct 11, 2025', '55%\nACCURACY 55%', 'ACCURACY', 'Struggling students\n4\nWeak Concepts\n2', 'Struggling students\n4', 'Struggling students']
        Preboard 1: acc=None  str=None (raw='None' el='None')  wk=None (raw='None' el='None')
        Preboard 1: weakest=[]
        Preboard 1: strongest=[]
    [92m✔[0m [92m[PASS][0m  [Preboard 1] Accuracy % readable  [2m55%[0m
    [92m✔[0m [92m[PASS][0m  [Preboard 1] Struggling students count  [2m4 students[0m
    [92m✔[0m [92m[PASS][0m  [Preboard 1] Weak Concepts count  [2m2 concepts[0m
    [92m✔[0m [92m[PASS][0m  [Preboard 1] Weakest Concepts list ≥ 1 item  [2m4 items: ['2\nDeterminant of a Matrix\nImproved', '2\nDeterminant of a Matrix', 'Determinant of a Matrix'][0m
    [92m✔[0m [92m[PASS][0m  [Preboard 1] Strongest Concepts list ≥ 1 item  [2m8 items[0m
      [2mPreboard 1:[0m  Accuracy=[92m[1m55%[0m  Struggling=[93m[1m4[0m  WeakConcepts=[96m2[0m
        Weakest : ['2\nDeterminant of a Matrix\nImproved', '2\nDeterminant of a Matrix', 'Determinant of a Matrix', 'Improved']
        Strongest: ['Adjoint & Inverse\n64%\nImproved\nProperties of Determinants\n47%\nNew', 'Adjoint & Inverse\n64%\nImproved', 'Adjoint & Inverse', '64%\nImproved 64% [Improved]', 'Properties of Determinants\n47%\nNew', 'Properties of Determinants', '47%\nNew 47% [New]', '↘ 12.3%\nDECLINED']
    [92m✔[0m [92m[PASS][0m  Concept pill badges present  [2m['Improved', 'New', 'DECLINED'][0m

      [96m┌─ HEADER ACCURACY BADGE ──────────────────────────────────────┐[0m
      [96m│[0m Preboard 1 accuracy : [91m[1mNOT FOUND[0m
      [96m└────────────────────────────────────────────────────────────┘[0m

      [93m┌─ WHY SECTION ─────────────────────────────────────────────┐[0m
      [93m│[0m Heading : Why this chapter declined
      [93m│[0m Text    : Performance declined by 12.3% compared to Midterm, mainly because 'Pro…
      [93m│[0m Change %: [91m[1m-12.3%[0m
      [93m└───────────────────────────────────────────────────────┘[0m

  [1m[91m▼  [97mRelations & Functions[0m  [91m-17.5%[0m
  ─────────────────────────────────────────────────────────────────
    [92m✔[0m [92m[PASS][0m  Loc 1 · Card list badge % readable  [2m-17.5%[0m
    [92m✔[0m [92m[PASS][0m  Card clickable / detail panel opens
    [92m✔[0m [92m[PASS][0m  Loc 2 · IMPROVED/DECLINED chip % readable  [2m-17.5%[0m
    [92m✔[0m [92m[PASS][0m  Loc 3 · Change in chapter average badge  [2m-17.5%[0m
    [92m✔[0m [92m[PASS][0m  Loc 4 · Why-text % (change or accuracy)  [2mchange%=-17.5%[0m
    [91m✘[0m [91m[FAIL][0m  Header accuracy badge readable  [2mNOT FOUND[0m
    [92m✔[0m [92m[PASS][0m  ✦ 4-Way Consistency Loc1==Loc2==Loc3==Loc4  [2mL1=-17.5%  L2=-17.5%  L3=-17.5%  L4=-17.5%[0m
    [92m✔[0m [92m[PASS][0m  'Why this chapter' heading present  [2mWhy this chapter declined[0m
    [92m✔[0m [92m[PASS][0m  Explanation body text present  [2mThis chapter dropped 17.5% and needs immediate attention. 'T…[0m
    [92m✔[0m [92m[PASS][0m  Midterm panel visible
    [92m✔[0m [92m[PASS][0m  Preboard 1 panel visible
    [92m✔[0m [92m[PASS][0m  ACCURACY label present
    [92m✔[0m [92m[PASS][0m  Weakest Concepts section
    [92m✔[0m [92m[PASS][0m  Strongest Concepts section
    [92m✔[0m [92m[PASS][0m  Struggling students label
    [92m✔[0m [92m[PASS][0m  Weak Concepts label
    [92m✔[0m [92m[PASS][0m  IMPROVED/DECLINED chip
    [92m✔[0m [92m[PASS][0m  Change in chapter average
        Midterm: acc=None  str=None (raw='None' el='None')  wk=None (raw='None' el='None')
        Midterm: weakest=[]
        Midterm: strongest=[]
    [92m✔[0m [92m[PASS][0m  [Midterm] Accuracy % readable  [2m38.2%[0m
    [92m✔[0m [92m[PASS][0m  [Midterm] Struggling students count  [2m11 students[0m
    [92m✔[0m [92m[PASS][0m  [Midterm] Weak Concepts count  [2m1 concepts[0m
    [92m✔[0m [92m[PASS][0m  [Midterm] Weakest Concepts list ≥ 1 item  [2m2 items: ['1\nTypes of Functions', 'Types of Functions'][0m
    [92m✔[0m [92m[PASS][0m  [Midterm] Strongest Concepts list ≥ 1 item  [2m8 items[0m
      [2mMidterm:[0m  Accuracy=[92m[1m38.2%[0m  Struggling=[93m[1m11[0m  WeakConcepts=[96m1[0m
        Weakest : ['1\nTypes of Functions', 'Types of Functions']
        Strongest: ['Types of Relations\n46%', 'Types of Relations 46%', 'Preboard 1\nOct 11, 2025', 'Preboard 1', 'Oct 11, 2025', '20.7%\nACCURACY 20.7%', 'ACCURACY', 'Struggling students\n13\nWeak Concepts\n1']
        Preboard 1: acc=None  str=None (raw='None' el='None')  wk=None (raw='None' el='None')
        Preboard 1: weakest=[]
        Preboard 1: strongest=[]
    [92m✔[0m [92m[PASS][0m  [Preboard 1] Accuracy % readable  [2m20.7%[0m
    [92m✔[0m [92m[PASS][0m  [Preboard 1] Struggling students count  [2m13 students[0m
    [92m✔[0m [92m[PASS][0m  [Preboard 1] Weak Concepts count  [2m1 concepts[0m
    [92m✔[0m [92m[PASS][0m  [Preboard 1] Weakest Concepts list ≥ 1 item  [2m2 items: ['1\nTypes of Functions', 'Types of Functions'][0m
    [92m✔[0m [92m[PASS][0m  [Preboard 1] Strongest Concepts list ≥ 1 item  [2m8 items[0m
      [2mPreboard 1:[0m  Accuracy=[92m[1m20.7%[0m  Struggling=[93m[1m13[0m  WeakConcepts=[96m1[0m
        Weakest : ['1\nTypes of Functions', 'Types of Functions']
        Strongest: ['Types of Relations\n60%\nImproved', 'Types of Relations', '60%\nImproved 60% [Improved]', '↘ 17.5%\nDECLINED', '↘ 17.5% [DECLINED]', 'Premium Feature', 'Remediation Plan for this chapter', "Make sure you don't have to worry about this chapter again!"]
    [92m✔[0m [92m[PASS][0m  Concept pill badges present  [2m['Improved', 'DECLINED'][0m

      [96m┌─ HEADER ACCURACY BADGE ──────────────────────────────────────┐[0m
      [96m│[0m Preboard 1 accuracy : [91m[1mNOT FOUND[0m
      [96m└────────────────────────────────────────────────────────────┘[0m

      [93m┌─ WHY SECTION ─────────────────────────────────────────────┐[0m
      [93m│[0m Heading : Why this chapter declined
      [93m│[0m Text    : This chapter dropped 17.5% and needs immediate attention. 'Types of Fu…
      [93m│[0m Change %: [91m[1m-17.5%[0m
      [93m└───────────────────────────────────────────────────────┘[0m

  [1m[91m▼  [97mApplication of Integrals[0m  [91m-25.5%[0m
  ─────────────────────────────────────────────────────────────────
    [92m✔[0m [92m[PASS][0m  Loc 1 · Card list badge % readable  [2m-25.5%[0m
    [92m✔[0m [92m[PASS][0m  Card clickable / detail panel opens
    [92m✔[0m [92m[PASS][0m  Loc 2 · IMPROVED/DECLINED chip % readable  [2m-25.5%[0m
    [92m✔[0m [92m[PASS][0m  Loc 3 · Change in chapter average badge  [2m-25.5%[0m
    [92m✔[0m [92m[PASS][0m  Loc 4 · Why-text % (change or accuracy)  [2mchange%=-25.5%[0m
    [91m✘[0m [91m[FAIL][0m  Header accuracy badge readable  [2mNOT FOUND[0m
    [92m✔[0m [92m[PASS][0m  ✦ 4-Way Consistency Loc1==Loc2==Loc3==Loc4  [2mL1=-25.5%  L2=-25.5%  L3=-25.5%  L4=-25.5%[0m
    [92m✔[0m [92m[PASS][0m  'Why this chapter' heading present  [2mWhy this chapter declined[0m
    [92m✔[0m [92m[PASS][0m  Explanation body text present  [2mThis chapter dropped 25.5% and needs immediate attention. 'A…[0m
    [92m✔[0m [92m[PASS][0m  Midterm panel visible
    [92m✔[0m [92m[PASS][0m  Preboard 1 panel visible
    [92m✔[0m [92m[PASS][0m  ACCURACY label present
    [92m✔[0m [92m[PASS][0m  Weakest Concepts section
    [92m✔[0m [92m[PASS][0m  Strongest Concepts section
    [92m✔[0m [92m[PASS][0m  Struggling students label
    [92m✔[0m [92m[PASS][0m  Weak Concepts label
    [92m✔[0m [92m[PASS][0m  IMPROVED/DECLINED chip
    [92m✔[0m [92m[PASS][0m  Change in chapter average
        Midterm: acc=None  str=None (raw='None' el='None')  wk=None (raw='None' el='None')
        Midterm: weakest=[]
        Midterm: strongest=[]
    [92m✔[0m [92m[PASS][0m  [Midterm] Accuracy % readable  [2m53.4%[0m
    [92m✔[0m [92m[PASS][0m  [Midterm] Struggling students count  [2m5 students[0m
    [92m✔[0m [92m[PASS][0m  [Midterm] Weak Concepts count  [2m0 concepts[0m
    [92m✔[0m [92m[PASS][0m  [Midterm] Weakest Concepts list ≥ 1 item  [2m2 items: ['1\nArea under Curves', 'Area under Curves'][0m
    [92m✔[0m [92m[PASS][0m  [Midterm] Strongest Concepts list ≥ 1 item  [2m8 items[0m
      [2mMidterm:[0m  Accuracy=[92m[1m53.4%[0m  Struggling=[93m[1m5[0m  WeakConcepts=[96m0[0m
        Weakest : ['1\nArea under Curves', 'Area under Curves']
        Strongest: ['No Strongest Concepts Available', 'Preboard 1\nOct 11, 2025', 'Preboard 1', 'Oct 11, 2025', '27.9%\nACCURACY 27.9%', 'ACCURACY', 'Struggling students\n12\nWeak Concepts\n1', 'Struggling students\n12']
        Preboard 1: acc=None  str=None (raw='None' el='None')  wk=None (raw='None' el='None')
        Preboard 1: weakest=[]
        Preboard 1: strongest=[]
    [92m✔[0m [92m[PASS][0m  [Preboard 1] Accuracy % readable  [2m27.9%[0m
    [92m✔[0m [92m[PASS][0m  [Preboard 1] Struggling students count  [2m12 students[0m
    [92m✔[0m [92m[PASS][0m  [Preboard 1] Weak Concepts count  [2m1 concepts[0m
    [92m✔[0m [92m[PASS][0m  [Preboard 1] Weakest Concepts list ≥ 1 item  [2m2 items: ['1\nArea under Curves', 'Area under Curves'][0m
    [92m✔[0m [92m[PASS][0m  [Preboard 1] Strongest Concepts list ≥ 1 item  [2m8 items[0m
      [2mPreboard 1:[0m  Accuracy=[92m[1m27.9%[0m  Struggling=[93m[1m12[0m  WeakConcepts=[96m1[0m
        Weakest : ['1\nArea under Curves', 'Area under Curves']
        Strongest: ['No Strongest Concepts Available', '↘ 25.5%\nDECLINED', '↘ 25.5% [DECLINED]', 'Premium Feature', 'Remediation Plan for this chapter', "Make sure you don't have to worry about this chapter again!", 'Create Lesson Plans\nAccess Teaching Materials', 'Create Lesson Plans']
    [92m✔[0m [92m[PASS][0m  Concept pill badges present  [2m['DECLINED'][0m

      [96m┌─ HEADER ACCURACY BADGE ──────────────────────────────────────┐[0m
      [96m│[0m Preboard 1 accuracy : [91m[1mNOT FOUND[0m
      [96m└────────────────────────────────────────────────────────────┘[0m

      [93m┌─ WHY SECTION ─────────────────────────────────────────────┐[0m
      [93m│[0m Heading : Why this chapter declined
      [93m│[0m Text    : This chapter dropped 25.5% and needs immediate attention. 'Area under …
      [93m│[0m Change %: [91m[1m-25.5%[0m
      [93m└───────────────────────────────────────────────────────┘[0m

  [1m[91m▼  [97mMatrices[0m  [91m-29.1%[0m
  ─────────────────────────────────────────────────────────────────
    [92m✔[0m [92m[PASS][0m  Loc 1 · Card list badge % readable  [2m-29.1%[0m
    [92m✔[0m [92m[PASS][0m  Card clickable / detail panel opens
    [92m✔[0m [92m[PASS][0m  Loc 2 · IMPROVED/DECLINED chip % readable  [2m-29.1%[0m
    [92m✔[0m [92m[PASS][0m  Loc 3 · Change in chapter average badge  [2m-29.1%[0m
    [92m✔[0m [92m[PASS][0m  Loc 4 · Why-text % (change or accuracy)  [2mchange%=-29.1%[0m
    [91m✘[0m [91m[FAIL][0m  Header accuracy badge readable  [2mNOT FOUND[0m
    [92m✔[0m [92m[PASS][0m  ✦ 4-Way Consistency Loc1==Loc2==Loc3==Loc4  [2mL1=-29.1%  L2=-29.1%  L3=-29.1%  L4=-29.1%[0m
    [92m✔[0m [92m[PASS][0m  'Why this chapter' heading present  [2mWhy this chapter declined[0m
    [92m✔[0m [92m[PASS][0m  Explanation body text present  [2mThis chapter dropped 29.1% and needs immediate attention. 'T…[0m
    [92m✔[0m [92m[PASS][0m  Midterm panel visible
    [92m✔[0m [92m[PASS][0m  Preboard 1 panel visible
    [92m✔[0m [92m[PASS][0m  ACCURACY label present
    [92m✔[0m [92m[PASS][0m  Weakest Concepts section
    [92m✔[0m [92m[PASS][0m  Strongest Concepts section
    [92m✔[0m [92m[PASS][0m  Struggling students label
    [92m✔[0m [92m[PASS][0m  Weak Concepts label
    [92m✔[0m [92m[PASS][0m  IMPROVED/DECLINED chip
    [92m✔[0m [92m[PASS][0m  Change in chapter average
        Midterm: acc=None  str=None (raw='None' el='None')  wk=None (raw='None' el='None')
        Midterm: weakest=[]
        Midterm: strongest=[]
    [92m✔[0m [92m[PASS][0m  [Midterm] Accuracy % readable  [2m69.1%[0m
    [92m✔[0m [92m[PASS][0m  [Midterm] Struggling students count  [2m3 students[0m
    [92m✔[0m [92m[PASS][0m  [Midterm] Weak Concepts count  [2m0 concepts[0m
    [92m✔[0m [92m[PASS][0m  [Midterm] Weakest Concepts list ≥ 1 item  [2m5 items: ['1\nInverse Matrices\n2\nBasics & Types of Matrices', '1\nInverse Matrices', 'Inverse Matrices'][0m
    [92m✔[0m [92m[PASS][0m  [Midterm] Strongest Concepts list ≥ 1 item  [2m8 items[0m
      [2mMidterm:[0m  Accuracy=[92m[1m69.1%[0m  Struggling=[93m[1m3[0m  WeakConcepts=[96m0[0m
        Weakest : ['1\nInverse Matrices\n2\nBasics & Types of Matrices', '1\nInverse Matrices', 'Inverse Matrices', '2\nBasics & Types of Matrices', 'Basics & Types of Matrices']
        Strongest: ['Transpose, Symmetric & Skew-symmetric\n78%\nMatrix Operations\n68%', 'Transpose, Symmetric & Skew-symmetric\n78%', 'Transpose, Symmetric & Skew-symmetric 78%', 'Matrix Operations\n68%', 'Matrix Operations 47%', 'Preboard 1\nOct 11, 2025', 'Preboard 1', 'Oct 11, 2025']
        Preboard 1: acc=None  str=None (raw='None' el='None')  wk=None (raw='None' el='None')
        Preboard 1: weakest=[]
        Preboard 1: strongest=[]
    [92m✔[0m [92m[PASS][0m  [Preboard 1] Accuracy % readable  [2m40%[0m
    [92m✔[0m [92m[PASS][0m  [Preboard 1] Struggling students count  [2m5 students[0m
    [92m✔[0m [92m[PASS][0m  [Preboard 1] Weak Concepts count  [2m1 concepts[0m
    [92m✔[0m [92m[PASS][0m  [Preboard 1] Weakest Concepts list ≥ 1 item  [2m2 items: ['1\nTranspose, Symmetric & Skew-symmetric', 'Transpose, Symmetric & Skew-symmetric'][0m
    [92m✔[0m [92m[PASS][0m  [Preboard 1] Strongest Concepts list ≥ 1 item  [2m8 items[0m
      [2mPreboard 1:[0m  Accuracy=[92m[1m40%[0m  Struggling=[93m[1m5[0m  WeakConcepts=[96m1[0m
        Weakest : ['1\nTranspose, Symmetric & Skew-symmetric', 'Transpose, Symmetric & Skew-symmetric']
        Strongest: ['Matrix Operations\n47%', 'Matrix Operations 47%', '↘ 29.1%\nDECLINED', '↘ 29.1% [DECLINED]', 'Premium Feature', 'Remediation Plan for this chapter', "Make sure you don't have to worry about this chapter again!", 'Create Lesson Plans\nAccess Teaching Materials']
    [92m✔[0m [92m[PASS][0m  Concept pill badges present  [2m['DECLINED'][0m

      [96m┌─ HEADER ACCURACY BADGE ──────────────────────────────────────┐[0m
      [96m│[0m Preboard 1 accuracy : [91m[1mNOT FOUND[0m
      [96m└────────────────────────────────────────────────────────────┘[0m

      [93m┌─ WHY SECTION ─────────────────────────────────────────────┐[0m
      [93m│[0m Heading : Why this chapter declined
      [93m│[0m Text    : This chapter dropped 29.1% and needs immediate attention. 'Transpose, …
      [93m│[0m Change %: [91m[1m-29.1%[0m
      [93m└───────────────────────────────────────────────────────┘[0m

  [1m[91m▼  [97mInverse Trigonometric Functions[0m  [91m-29.8%[0m
  ─────────────────────────────────────────────────────────────────
    [92m✔[0m [92m[PASS][0m  Loc 1 · Card list badge % readable  [2m-29.8%[0m
    [92m✔[0m [92m[PASS][0m  Card clickable / detail panel opens
    [92m✔[0m [92m[PASS][0m  Loc 2 · IMPROVED/DECLINED chip % readable  [2m-29.8%[0m
    [92m✔[0m [92m[PASS][0m  Loc 3 · Change in chapter average badge  [2m-29.8%[0m
    [92m✔[0m [92m[PASS][0m  Loc 4 · Why-text % (change or accuracy)  [2mchange%=-29.8%[0m
    [91m✘[0m [91m[FAIL][0m  Header accuracy badge readable  [2mNOT FOUND[0m
    [92m✔[0m [92m[PASS][0m  ✦ 4-Way Consistency Loc1==Loc2==Loc3==Loc4  [2mL1=-29.8%  L2=-29.8%  L3=-29.8%  L4=-29.8%[0m
    [92m✔[0m [92m[PASS][0m  'Why this chapter' heading present  [2mWhy this chapter declined[0m
    [92m✔[0m [92m[PASS][0m  Explanation body text present  [2mThis chapter dropped 29.8% and needs immediate attention. 'A…[0m
    [92m✔[0m [92m[PASS][0m  Midterm panel visible
    [92m✔[0m [92m[PASS][0m  Preboard 1 panel visible
    [92m✔[0m [92m[PASS][0m  ACCURACY label present
    [92m✔[0m [92m[PASS][0m  Weakest Concepts section
    [92m✔[0m [92m[PASS][0m  Strongest Concepts section
    [92m✔[0m [92m[PASS][0m  Struggling students label
    [92m✔[0m [92m[PASS][0m  Weak Concepts label
    [92m✔[0m [92m[PASS][0m  IMPROVED/DECLINED chip
    [92m✔[0m [92m[PASS][0m  Change in chapter average
        Midterm: acc=None  str=None (raw='None' el='None')  wk=None (raw='None' el='None')
        Midterm: weakest=[]
        Midterm: strongest=[]
    [92m✔[0m [92m[PASS][0m  [Midterm] Accuracy % readable  [2m64.2%[0m
    [92m✔[0m [92m[PASS][0m  [Midterm] Struggling students count  [2m4 students[0m
    [92m✔[0m [92m[PASS][0m  [Midterm] Weak Concepts count  [2m0 concepts[0m
    [92m✔[0m [92m[PASS][0m  [Midterm] Weakest Concepts list ≥ 1 item  [2m2 items: ['1\nAlgebra of Inverse Trig Functions', 'Algebra of Inverse Trig Functions'][0m
    [92m✔[0m [92m[PASS][0m  [Midterm] Strongest Concepts list ≥ 1 item  [2m8 items[0m
      [2mMidterm:[0m  Accuracy=[92m[1m64.2%[0m  Struggling=[93m[1m4[0m  WeakConcepts=[96m0[0m
        Weakest : ['1\nAlgebra of Inverse Trig Functions', 'Algebra of Inverse Trig Functions']
        Strongest: ['Principal Values (Domain and Range)\n67%', 'Principal Values (Domain and Range) 60%', 'Preboard 1\nOct 11, 2025', 'Preboard 1', 'Oct 11, 2025', '34.4%\nACCURACY 34.4%', 'ACCURACY', 'Struggling students\n11\nWeak Concepts\n1']
        Preboard 1: acc=None  str=None (raw='None' el='None')  wk=None (raw='None' el='None')
        Preboard 1: weakest=[]
        Preboard 1: strongest=[]
    [92m✔[0m [92m[PASS][0m  [Preboard 1] Accuracy % readable  [2m34.4%[0m
    [92m✔[0m [92m[PASS][0m  [Preboard 1] Struggling students count  [2m11 students[0m
    [92m✔[0m [92m[PASS][0m  [Preboard 1] Weak Concepts count  [2m1 concepts[0m
    [92m✔[0m [92m[PASS][0m  [Preboard 1] Weakest Concepts list ≥ 1 item  [2m2 items: ['1\nAlgebra of Inverse Trig Functions', 'Algebra of Inverse Trig Functions'][0m
    [92m✔[0m [92m[PASS][0m  [Preboard 1] Strongest Concepts list ≥ 1 item  [2m8 items[0m
      [2mPreboard 1:[0m  Accuracy=[92m[1m34.4%[0m  Struggling=[93m[1m11[0m  WeakConcepts=[96m1[0m
        Weakest : ['1\nAlgebra of Inverse Trig Functions', 'Algebra of Inverse Trig Functions']
        Strongest: ['Principal Values (Domain and Range)\n60%', 'Principal Values (Domain and Range) 60%', '↘ 29.8%\nDECLINED', '↘ 29.8% [DECLINED]', 'Premium Feature', 'Remediation Plan for this chapter', "Make sure you don't have to worry about this chapter again!", 'Create Lesson Plans\nAccess Teaching Materials']
    [92m✔[0m [92m[PASS][0m  Concept pill badges present  [2m['DECLINED'][0m

      [96m┌─ HEADER ACCURACY BADGE ──────────────────────────────────────┐[0m
      [96m│[0m Preboard 1 accuracy : [91m[1mNOT FOUND[0m
      [96m└────────────────────────────────────────────────────────────┘[0m

      [93m┌─ WHY SECTION ─────────────────────────────────────────────┐[0m
      [93m│[0m Heading : Why this chapter declined
      [93m│[0m Text    : This chapter dropped 29.8% and needs immediate attention. 'Algebra of …
      [93m│[0m Change %: [91m[1m-29.8%[0m
      [93m└───────────────────────────────────────────────────────┘[0m

[1m[96m════════════════════════════════════════════════════════════════════════
  PHASE 6  ▶  [97mSEARCH BOX FUNCTIONALITY
════════════════════════════════════════════════════════════════════════[0m
    [92m✔[0m [92m[PASS][0m  Search input element present  [2mSearch chapter...[0m
    [92m✔[0m [92m[PASS][0m  Search 'Application' → target visible
    [92m✔[0m [92m[PASS][0m  Search filters non-matching
    [91m✘[0m [91m[FAIL][0m  Search cleared → all restored  [2mmissing 2[0m
    [92m✔[0m [92m[PASS][0m  No-match query → cards hidden

[1m[96m════════════════════════════════════════════════════════════════════════
  PHASE 7  ▶  [97mSTATIC UI LABELS
════════════════════════════════════════════════════════════════════════[0m
    [92m✔[0m [92m[PASS][0m  Sort label 'Chapter Avg'
    [92m✔[0m [92m[PASS][0m  Nav tab 'Overview'
    [92m✔[0m [92m[PASS][0m  Nav tab 'Chapters'
    [92m✔[0m [92m[PASS][0m  Nav tab 'Questions'
    [92m✔[0m [92m[PASS][0m  Nav tab 'Students'
    [92m✔[0m [92m[PASS][0m  'Midterm' header
    [92m✔[0m [92m[PASS][0m  'Preboard 1' header
    [92m✔[0m [92m[PASS][0m  'ACCURACY' label
    [92m✔[0m [92m[PASS][0m  'Struggling students' label
    [92m✔[0m [92m[PASS][0m  'Weak Concepts' label
    [92m✔[0m [92m[PASS][0m  'Weakest Concepts' section
    [92m✔[0m [92m[PASS][0m  'Strongest Concepts' section
    [92m✔[0m [92m[PASS][0m  'Why this chapter' heading
    [92m✔[0m [92m[PASS][0m  IMPROVED/DECLINED chip
    [92m✔[0m [92m[PASS][0m  'Change in chapter average' label
    [92m✔[0m [92m[PASS][0m  Concept pill badges
    [92m✔[0m [92m[PASS][0m  Header accuracy badge

[1m[96m════════════════════════════════════════════════════════════════════════
  PHASE 8  ▶  [97mEXCEL VALIDATION
════════════════════════════════════════════════════════════════════════[0m
    [92m✔[0m [92m[PASS][0m  Excel match 'Application of Derivatives'  [2mApplication of Derivatives[0m
    [92m✔[0m [92m[PASS][0m  Excel match 'Integrals'  [2mIntegrals[0m
    [92m✔[0m [92m[PASS][0m  Excel match 'Continuity & Differentiability'  [2mContinuity & Differentiability[0m
    [92m✔[0m [92m[PASS][0m  Excel match 'Linear Programming'  [2mLinear Programming[0m
    [92m✔[0m [92m[PASS][0m  Excel match 'Determinants'  [2mDeterminants[0m
    [92m✔[0m [92m[PASS][0m  Excel match 'Relations & Functions'  [2mRelations & Functions[0m
    [92m✔[0m [92m[PASS][0m  Excel match 'Application of Integrals'  [2mApplication of Integrals[0m
    [92m✔[0m [92m[PASS][0m  Excel match 'Matrices'  [2mMatrices[0m
    [92m✔[0m [92m[PASS][0m  Excel match 'Inverse Trigonometric Functions'  [2mInverse Trigonometric Functions[0m

  [1mSection [93mM[0m[1m: [92m289✔[0m/[91m12✘[0m (96%)

  [1m[96m┌─ HEADER ACCURACY — Section M ──────────────────────────────┐[0m
    [91m✘[0m   1. Application of Derivatives                         [96m[1mNOT FOUND[0m
    [91m✘[0m   2. Integrals                                          [96m[1mNOT FOUND[0m
    [91m✘[0m   3. Continuity & Differentiability                     [96m[1mNOT FOUND[0m
    [91m✘[0m   4. Linear Programming                                 [96m[1mNOT FOUND[0m
    [91m✘[0m   5. Determinants                                       [96m[1mNOT FOUND[0m
    [91m✘[0m   6. Relations & Functions                              [96m[1mNOT FOUND[0m
    [91m✘[0m   7. Application of Integrals                           [96m[1mNOT FOUND[0m
    [91m✘[0m   8. Matrices                                           [96m[1mNOT FOUND[0m
    [91m✘[0m   9. Inverse Trigonometric Functions                    [96m[1mNOT FOUND[0m
  [96m└────────────────────────────────────────────────────────────┘[0m

[1m[97m▓▓▓▓▓▓▓▓▓▓▓▓▓▓▓▓▓▓▓▓▓▓▓▓▓▓▓▓▓▓▓▓▓▓▓▓▓▓▓▓▓▓▓▓▓▓▓▓▓▓▓▓▓▓▓▓▓▓▓▓▓▓▓▓▓▓▓▓▓▓▓▓
  SECTION  [93mN[0m[1m[97m
▓▓▓▓▓▓▓▓▓▓▓▓▓▓▓▓▓▓▓▓▓▓▓▓▓▓▓▓▓▓▓▓▓▓▓▓▓▓▓▓▓▓▓▓▓▓▓▓▓▓▓▓▓▓▓▓▓▓▓▓▓▓▓▓▓▓▓▓▓▓▓▓[0m


[1m[96m════════════════════════════════════════════════════════════════════════
  PHASE S  ▶  [97mSWITCH → N
════════════════════════════════════════════════════════════════════════[0m
  [92m✔ Section selected: N[0m
    [92m✔[0m [92m[PASS][0m  Section 'N' selected

[1m[96m════════════════════════════════════════════════════════════════════════
  PHASE 3  ▶  [97mNAVIGATION VERIFY
════════════════════════════════════════════════════════════════════════[0m
    [92m✔[0m [92m[PASS][0m  Chapters URL  [2mard+1&screen=chapters&chapterName=Application+of+Derivatives[0m
    [92m✔[0m [92m[PASS][0m  Tab 'Overview'
    [92m✔[0m [92m[PASS][0m  Tab 'Chapters'
    [92m✔[0m [92m[PASS][0m  Tab 'Questions'
    [92m✔[0m [92m[PASS][0m  Tab 'Students'

[1m[96m════════════════════════════════════════════════════════════════════════
  PHASE 4  ▶  [97mCHAPTER CARD DISCOVERY
════════════════════════════════════════════════════════════════════════[0m
    [92m✔[0m [92m[PASS][0m  Cards discovered  [2m9 found[0m
    [91m✘[0m [91m[FAIL][0m  Sorted High→Low  [2m[5.1, 5.0, 2.3, 0.6, 1.2]…[0m
    [92m✔[0m [92m[PASS][0m  Sort label present

  [1mChapters [N]:[0m
    [2m 1.[0m Continuity & Differentiability                       [92m▲ +5.1%   [92m✔[0m  [2m[Calculus  35m][0m
    [2m 2.[0m Relations & Functions                                [92m▲ +5%   [92m✔[0m  [2m[Relations and Functions  8m][0m
    [2m 3.[0m Matrices                                             [92m▲ +2.3%   [92m✔[0m  [2m[Algebra  10m][0m
    [2m 4.[0m Determinants                                         [91m▼ -0.6%   [92m✔[0m  [2m[Algebra  10m][0m
    [2m 5.[0m Application of Integrals                             [91m▼ -1.2%   [92m✔[0m  [2m[Calculus  35m][0m
    [2m 6.[0m Linear Programming                                   [91m▼ -2.9%   [92m✔[0m  [2m[Linear Programming Problem  5m][0m
    [2m 7.[0m Integrals                                            [91m▼ -6.1%   [92m✔[0m  [2m[Calculus  35m][0m
    [2m 8.[0m Application of Derivatives                           [91m▼ -7.6%   [92m✔[0m  [2m[Calculus  35m][0m
    [2m 9.[0m Inverse Trigonometric Functions                      [91m▼ -11.9%   [92m✔[0m  [2m[Relations and Functions  8m][0m

[1m[96m════════════════════════════════════════════════════════════════════════
  PHASE 5  ▶  [97mPER-CHAPTER DETAIL — LOC1/LOC2/LOC3/LOC4 + HEADER ACCURACY
════════════════════════════════════════════════════════════════════════[0m

  [1m[92m▲  [97mContinuity & Differentiability[0m  [92m+5.1%[0m
  ─────────────────────────────────────────────────────────────────
    [92m✔[0m [92m[PASS][0m  Loc 1 · Card list badge % readable  [2m+5.1%[0m
    [92m✔[0m [92m[PASS][0m  Card clickable / detail panel opens
    [92m✔[0m [92m[PASS][0m  Loc 2 · IMPROVED/DECLINED chip % readable  [2m+5.1%[0m
    [92m✔[0m [92m[PASS][0m  Loc 3 · Change in chapter average badge  [2m+5.1%[0m
    [92m✔[0m [92m[PASS][0m  Loc 4 · Why-text % (change or accuracy)  [2mchange%=+5.1%[0m
    [91m✘[0m [91m[FAIL][0m  Header accuracy badge readable  [2mNOT FOUND[0m
    [92m✔[0m [92m[PASS][0m  ✦ 4-Way Consistency Loc1==Loc2==Loc3==Loc4  [2mL1=+5.1%  L2=+5.1%  L3=+5.1%  L4=+5.1%[0m
    [92m✔[0m [92m[PASS][0m  'Why this chapter' heading present  [2mWhy this chapter improved[0m
    [92m✔[0m [92m[PASS][0m  Explanation body text present  [2mSlight improvement of 5.1% as students are making progress. …[0m
    [92m✔[0m [92m[PASS][0m  Midterm panel visible
    [92m✔[0m [92m[PASS][0m  Preboard 1 panel visible
    [92m✔[0m [92m[PASS][0m  ACCURACY label present
    [92m✔[0m [92m[PASS][0m  Weakest Concepts section
    [92m✔[0m [92m[PASS][0m  Strongest Concepts section
    [92m✔[0m [92m[PASS][0m  Struggling students label
    [92m✔[0m [92m[PASS][0m  Weak Concepts label
    [92m✔[0m [92m[PASS][0m  IMPROVED/DECLINED chip
    [92m✔[0m [92m[PASS][0m  Change in chapter average
        Midterm: acc=None  str=None (raw='None' el='None')  wk=None (raw='None' el='None')
        Midterm: weakest=[]
        Midterm: strongest=[]
    [92m✔[0m [92m[PASS][0m  [Midterm] Accuracy % readable  [2m48.9%[0m
    [92m✔[0m [92m[PASS][0m  [Midterm] Struggling students count  [2m20 students[0m
    [92m✔[0m [92m[PASS][0m  [Midterm] Weak Concepts count  [2m2 concepts[0m
    [92m✔[0m [92m[PASS][0m  [Midterm] Weakest Concepts list ≥ 1 item  [2m6 items: ['1\nSecond Order Derivative', 'Second Order Derivative', '2\nContinuity'][0m
    [92m✔[0m [92m[PASS][0m  [Midterm] Strongest Concepts list ≥ 1 item  [2m8 items[0m
      [2mMidterm:[0m  Accuracy=[92m[1m48.9%[0m  Struggling=[93m[1m20[0m  WeakConcepts=[96m2[0m
        Weakest : ['1\nSecond Order Derivative', 'Second Order Derivative', '2\nContinuity', 'Continuity', '3\nParametric & Implicit Differentiation', 'Parametric & Implicit Differentiation']
        Strongest: ['Rules of Differentiations\n68%', 'Rules of Differentiations 68%', 'Exponential & Logarithmic Functions/Logarithmic Properties\n64%', 'Exponential & Logarithmic Functions/Logarithmic Properties 64%', 'Preboard 1\nOct 11, 2025', 'Preboard 1', 'Oct 11, 2025', '54%\nACCURACY 54%']
        Preboard 1: acc=None  str=None (raw='None' el='None')  wk=None (raw='None' el='None')
        Preboard 1: weakest=[]
        Preboard 1: strongest=[]
    [92m✔[0m [92m[PASS][0m  [Preboard 1] Accuracy % readable  [2m54%[0m
    [92m✔[0m [92m[PASS][0m  [Preboard 1] Struggling students count  [2m14 students[0m
    [92m✔[0m [92m[PASS][0m  [Preboard 1] Weak Concepts count  [2m1 concepts[0m
    [92m✔[0m [92m[PASS][0m  [Preboard 1] Weakest Concepts list ≥ 1 item  [2m6 items: ['1\nDerivatives of Inverse Trig Functions\nNew', '1\nDerivatives of Inverse Trig Functions', 'Derivatives of Inverse Trig Functions'][0m
    [92m✔[0m [92m[PASS][0m  [Preboard 1] Strongest Concepts list ≥ 1 item  [2m8 items[0m
      [2mPreboard 1:[0m  Accuracy=[92m[1m54%[0m  Struggling=[93m[1m14[0m  WeakConcepts=[96m1[0m
        Weakest : ['1\nDerivatives of Inverse Trig Functions\nNew', '1\nDerivatives of Inverse Trig Functions', 'Derivatives of Inverse Trig Functions', '2\nExponential & Logarithmic Functions/Logarithmic Properties', 'Exponential & Logarithmic Functions/Logarithmic Properties', '3\nContinuity\nImproved']
        Strongest: ['Parametric & Implicit Differentiation\n68%\nImproved', 'Parametric & Implicit Differentiation', '68%\nImproved 68% [Improved]', 'Second Order Derivative\n65%\nImproved', 'Second Order Derivative', '65%\nImproved 65% [Improved]', '↗ 5.1%\nIMPROVED', '↗ 5.1% [IMPROVED]']
    [92m✔[0m [92m[PASS][0m  Concept pill badges present  [2m['Improved', 'New', 'IMPROVED'][0m

      [96m┌─ HEADER ACCURACY BADGE ──────────────────────────────────────┐[0m
      [96m│[0m Preboard 1 accuracy : [91m[1mNOT FOUND[0m
      [96m└────────────────────────────────────────────────────────────┘[0m

      [93m┌─ WHY SECTION ─────────────────────────────────────────────┐[0m
      [93m│[0m Heading : Why this chapter improved
      [93m│[0m Text    : Slight improvement of 5.1% as students are making progress. Students h…
      [93m│[0m Change %: [92m[1m+5.1%[0m
      [93m└───────────────────────────────────────────────────────┘[0m

  [1m[92m▲  [97mRelations & Functions[0m  [92m+5%[0m
  ─────────────────────────────────────────────────────────────────
    [92m✔[0m [92m[PASS][0m  Loc 1 · Card list badge % readable  [2m+5%[0m
    [92m✔[0m [92m[PASS][0m  Card clickable / detail panel opens
    [92m✔[0m [92m[PASS][0m  Loc 2 · IMPROVED/DECLINED chip % readable  [2m+5.0%[0m
    [92m✔[0m [92m[PASS][0m  Loc 3 · Change in chapter average badge  [2m+5.0%[0m
    [92m✔[0m [92m[PASS][0m  Loc 4 · Why-text % (change or accuracy)  [2mchange%=+5.0%[0m
    [91m✘[0m [91m[FAIL][0m  Header accuracy badge readable  [2mNOT FOUND[0m
    [92m✔[0m [92m[PASS][0m  ✦ 4-Way Consistency Loc1==Loc2==Loc3==Loc4  [2mL1=+5%  L2=+5.0%  L3=+5.0%  L4=+5.0%[0m
    [92m✔[0m [92m[PASS][0m  'Why this chapter' heading present  [2mWhy this chapter improved[0m
    [92m✔[0m [92m[PASS][0m  Explanation body text present  [2mSlight improvement of 5.0% as students are making progress. …[0m
    [92m✔[0m [92m[PASS][0m  Midterm panel visible
    [92m✔[0m [92m[PASS][0m  Preboard 1 panel visible
    [92m✔[0m [92m[PASS][0m  ACCURACY label present
    [92m✔[0m [92m[PASS][0m  Weakest Concepts section
    [92m✔[0m [92m[PASS][0m  Strongest Concepts section
    [92m✔[0m [92m[PASS][0m  Struggling students label
    [92m✔[0m [92m[PASS][0m  Weak Concepts label
    [92m✔[0m [92m[PASS][0m  IMPROVED/DECLINED chip
    [92m✔[0m [92m[PASS][0m  Change in chapter average
        Midterm: acc=None  str=None (raw='None' el='None')  wk=None (raw='None' el='None')
        Midterm: weakest=[]
        Midterm: strongest=[]
    [92m✔[0m [92m[PASS][0m  [Midterm] Accuracy % readable  [2m42.3%[0m
    [92m✔[0m [92m[PASS][0m  [Midterm] Struggling students count  [2m19 students[0m
    [92m✔[0m [92m[PASS][0m  [Midterm] Weak Concepts count  [2m0 concepts[0m
    [92m✔[0m [92m[PASS][0m  [Midterm] Weakest Concepts list ≥ 1 item  [2m2 items: ['1\nTypes of Relations', 'Types of Relations'][0m
    [92m✔[0m [92m[PASS][0m  [Midterm] Strongest Concepts list ≥ 1 item  [2m8 items[0m
      [2mMidterm:[0m  Accuracy=[92m[1m42.3%[0m  Struggling=[93m[1m19[0m  WeakConcepts=[96m0[0m
        Weakest : ['1\nTypes of Relations', 'Types of Relations']
        Strongest: ['Types of Functions\n46%', 'Types of Functions 46%', 'Preboard 1\nOct 11, 2025', 'Preboard 1', 'Oct 11, 2025', '47.3%\nACCURACY 47.3%', 'ACCURACY', 'Struggling students\n17\nWeak Concepts\n1']
        Preboard 1: acc=None  str=None (raw='None' el='None')  wk=None (raw='None' el='None')
        Preboard 1: weakest=[]
        Preboard 1: strongest=[]
    [92m✔[0m [92m[PASS][0m  [Preboard 1] Accuracy % readable  [2m47.3%[0m
    [92m✔[0m [92m[PASS][0m  [Preboard 1] Struggling students count  [2m17 students[0m
    [92m✔[0m [92m[PASS][0m  [Preboard 1] Weak Concepts count  [2m1 concepts[0m
    [92m✔[0m [92m[PASS][0m  [Preboard 1] Weakest Concepts list ≥ 1 item  [2m2 items: ['1\nTypes of Functions', 'Types of Functions'][0m
    [92m✔[0m [92m[PASS][0m  [Preboard 1] Strongest Concepts list ≥ 1 item  [2m8 items[0m
      [2mPreboard 1:[0m  Accuracy=[92m[1m47.3%[0m  Struggling=[93m[1m17[0m  WeakConcepts=[96m1[0m
        Weakest : ['1\nTypes of Functions', 'Types of Functions']
        Strongest: ['Types of Relations\n82%\nImproved', 'Types of Relations', '82%\nImproved 82% [Improved]', '↗ 5.0%\nIMPROVED', '↗ 5.0% [IMPROVED]', 'Premium Feature', 'Remediation Plan for this chapter', "Make sure you don't have to worry about this chapter again!"]
    [92m✔[0m [92m[PASS][0m  Concept pill badges present  [2m['Improved', 'IMPROVED'][0m

      [96m┌─ HEADER ACCURACY BADGE ──────────────────────────────────────┐[0m
      [96m│[0m Preboard 1 accuracy : [91m[1mNOT FOUND[0m
      [96m└────────────────────────────────────────────────────────────┘[0m

      [93m┌─ WHY SECTION ─────────────────────────────────────────────┐[0m
      [93m│[0m Heading : Why this chapter improved
      [93m│[0m Text    : Slight improvement of 5.0% as students are making progress. Students h…
      [93m│[0m Change %: [92m[1m+5.0%[0m
      [93m└───────────────────────────────────────────────────────┘[0m

  [1m[92m▲  [97mMatrices[0m  [92m+2.3%[0m
  ─────────────────────────────────────────────────────────────────
    [92m✔[0m [92m[PASS][0m  Loc 1 · Card list badge % readable  [2m+2.3%[0m
    [92m✔[0m [92m[PASS][0m  Card clickable / detail panel opens
    [92m✔[0m [92m[PASS][0m  Loc 2 · IMPROVED/DECLINED chip % readable  [2m+2.3%[0m
    [92m✔[0m [92m[PASS][0m  Loc 3 · Change in chapter average badge  [2m+2.3%[0m
    [92m✔[0m [92m[PASS][0m  Loc 4 · Why-text % (change or accuracy)  [2mchange%=+2.3%[0m
    [91m✘[0m [91m[FAIL][0m  Header accuracy badge readable  [2mNOT FOUND[0m
    [92m✔[0m [92m[PASS][0m  ✦ 4-Way Consistency Loc1==Loc2==Loc3==Loc4  [2mL1=+2.3%  L2=+2.3%  L3=+2.3%  L4=+2.3%[0m
    [92m✔[0m [92m[PASS][0m  'Why this chapter' heading present  [2mWhy this chapter improved[0m
    [92m✔[0m [92m[PASS][0m  Explanation body text present  [2mSlight improvement of 2.3% as students are making progress. …[0m
    [92m✔[0m [92m[PASS][0m  Midterm panel visible
    [92m✔[0m [92m[PASS][0m  Preboard 1 panel visible
    [92m✔[0m [92m[PASS][0m  ACCURACY label present
    [92m✔[0m [92m[PASS][0m  Weakest Concepts section
    [92m✔[0m [92m[PASS][0m  Strongest Concepts section
    [92m✔[0m [92m[PASS][0m  Struggling students label
    [92m✔[0m [92m[PASS][0m  Weak Concepts label
    [92m✔[0m [92m[PASS][0m  IMPROVED/DECLINED chip
    [92m✔[0m [92m[PASS][0m  Change in chapter average
        Midterm: acc=None  str=None (raw='None' el='None')  wk=None (raw='None' el='None')
        Midterm: weakest=[]
        Midterm: strongest=[]
    [92m✔[0m [92m[PASS][0m  [Midterm] Accuracy % readable  [2m64.4%[0m
    [92m✔[0m [92m[PASS][0m  [Midterm] Struggling students count  [2m12 students[0m
    [92m✔[0m [92m[PASS][0m  [Midterm] Weak Concepts count  [2m0 concepts[0m
    [92m✔[0m [92m[PASS][0m  [Midterm] Weakest Concepts list ≥ 1 item  [2m5 items: ['1\nInverse Matrices\n2\nMatrix Operations', '1\nInverse Matrices', 'Inverse Matrices'][0m
    [92m✔[0m [92m[PASS][0m  [Midterm] Strongest Concepts list ≥ 1 item  [2m8 items[0m
      [2mMidterm:[0m  Accuracy=[92m[1m64.4%[0m  Struggling=[93m[1m12[0m  WeakConcepts=[96m0[0m
        Weakest : ['1\nInverse Matrices\n2\nMatrix Operations', '1\nInverse Matrices', 'Inverse Matrices', '2\nMatrix Operations', 'Matrix Operations']
        Strongest: ['Basics & Types of Matrices\n87%', 'Basics & Types of Matrices 87%', 'Transpose, Symmetric & Skew-symmetric\n71%', 'Transpose, Symmetric & Skew-symmetric 71%', 'Preboard 1\nOct 11, 2025', 'Preboard 1', 'Oct 11, 2025', '66.7%\nACCURACY 66.7%']
        Preboard 1: acc=None  str=None (raw='None' el='None')  wk=None (raw='None' el='None')
        Preboard 1: weakest=[]
        Preboard 1: strongest=[]
    [92m✔[0m [92m[PASS][0m  [Preboard 1] Accuracy % readable  [2m66.7%[0m
    [92m✔[0m [92m[PASS][0m  [Preboard 1] Struggling students count  [2m4 students[0m
    [92m✔[0m [92m[PASS][0m  [Preboard 1] Weak Concepts count  [2m0 concepts[0m
    [92m✔[0m [92m[PASS][0m  [Preboard 1] Weakest Concepts list ≥ 1 item  [2m2 items: ['1\nTranspose, Symmetric & Skew-symmetric', 'Transpose, Symmetric & Skew-symmetric'][0m
    [92m✔[0m [92m[PASS][0m  [Preboard 1] Strongest Concepts list ≥ 1 item  [2m8 items[0m
      [2mPreboard 1:[0m  Accuracy=[92m[1m66.7%[0m  Struggling=[93m[1m4[0m  WeakConcepts=[96m0[0m
        Weakest : ['1\nTranspose, Symmetric & Skew-symmetric', 'Transpose, Symmetric & Skew-symmetric']
        Strongest: ['Matrix Operations\n76%\nImproved', 'Matrix Operations', '76%\nImproved 76% [Improved]', '↗ 2.3%\nIMPROVED', '↗ 2.3% [IMPROVED]', 'Premium Feature', 'Remediation Plan for this chapter', "Make sure you don't have to worry about this chapter again!"]
    [92m✔[0m [92m[PASS][0m  Concept pill badges present  [2m['Improved', 'IMPROVED'][0m

      [96m┌─ HEADER ACCURACY BADGE ──────────────────────────────────────┐[0m
      [96m│[0m Preboard 1 accuracy : [91m[1mNOT FOUND[0m
      [96m└────────────────────────────────────────────────────────────┘[0m

      [93m┌─ WHY SECTION ─────────────────────────────────────────────┐[0m
      [93m│[0m Heading : Why this chapter improved
      [93m│[0m Text    : Slight improvement of 2.3% as students are making progress. Students h…
      [93m│[0m Change %: [92m[1m+2.3%[0m
      [93m└───────────────────────────────────────────────────────┘[0m

  [1m[91m▼  [97mDeterminants[0m  [91m-0.6%[0m
  ─────────────────────────────────────────────────────────────────
    [92m✔[0m [92m[PASS][0m  Loc 1 · Card list badge % readable  [2m-0.6%[0m
    [92m✔[0m [92m[PASS][0m  Card clickable / detail panel opens
    [92m✔[0m [92m[PASS][0m  Loc 2 · IMPROVED/DECLINED chip % readable  [2m-0.6%[0m
    [92m✔[0m [92m[PASS][0m  Loc 3 · Change in chapter average badge  [2m-0.6%[0m
    [92m✔[0m [92m[PASS][0m  Loc 4 · Why-text % (change or accuracy)  [2maccuracy%=65.3% (stable)[0m
    [91m✘[0m [91m[FAIL][0m  Header accuracy badge readable  [2mNOT FOUND[0m
    [91m✘[0m [91m[FAIL][0m  ✦ 4-Way Consistency Loc1==Loc2==Loc3==Loc4  [2mL1=-0.6%  L2=-0.6%  L3=-0.6%  L4=None[0m
    [92m✔[0m [92m[PASS][0m  'Why this chapter' heading present  [2mWhy this chapter declined[0m
    [92m✔[0m [92m[PASS][0m  Explanation body text present  [2mPerformance remained stable at around 65.3% accuracy.…[0m
    [92m✔[0m [92m[PASS][0m  Midterm panel visible
    [92m✔[0m [92m[PASS][0m  Preboard 1 panel visible
    [92m✔[0m [92m[PASS][0m  ACCURACY label present
    [92m✔[0m [92m[PASS][0m  Weakest Concepts section
    [92m✔[0m [92m[PASS][0m  Strongest Concepts section
    [92m✔[0m [92m[PASS][0m  Struggling students label
    [92m✔[0m [92m[PASS][0m  Weak Concepts label
    [92m✔[0m [92m[PASS][0m  IMPROVED/DECLINED chip
    [92m✔[0m [92m[PASS][0m  Change in chapter average
        Midterm: acc=None  str=None (raw='None' el='None')  wk=None (raw='None' el='None')
        Midterm: weakest=[]
        Midterm: strongest=[]
    [92m✔[0m [92m[PASS][0m  [Midterm] Accuracy % readable  [2m65.9%[0m
    [92m✔[0m [92m[PASS][0m  [Midterm] Struggling students count  [2m7 students[0m
    [92m✔[0m [92m[PASS][0m  [Midterm] Weak Concepts count  [2m0 concepts[0m
    [92m✔[0m [92m[PASS][0m  [Midterm] Weakest Concepts list ≥ 1 item  [2m5 items: ['1\nAdjoint & Inverse\n2\nDeterminant of a Matrix', '1\nAdjoint & Inverse', 'Adjoint & Inverse'][0m
    [92m✔[0m [92m[PASS][0m  [Midterm] Strongest Concepts list ≥ 1 item  [2m8 items[0m
      [2mMidterm:[0m  Accuracy=[92m[1m65.9%[0m  Struggling=[93m[1m7[0m  WeakConcepts=[96m0[0m
        Weakest : ['1\nAdjoint & Inverse\n2\nDeterminant of a Matrix', '1\nAdjoint & Inverse', 'Adjoint & Inverse', '2\nDeterminant of a Matrix', 'Determinant of a Matrix']
        Strongest: ['Preboard 1\nOct 11, 2025', 'Preboard 1', 'Oct 11, 2025', '65.3%\nACCURACY 65.3%', 'ACCURACY', 'Struggling students\n9\nWeak Concepts\n0', 'Struggling students\n9', 'Struggling students']
        Preboard 1: acc=None  str=None (raw='None' el='None')  wk=None (raw='None' el='None')
        Preboard 1: weakest=[]
        Preboard 1: strongest=[]
    [92m✔[0m [92m[PASS][0m  [Preboard 1] Accuracy % readable  [2m65.3%[0m
    [92m✔[0m [92m[PASS][0m  [Preboard 1] Struggling students count  [2m9 students[0m
    [92m✔[0m [92m[PASS][0m  [Preboard 1] Weak Concepts count  [2m0 concepts[0m
    [92m✔[0m [92m[PASS][0m  [Preboard 1] Weakest Concepts list ≥ 1 item  [2m4 items: ['1\nDeterminant of a Matrix\nImproved', '1\nDeterminant of a Matrix', 'Determinant of a Matrix'][0m
    [92m✔[0m [92m[PASS][0m  [Preboard 1] Strongest Concepts list ≥ 1 item  [2m8 items[0m
      [2mPreboard 1:[0m  Accuracy=[92m[1m65.3%[0m  Struggling=[93m[1m9[0m  WeakConcepts=[96m0[0m
        Weakest : ['1\nDeterminant of a Matrix\nImproved', '1\nDeterminant of a Matrix', 'Determinant of a Matrix', 'Improved']
        Strongest: ['Properties of Determinants\n76%\nNew\nAdjoint & Inverse\n64%\nImproved', 'Properties of Determinants\n76%\nNew', 'Properties of Determinants', '76%\nNew 76% [New]', 'Adjoint & Inverse\n64%\nImproved', 'Adjoint & Inverse', '64%\nImproved 64% [Improved]', '↘ 0.6%\nDECLINED']
    [92m✔[0m [92m[PASS][0m  Concept pill badges present  [2m['Improved', 'New', 'DECLINED'][0m

      [96m┌─ HEADER ACCURACY BADGE ──────────────────────────────────────┐[0m
      [96m│[0m Preboard 1 accuracy : [91m[1mNOT FOUND[0m
      [96m└────────────────────────────────────────────────────────────┘[0m

      [93m┌─ WHY SECTION ─────────────────────────────────────────────┐[0m
      [93m│[0m Heading : Why this chapter declined
      [93m│[0m Text    : Performance remained stable at around 65.3% accuracy.
      [93m│[0m Change %: [93m[1m— (only accuracy % in text)[0m
      [93m└───────────────────────────────────────────────────────┘[0m

  [1m[91m▼  [97mApplication of Integrals[0m  [91m-1.2%[0m
  ─────────────────────────────────────────────────────────────────
    [92m✔[0m [92m[PASS][0m  Loc 1 · Card list badge % readable  [2m-1.2%[0m
    [92m✔[0m [92m[PASS][0m  Card clickable / detail panel opens
    [92m✔[0m [92m[PASS][0m  Loc 2 · IMPROVED/DECLINED chip % readable  [2m-1.2%[0m
    [92m✔[0m [92m[PASS][0m  Loc 3 · Change in chapter average badge  [2m-1.2%[0m
    [92m✔[0m [92m[PASS][0m  Loc 4 · Why-text % (change or accuracy)  [2maccuracy%=47.7% (stable)[0m
    [91m✘[0m [91m[FAIL][0m  Header accuracy badge readable  [2mNOT FOUND[0m
    [91m✘[0m [91m[FAIL][0m  ✦ 4-Way Consistency Loc1==Loc2==Loc3==Loc4  [2mL1=-1.2%  L2=-1.2%  L3=-1.2%  L4=None[0m
    [92m✔[0m [92m[PASS][0m  'Why this chapter' heading present  [2mWhy this chapter declined[0m
    [92m✔[0m [92m[PASS][0m  Explanation body text present  [2mPerformance remained stable at around 47.7% accuracy. Howeve…[0m
    [92m✔[0m [92m[PASS][0m  Midterm panel visible
    [92m✔[0m [92m[PASS][0m  Preboard 1 panel visible
    [92m✔[0m [92m[PASS][0m  ACCURACY label present
    [92m✔[0m [92m[PASS][0m  Weakest Concepts section
    [92m✔[0m [92m[PASS][0m  Strongest Concepts section
    [92m✔[0m [92m[PASS][0m  Struggling students label
    [92m✔[0m [92m[PASS][0m  Weak Concepts label
    [92m✔[0m [92m[PASS][0m  IMPROVED/DECLINED chip
    [92m✔[0m [92m[PASS][0m  Change in chapter average
        Midterm: acc=None  str=None (raw='None' el='None')  wk=None (raw='None' el='None')
        Midterm: weakest=[]
        Midterm: strongest=[]
    [92m✔[0m [92m[PASS][0m  [Midterm] Accuracy % readable  [2m48.9%[0m
    [92m✔[0m [92m[PASS][0m  [Midterm] Struggling students count  [2m18 students[0m
    [92m✔[0m [92m[PASS][0m  [Midterm] Weak Concepts count  [2m0 concepts[0m
    [92m✔[0m [92m[PASS][0m  [Midterm] Weakest Concepts list ≥ 1 item  [2m2 items: ['1\nArea under Curves', 'Area under Curves'][0m
    [92m✔[0m [92m[PASS][0m  [Midterm] Strongest Concepts list ≥ 1 item  [2m8 items[0m
      [2mMidterm:[0m  Accuracy=[92m[1m48.9%[0m  Struggling=[93m[1m18[0m  WeakConcepts=[96m0[0m
        Weakest : ['1\nArea under Curves', 'Area under Curves']
        Strongest: ['No Strongest Concepts Available', 'Preboard 1\nOct 11, 2025', 'Preboard 1', 'Oct 11, 2025', '47.7%\nACCURACY 47.7%', 'ACCURACY', 'Struggling students\n20\nWeak Concepts\n0', 'Struggling students\n20']
        Preboard 1: acc=None  str=None (raw='None' el='None')  wk=None (raw='None' el='None')
        Preboard 1: weakest=[]
        Preboard 1: strongest=[]
    [92m✔[0m [92m[PASS][0m  [Preboard 1] Accuracy % readable  [2m47.7%[0m
    [92m✔[0m [92m[PASS][0m  [Preboard 1] Struggling students count  [2m20 students[0m
    [92m✔[0m [92m[PASS][0m  [Preboard 1] Weak Concepts count  [2m0 concepts[0m
    [92m✔[0m [92m[PASS][0m  [Preboard 1] Weakest Concepts list ≥ 1 item  [2m2 items: ['1\nArea under Curves', 'Area under Curves'][0m
    [92m✔[0m [92m[PASS][0m  [Preboard 1] Strongest Concepts list ≥ 1 item  [2m8 items[0m
      [2mPreboard 1:[0m  Accuracy=[92m[1m47.7%[0m  Struggling=[93m[1m20[0m  WeakConcepts=[96m0[0m
        Weakest : ['1\nArea under Curves', 'Area under Curves']
        Strongest: ['No Strongest Concepts Available', '↘ 1.2%\nDECLINED', '↘ 1.2% [DECLINED]', 'Premium Feature', 'Remediation Plan for this chapter', "Make sure you don't have to worry about this chapter again!", 'Create Lesson Plans\nAccess Teaching Materials', 'Create Lesson Plans']
    [92m✔[0m [92m[PASS][0m  Concept pill badges present  [2m['DECLINED'][0m

      [96m┌─ HEADER ACCURACY BADGE ──────────────────────────────────────┐[0m
      [96m│[0m Preboard 1 accuracy : [91m[1mNOT FOUND[0m
      [96m└────────────────────────────────────────────────────────────┘[0m

      [93m┌─ WHY SECTION ─────────────────────────────────────────────┐[0m
      [93m│[0m Heading : Why this chapter declined
      [93m│[0m Text    : Performance remained stable at around 47.7% accuracy. However, 'Area u…
      [93m│[0m Change %: [93m[1m— (only accuracy % in text)[0m
      [93m└───────────────────────────────────────────────────────┘[0m

  [1m[91m▼  [97mLinear Programming[0m  [91m-2.9%[0m
  ─────────────────────────────────────────────────────────────────
    [92m✔[0m [92m[PASS][0m  Loc 1 · Card list badge % readable  [2m-2.9%[0m
    [92m✔[0m [92m[PASS][0m  Card clickable / detail panel opens
    [92m✔[0m [92m[PASS][0m  Loc 2 · IMPROVED/DECLINED chip % readable  [2m-2.9%[0m
    [92m✔[0m [92m[PASS][0m  Loc 3 · Change in chapter average badge  [2m-2.9%[0m
    [92m✔[0m [92m[PASS][0m  Loc 4 · Why-text % (change or accuracy)  [2mchange%=-2.9%[0m
    [91m✘[0m [91m[FAIL][0m  Header accuracy badge readable  [2mNOT FOUND[0m
    [92m✔[0m [92m[PASS][0m  ✦ 4-Way Consistency Loc1==Loc2==Loc3==Loc4  [2mL1=-2.9%  L2=-2.9%  L3=-2.9%  L4=-2.9%[0m
    [92m✔[0m [92m[PASS][0m  'Why this chapter' heading present  [2mWhy this chapter declined[0m
    [92m✔[0m [92m[PASS][0m  Explanation body text present  [2mThere was a slight decline of 2.9% in this chapter.…[0m
    [92m✔[0m [92m[PASS][0m  Midterm panel visible
    [92m✔[0m [92m[PASS][0m  Preboard 1 panel visible
    [92m✔[0m [92m[PASS][0m  ACCURACY label present
    [92m✔[0m [92m[PASS][0m  Weakest Concepts section
    [92m✔[0m [92m[PASS][0m  Strongest Concepts section
    [92m✔[0m [92m[PASS][0m  Struggling students label
    [92m✔[0m [92m[PASS][0m  Weak Concepts label
    [92m✔[0m [92m[PASS][0m  IMPROVED/DECLINED chip
    [92m✔[0m [92m[PASS][0m  Change in chapter average
        Midterm: acc=None  str=None (raw='None' el='None')  wk=None (raw='None' el='None')
        Midterm: weakest=[]
        Midterm: strongest=[]
    [92m✔[0m [92m[PASS][0m  [Midterm] Accuracy % readable  [2m58.4%[0m
    [92m✔[0m [92m[PASS][0m  [Midterm] Struggling students count  [2m10 students[0m
    [92m✔[0m [92m[PASS][0m  [Midterm] Weak Concepts count  [2m0 concepts[0m
    [92m✔[0m [92m[PASS][0m  [Midterm] Weakest Concepts list ≥ 1 item  [2m2 items: ['1\nFeasible Region', 'Feasible Region'][0m
    [92m✔[0m [92m[PASS][0m  [Midterm] Strongest Concepts list ≥ 1 item  [2m8 items[0m
      [2mMidterm:[0m  Accuracy=[92m[1m58.4%[0m  Struggling=[93m[1m10[0m  WeakConcepts=[96m0[0m
        Weakest : ['1\nFeasible Region', 'Feasible Region']
        Strongest: ['Graphical method of solution for problems in two variables\n61%', 'Graphical method of solution for problems in two variables 61%', 'Preboard 1\nOct 11, 2025', 'Preboard 1', 'Oct 11, 2025', '55.5%\nACCURACY 55.5%', 'ACCURACY', 'Struggling students\n10\nWeak Concepts\n0']
        Preboard 1: acc=None  str=None (raw='None' el='None')  wk=None (raw='None' el='None')
        Preboard 1: weakest=[]
        Preboard 1: strongest=[]
    [92m✔[0m [92m[PASS][0m  [Preboard 1] Accuracy % readable  [2m55.5%[0m
    [92m✔[0m [92m[PASS][0m  [Preboard 1] Struggling students count  [2m10 students[0m
    [92m✔[0m [92m[PASS][0m  [Preboard 1] Weak Concepts count  [2m0 concepts[0m
    [92m✔[0m [92m[PASS][0m  [Preboard 1] Weakest Concepts list ≥ 1 item  [2m2 items: ['1\nGraphical method of solution for problems in two variables', 'Graphical method of solution for problems in two variables'][0m
    [92m✔[0m [92m[PASS][0m  [Preboard 1] Strongest Concepts list ≥ 1 item  [2m8 items[0m
      [2mPreboard 1:[0m  Accuracy=[92m[1m55.5%[0m  Struggling=[93m[1m10[0m  WeakConcepts=[96m0[0m
        Weakest : ['1\nGraphical method of solution for problems in two variables', 'Graphical method of solution for problems in two variables']
        Strongest: ['Objective Function\n58%\nNew', 'Objective Function', '58%\nNew 58% [New]', '↘ 2.9%\nDECLINED', '↘ 2.9% [DECLINED]', 'Premium Feature', 'Remediation Plan for this chapter', "Make sure you don't have to worry about this chapter again!"]
    [92m✔[0m [92m[PASS][0m  Concept pill badges present  [2m['DECLINED', 'New'][0m

      [96m┌─ HEADER ACCURACY BADGE ──────────────────────────────────────┐[0m
      [96m│[0m Preboard 1 accuracy : [91m[1mNOT FOUND[0m
      [96m└────────────────────────────────────────────────────────────┘[0m

      [93m┌─ WHY SECTION ─────────────────────────────────────────────┐[0m
      [93m│[0m Heading : Why this chapter declined
      [93m│[0m Text    : There was a slight decline of 2.9% in this chapter.
      [93m│[0m Change %: [91m[1m-2.9%[0m
      [93m└───────────────────────────────────────────────────────┘[0m

  [1m[91m▼  [97mIntegrals[0m  [91m-6.1%[0m
  ─────────────────────────────────────────────────────────────────
    [92m✔[0m [92m[PASS][0m  Loc 1 · Card list badge % readable  [2m-6.1%[0m
    [92m✔[0m [92m[PASS][0m  Card clickable / detail panel opens
    [92m✔[0m [92m[PASS][0m  Loc 2 · IMPROVED/DECLINED chip % readable  [2m-6.1%[0m
    [92m✔[0m [92m[PASS][0m  Loc 3 · Change in chapter average badge  [2m-6.1%[0m
    [92m✔[0m [92m[PASS][0m  Loc 4 · Why-text % (change or accuracy)  [2mchange%=-6.1%[0m
    [91m✘[0m [91m[FAIL][0m  Header accuracy badge readable  [2mNOT FOUND[0m
    [92m✔[0m [92m[PASS][0m  ✦ 4-Way Consistency Loc1==Loc2==Loc3==Loc4  [2mL1=-6.1%  L2=-6.1%  L3=-6.1%  L4=-6.1%[0m
    [92m✔[0m [92m[PASS][0m  'Why this chapter' heading present  [2mWhy this chapter declined[0m
    [92m✔[0m [92m[PASS][0m  Explanation body text present  [2mThere was a slight decline of 6.1% in this chapter. 'Integra…[0m
    [92m✔[0m [92m[PASS][0m  Midterm panel visible
    [92m✔[0m [92m[PASS][0m  Preboard 1 panel visible
    [92m✔[0m [92m[PASS][0m  ACCURACY label present
    [92m✔[0m [92m[PASS][0m  Weakest Concepts section
    [92m✔[0m [92m[PASS][0m  Strongest Concepts section
    [92m✔[0m [92m[PASS][0m  Struggling students label
    [92m✔[0m [92m[PASS][0m  Weak Concepts label
    [92m✔[0m [92m[PASS][0m  IMPROVED/DECLINED chip
    [92m✔[0m [92m[PASS][0m  Change in chapter average
        Midterm: acc=None  str=None (raw='None' el='None')  wk=None (raw='None' el='None')
        Midterm: weakest=[]
        Midterm: strongest=[]
    [92m✔[0m [92m[PASS][0m  [Midterm] Accuracy % readable  [2m38.5%[0m
    [92m✔[0m [92m[PASS][0m  [Midterm] Struggling students count  [2m25 students[0m
    [92m✔[0m [92m[PASS][0m  [Midterm] Weak Concepts count  [2m3 concepts[0m
    [92m✔[0m [92m[PASS][0m  [Midterm] Weakest Concepts list ≥ 1 item  [2m6 items: ['1\nIntegration by Parts', 'Integration by Parts', '2\nPartial Fractions'][0m
    [92m✔[0m [92m[PASS][0m  [Midterm] Strongest Concepts list ≥ 1 item  [2m8 items[0m
      [2mMidterm:[0m  Accuracy=[92m[1m38.5%[0m  Struggling=[93m[1m25[0m  WeakConcepts=[96m3[0m
        Weakest : ['1\nIntegration by Parts', 'Integration by Parts', '2\nPartial Fractions', 'Partial Fractions', '3\nIntegration by Substitution', 'Integration by Substitution']
        Strongest: ['Definite Integrals\n55%', 'Definite Integrals 55%', 'Rules of integrals\n46%', 'Rules of integrals 46%', 'Properties of Definite Integrals\n46%', 'Properties of Definite Integrals 46%', 'Preboard 1\nOct 11, 2025', 'Preboard 1']
        Preboard 1: acc=None  str=None (raw='None' el='None')  wk=None (raw='None' el='None')
        Preboard 1: weakest=[]
        Preboard 1: strongest=[]
    [92m✔[0m [92m[PASS][0m  [Preboard 1] Accuracy % readable  [2m32.4%[0m
    [92m✔[0m [92m[PASS][0m  [Preboard 1] Struggling students count  [2m24 students[0m
    [92m✔[0m [92m[PASS][0m  [Preboard 1] Weak Concepts count  [2m2 concepts[0m
    [92m✔[0m [92m[PASS][0m  [Preboard 1] Weakest Concepts list ≥ 1 item  [2m5 items: ['1\nIntegration by Substitution\n2\nRules of integrals', '1\nIntegration by Substitution', 'Integration by Substitution'][0m
    [92m✔[0m [92m[PASS][0m  [Preboard 1] Strongest Concepts list ≥ 1 item  [2m8 items[0m
      [2mPreboard 1:[0m  Accuracy=[92m[1m32.4%[0m  Struggling=[93m[1m24[0m  WeakConcepts=[96m2[0m
        Weakest : ['1\nIntegration by Substitution\n2\nRules of integrals', '1\nIntegration by Substitution', 'Integration by Substitution', '2\nRules of integrals', 'Rules of integrals']
        Strongest: ['Partial Fractions\n78%\nImproved', 'Partial Fractions', '78%\nImproved 78% [Improved]', 'Indefinite Integrals (Anti derivatives)\n64%\nNew', 'Indefinite Integrals (Anti derivatives)', '64%\nNew 64% [New]', '↘ 6.1%\nDECLINED', '↘ 6.1% [DECLINED]']
    [92m✔[0m [92m[PASS][0m  Concept pill badges present  [2m['Improved', 'New', 'DECLINED'][0m

      [96m┌─ HEADER ACCURACY BADGE ──────────────────────────────────────┐[0m
      [96m│[0m Preboard 1 accuracy : [91m[1mNOT FOUND[0m
      [96m└────────────────────────────────────────────────────────────┘[0m

      [93m┌─ WHY SECTION ─────────────────────────────────────────────┐[0m
      [93m│[0m Heading : Why this chapter declined
      [93m│[0m Text    : There was a slight decline of 6.1% in this chapter. 'Integration by Su…
      [93m│[0m Change %: [91m[1m-6.1%[0m
      [93m└───────────────────────────────────────────────────────┘[0m

  [1m[91m▼  [97mApplication of Derivatives[0m  [91m-7.6%[0m
  ─────────────────────────────────────────────────────────────────
    [92m✔[0m [92m[PASS][0m  Loc 1 · Card list badge % readable  [2m-7.6%[0m
    [92m✔[0m [92m[PASS][0m  Card clickable / detail panel opens
    [92m✔[0m [92m[PASS][0m  Loc 2 · IMPROVED/DECLINED chip % readable  [2m-7.6%[0m
    [92m✔[0m [92m[PASS][0m  Loc 3 · Change in chapter average badge  [2m-7.6%[0m
    [92m✔[0m [92m[PASS][0m  Loc 4 · Why-text % (change or accuracy)  [2mchange%=-7.6%[0m
    [91m✘[0m [91m[FAIL][0m  Header accuracy badge readable  [2mNOT FOUND[0m
    [92m✔[0m [92m[PASS][0m  ✦ 4-Way Consistency Loc1==Loc2==Loc3==Loc4  [2mL1=-7.6%  L2=-7.6%  L3=-7.6%  L4=-7.6%[0m
    [92m✔[0m [92m[PASS][0m  'Why this chapter' heading present  [2mWhy this chapter declined[0m
    [92m✔[0m [92m[PASS][0m  Explanation body text present  [2mThere was a slight decline of 7.6% in this chapter. 'Maxima …[0m
    [92m✔[0m [92m[PASS][0m  Midterm panel visible
    [92m✔[0m [92m[PASS][0m  Preboard 1 panel visible
    [92m✔[0m [92m[PASS][0m  ACCURACY label present
    [92m✔[0m [92m[PASS][0m  Weakest Concepts section
    [92m✔[0m [92m[PASS][0m  Strongest Concepts section
    [92m✔[0m [92m[PASS][0m  Struggling students label
    [92m✔[0m [92m[PASS][0m  Weak Concepts label
    [92m✔[0m [92m[PASS][0m  IMPROVED/DECLINED chip
    [92m✔[0m [92m[PASS][0m  Change in chapter average
        Midterm: acc=None  str=None (raw='None' el='None')  wk=None (raw='None' el='None')
        Midterm: weakest=[]
        Midterm: strongest=[]
    [92m✔[0m [92m[PASS][0m  [Midterm] Accuracy % readable  [2m44.2%[0m
    [92m✔[0m [92m[PASS][0m  [Midterm] Struggling students count  [2m24 students[0m
    [92m✔[0m [92m[PASS][0m  [Midterm] Weak Concepts count  [2m1 concepts[0m
    [92m✔[0m [92m[PASS][0m  [Midterm] Weakest Concepts list ≥ 1 item  [2m5 items: ['1\nRate of Change\n2\nMaxima & Minima real life Applications', '1\nRate of Change', 'Rate of Change'][0m
    [92m✔[0m [92m[PASS][0m  [Midterm] Strongest Concepts list ≥ 1 item  [2m8 items[0m
      [2mMidterm:[0m  Accuracy=[92m[1m44.2%[0m  Struggling=[93m[1m24[0m  WeakConcepts=[96m1[0m
        Weakest : ['1\nRate of Change\n2\nMaxima & Minima real life Applications', '1\nRate of Change', 'Rate of Change', '2\nMaxima & Minima real life Applications', 'Maxima & Minima real life Applications']
        Strongest: ['Increasing & Decreasing Functions\n50%', 'Increasing & Decreasing Functions 50%', 'Preboard 1\nOct 11, 2025', 'Preboard 1', 'Oct 11, 2025', '36.6%\nACCURACY 36.6%', 'ACCURACY', 'Struggling students\n18\nWeak Concepts\n1']
        Preboard 1: acc=None  str=None (raw='None' el='None')  wk=None (raw='None' el='None')
        Preboard 1: weakest=[]
        Preboard 1: strongest=[]
    [92m✔[0m [92m[PASS][0m  [Preboard 1] Accuracy % readable  [2m36.6%[0m
    [92m✔[0m [92m[PASS][0m  [Preboard 1] Struggling students count  [2m18 students[0m
    [92m✔[0m [92m[PASS][0m  [Preboard 1] Weak Concepts count  [2m1 concepts[0m
    [92m✔[0m [92m[PASS][0m  [Preboard 1] Weakest Concepts list ≥ 1 item  [2m6 items: ['1\nMaxima & Minima real life Applications\n2\nRate of Change\nImproved', '1\nMaxima & Minima real life Applications', 'Maxima & Minima real life Applications'][0m
    [92m✔[0m [92m[PASS][0m  [Preboard 1] Strongest Concepts list ≥ 1 item  [2m8 items[0m
      [2mPreboard 1:[0m  Accuracy=[92m[1m36.6%[0m  Struggling=[93m[1m18[0m  WeakConcepts=[96m1[0m
        Weakest : ['1\nMaxima & Minima real life Applications\n2\nRate of Change\nImproved', '1\nMaxima & Minima real life Applications', 'Maxima & Minima real life Applications', '2\nRate of Change\nImproved', '2\nRate of Change', 'Rate of Change']
        Strongest: ['Maxima & Minima\n64%\nNew', 'Maxima & Minima', '64%\nNew 64% [New]', '↘ 7.6%\nDECLINED', '↘ 7.6% [DECLINED]', 'Premium Feature', 'Remediation Plan for this chapter', "Make sure you don't have to worry about this chapter again!"]
    [92m✔[0m [92m[PASS][0m  Concept pill badges present  [2m['Improved', 'New', 'DECLINED'][0m

      [96m┌─ HEADER ACCURACY BADGE ──────────────────────────────────────┐[0m
      [96m│[0m Preboard 1 accuracy : [91m[1mNOT FOUND[0m
      [96m└────────────────────────────────────────────────────────────┘[0m

      [93m┌─ WHY SECTION ─────────────────────────────────────────────┐[0m
      [93m│[0m Heading : Why this chapter declined
      [93m│[0m Text    : There was a slight decline of 7.6% in this chapter. 'Maxima & Minima r…
      [93m│[0m Change %: [91m[1m-7.6%[0m
      [93m└───────────────────────────────────────────────────────┘[0m

  [1m[91m▼  [97mInverse Trigonometric Functions[0m  [91m-11.9%[0m
  ─────────────────────────────────────────────────────────────────
    [92m✔[0m [92m[PASS][0m  Loc 1 · Card list badge % readable  [2m-11.9%[0m
    [92m✔[0m [92m[PASS][0m  Card clickable / detail panel opens
    [92m✔[0m [92m[PASS][0m  Loc 2 · IMPROVED/DECLINED chip % readable  [2m-11.9%[0m
    [92m✔[0m [92m[PASS][0m  Loc 3 · Change in chapter average badge  [2m-11.9%[0m
    [92m✔[0m [92m[PASS][0m  Loc 4 · Why-text % (change or accuracy)  [2mchange%=-11.9%[0m
    [91m✘[0m [91m[FAIL][0m  Header accuracy badge readable  [2mNOT FOUND[0m
    [92m✔[0m [92m[PASS][0m  ✦ 4-Way Consistency Loc1==Loc2==Loc3==Loc4  [2mL1=-11.9%  L2=-11.9%  L3=-11.9%  L4=-11.9%[0m
    [92m✔[0m [92m[PASS][0m  'Why this chapter' heading present  [2mWhy this chapter declined[0m
    [92m✔[0m [92m[PASS][0m  Explanation body text present  [2mPerformance declined by 11.9% compared to Midterm. 'Algebra …[0m
    [92m✔[0m [92m[PASS][0m  Midterm panel visible
    [92m✔[0m [92m[PASS][0m  Preboard 1 panel visible
    [92m✔[0m [92m[PASS][0m  ACCURACY label present
    [92m✔[0m [92m[PASS][0m  Weakest Concepts section
    [92m✔[0m [92m[PASS][0m  Strongest Concepts section
    [92m✔[0m [92m[PASS][0m  Struggling students label
    [92m✔[0m [92m[PASS][0m  Weak Concepts label
    [92m✔[0m [92m[PASS][0m  IMPROVED/DECLINED chip
    [92m✔[0m [92m[PASS][0m  Change in chapter average
        Midterm: acc=None  str=None (raw='None' el='None')  wk=None (raw='None' el='None')
        Midterm: weakest=[]
        Midterm: strongest=[]
    [92m✔[0m [92m[PASS][0m  [Midterm] Accuracy % readable  [2m59.9%[0m
    [92m✔[0m [92m[PASS][0m  [Midterm] Struggling students count  [2m13 students[0m
    [92m✔[0m [92m[PASS][0m  [Midterm] Weak Concepts count  [2m0 concepts[0m
    [92m✔[0m [92m[PASS][0m  [Midterm] Weakest Concepts list ≥ 1 item  [2m2 items: ['1\nPrincipal Values (Domain and Range)', 'Principal Values (Domain and Range)'][0m
    [92m✔[0m [92m[PASS][0m  [Midterm] Strongest Concepts list ≥ 1 item  [2m8 items[0m
      [2mMidterm:[0m  Accuracy=[92m[1m59.9%[0m  Struggling=[93m[1m13[0m  WeakConcepts=[96m0[0m
        Weakest : ['1\nPrincipal Values (Domain and Range)', 'Principal Values (Domain and Range)']
        Strongest: ['Algebra of Inverse Trig Functions\n62%', 'Algebra of Inverse Trig Functions 62%', 'Preboard 1\nOct 11, 2025', 'Preboard 1', 'Oct 11, 2025', '48%\nACCURACY 48%', 'ACCURACY', 'Struggling students\n18\nWeak Concepts\n0']
        Preboard 1: acc=None  str=None (raw='None' el='None')  wk=None (raw='None' el='None')
        Preboard 1: weakest=[]
        Preboard 1: strongest=[]
    [92m✔[0m [92m[PASS][0m  [Preboard 1] Accuracy % readable  [2m48%[0m
    [92m✔[0m [92m[PASS][0m  [Preboard 1] Struggling students count  [2m18 students[0m
    [92m✔[0m [92m[PASS][0m  [Preboard 1] Weak Concepts count  [2m0 concepts[0m
    [92m✔[0m [92m[PASS][0m  [Preboard 1] Weakest Concepts list ≥ 1 item  [2m2 items: ['1\nAlgebra of Inverse Trig Functions', 'Algebra of Inverse Trig Functions'][0m
    [92m✔[0m [92m[PASS][0m  [Preboard 1] Strongest Concepts list ≥ 1 item  [2m8 items[0m
      [2mPreboard 1:[0m  Accuracy=[92m[1m48%[0m  Struggling=[93m[1m18[0m  WeakConcepts=[96m0[0m
        Weakest : ['1\nAlgebra of Inverse Trig Functions', 'Algebra of Inverse Trig Functions']
        Strongest: ['Principal Values (Domain and Range)\n64%\nImproved', 'Principal Values (Domain and Range)', '64%\nImproved 64% [Improved]', '↘ 11.9%\nDECLINED', '↘ 11.9% [DECLINED]', 'Premium Feature', 'Remediation Plan for this chapter', "Make sure you don't have to worry about this chapter again!"]
    [92m✔[0m [92m[PASS][0m  Concept pill badges present  [2m['Improved', 'DECLINED'][0m

      [96m┌─ HEADER ACCURACY BADGE ──────────────────────────────────────┐[0m
      [96m│[0m Preboard 1 accuracy : [91m[1mNOT FOUND[0m
      [96m└────────────────────────────────────────────────────────────┘[0m

      [93m┌─ WHY SECTION ─────────────────────────────────────────────┐[0m
      [93m│[0m Heading : Why this chapter declined
      [93m│[0m Text    : Performance declined by 11.9% compared to Midterm. 'Algebra of Inverse…
      [93m│[0m Change %: [91m[1m-11.9%[0m
      [93m└───────────────────────────────────────────────────────┘[0m

[1m[96m════════════════════════════════════════════════════════════════════════
  PHASE 6  ▶  [97mSEARCH BOX FUNCTIONALITY
════════════════════════════════════════════════════════════════════════[0m
    [92m✔[0m [92m[PASS][0m  Search input element present  [2mSearch chapter...[0m
    [91m✘[0m [91m[FAIL][0m  Search 'Continuity' → target visible
    [92m✔[0m [92m[PASS][0m  Search filters non-matching
    [91m✘[0m [91m[FAIL][0m  Search cleared → all restored  [2mmissing 2[0m
    [92m✔[0m [92m[PASS][0m  No-match query → cards hidden

[1m[96m════════════════════════════════════════════════════════════════════════
  PHASE 7  ▶  [97mSTATIC UI LABELS
════════════════════════════════════════════════════════════════════════[0m
    [92m✔[0m [92m[PASS][0m  Sort label 'Chapter Avg'
    [92m✔[0m [92m[PASS][0m  Nav tab 'Overview'
    [92m✔[0m [92m[PASS][0m  Nav tab 'Chapters'
    [92m✔[0m [92m[PASS][0m  Nav tab 'Questions'
    [92m✔[0m [92m[PASS][0m  Nav tab 'Students'
    [92m✔[0m [92m[PASS][0m  'Midterm' header
    [92m✔[0m [92m[PASS][0m  'Preboard 1' header
    [92m✔[0m [92m[PASS][0m  'ACCURACY' label
    [92m✔[0m [92m[PASS][0m  'Struggling students' label
    [92m✔[0m [92m[PASS][0m  'Weak Concepts' label
    [92m✔[0m [92m[PASS][0m  'Weakest Concepts' section
    [92m✔[0m [92m[PASS][0m  'Strongest Concepts' section
    [92m✔[0m [92m[PASS][0m  'Why this chapter' heading
    [92m✔[0m [92m[PASS][0m  IMPROVED/DECLINED chip
    [92m✔[0m [92m[PASS][0m  'Change in chapter average' label
    [92m✔[0m [92m[PASS][0m  Concept pill badges
    [92m✔[0m [92m[PASS][0m  Header accuracy badge

[1m[96m════════════════════════════════════════════════════════════════════════
  PHASE 8  ▶  [97mEXCEL VALIDATION
════════════════════════════════════════════════════════════════════════[0m
    [92m✔[0m [92m[PASS][0m  Excel match 'Continuity & Differentiability'  [2mContinuity & Differentiability[0m
    [92m✔[0m [92m[PASS][0m  Excel match 'Relations & Functions'  [2mRelations & Functions[0m
    [92m✔[0m [92m[PASS][0m  Excel match 'Matrices'  [2mMatrices[0m
    [92m✔[0m [92m[PASS][0m  Excel match 'Determinants'  [2mDeterminants[0m
    [92m✔[0m [92m[PASS][0m  Excel match 'Application of Integrals'  [2mApplication of Integrals[0m
    [92m✔[0m [92m[PASS][0m  Excel match 'Linear Programming'  [2mLinear Programming[0m
    [92m✔[0m [92m[PASS][0m  Excel match 'Integrals'  [2mIntegrals[0m
    [92m✔[0m [92m[PASS][0m  Excel match 'Application of Derivatives'  [2mApplication of Derivatives[0m
    [92m✔[0m [92m[PASS][0m  Excel match 'Inverse Trigonometric Functions'  [2mInverse Trigonometric Functions[0m

  [1mSection [93mN[0m[1m: [92m287✔[0m/[91m14✘[0m (95%)

  [1m[96m┌─ HEADER ACCURACY — Section N ──────────────────────────────┐[0m
    [91m✘[0m   1. Continuity & Differentiability                     [96m[1mNOT FOUND[0m
    [91m✘[0m   2. Relations & Functions                              [96m[1mNOT FOUND[0m
    [91m✘[0m   3. Matrices                                           [96m[1mNOT FOUND[0m
    [91m✘[0m   4. Determinants                                       [96m[1mNOT FOUND[0m
    [91m✘[0m   5. Application of Integrals                           [96m[1mNOT FOUND[0m
    [91m✘[0m   6. Linear Programming                                 [96m[1mNOT FOUND[0m
    [91m✘[0m   7. Integrals                                          [96m[1mNOT FOUND[0m
    [91m✘[0m   8. Application of Derivatives                         [96m[1mNOT FOUND[0m
    [91m✘[0m   9. Inverse Trigonometric Functions                    [96m[1mNOT FOUND[0m
  [96m└────────────────────────────────────────────────────────────┘[0m

[1m[97m▓▓▓▓▓▓▓▓▓▓▓▓▓▓▓▓▓▓▓▓▓▓▓▓▓▓▓▓▓▓▓▓▓▓▓▓▓▓▓▓▓▓▓▓▓▓▓▓▓▓▓▓▓▓▓▓▓▓▓▓▓▓▓▓▓▓▓▓▓▓▓▓
  SECTION  [93mO[0m[1m[97m
▓▓▓▓▓▓▓▓▓▓▓▓▓▓▓▓▓▓▓▓▓▓▓▓▓▓▓▓▓▓▓▓▓▓▓▓▓▓▓▓▓▓▓▓▓▓▓▓▓▓▓▓▓▓▓▓▓▓▓▓▓▓▓▓▓▓▓▓▓▓▓▓[0m


[1m[96m════════════════════════════════════════════════════════════════════════
  PHASE S  ▶  [97mSWITCH → O
════════════════════════════════════════════════════════════════════════[0m
  [92m✔ Section selected: O[0m
    [92m✔[0m [92m[PASS][0m  Section 'O' selected

[1m[96m════════════════════════════════════════════════════════════════════════
  PHASE 3  ▶  [97mNAVIGATION VERIFY
════════════════════════════════════════════════════════════════════════[0m
    [92m✔[0m [92m[PASS][0m  Chapters URL  [2mscreen=chapters&chapterName=Continuity+%26+Differentiability[0m
    [92m✔[0m [92m[PASS][0m  Tab 'Overview'
    [92m✔[0m [92m[PASS][0m  Tab 'Chapters'
    [92m✔[0m [92m[PASS][0m  Tab 'Questions'
    [92m✔[0m [92m[PASS][0m  Tab 'Students'

[1m[96m════════════════════════════════════════════════════════════════════════
  PHASE 4  ▶  [97mCHAPTER CARD DISCOVERY
════════════════════════════════════════════════════════════════════════[0m
    [92m✔[0m [92m[PASS][0m  Cards discovered  [2m9 found[0m
    [91m✘[0m [91m[FAIL][0m  Sorted High→Low  [2m[5.1, 0.6, 2.1, 2.8, 3.5]…[0m
    [92m✔[0m [92m[PASS][0m  Sort label present

  [1mChapters [O]:[0m
    [2m 1.[0m Relations & Functions                                [92m▲ +5.1%   [92m✔[0m  [2m[Relations and Functions  8m][0m
    [2m 2.[0m Integrals                                            [91m▼ -0.6%   [92m✔[0m  [2m[Calculus  35m][0m
    [2m 3.[0m Linear Programming                                   [91m▼ -2.1%   [92m✔[0m  [2m[Linear Programming Problem  5m][0m
    [2m 4.[0m Continuity & Differentiability                       [91m▼ -2.8%   [92m✔[0m  [2m[Calculus  35m][0m
    [2m 5.[0m Application of Derivatives                           [91m▼ -3.5%   [92m✔[0m  [2m[Calculus  35m][0m
    [2m 6.[0m Determinants                                         [91m▼ -6.6%   [92m✔[0m  [2m[Algebra  10m][0m
    [2m 7.[0m Application of Integrals                             [91m▼ -12.3%   [92m✔[0m  [2m[Calculus  35m][0m
    [2m 8.[0m Inverse Trigonometric Functions                      [91m▼ -16.5%   [92m✔[0m  [2m[Relations and Functions  8m][0m
    [2m 9.[0m Matrices                                             [91m▼ -29.4%   [92m✔[0m  [2m[Algebra  10m][0m

[1m[96m════════════════════════════════════════════════════════════════════════
  PHASE 5  ▶  [97mPER-CHAPTER DETAIL — LOC1/LOC2/LOC3/LOC4 + HEADER ACCURACY
════════════════════════════════════════════════════════════════════════[0m

  [1m[92m▲  [97mRelations & Functions[0m  [92m+5.1%[0m
  ─────────────────────────────────────────────────────────────────
    [92m✔[0m [92m[PASS][0m  Loc 1 · Card list badge % readable  [2m+5.1%[0m
    [92m✔[0m [92m[PASS][0m  Card clickable / detail panel opens
    [92m✔[0m [92m[PASS][0m  Loc 2 · IMPROVED/DECLINED chip % readable  [2m+5.1%[0m
    [92m✔[0m [92m[PASS][0m  Loc 3 · Change in chapter average badge  [2m+5.1%[0m
    [92m✔[0m [92m[PASS][0m  Loc 4 · Why-text % (change or accuracy)  [2mchange%=+5.1%[0m
    [91m✘[0m [91m[FAIL][0m  Header accuracy badge readable  [2mNOT FOUND[0m
    [92m✔[0m [92m[PASS][0m  ✦ 4-Way Consistency Loc1==Loc2==Loc3==Loc4  [2mL1=+5.1%  L2=+5.1%  L3=+5.1%  L4=+5.1%[0m
    [92m✔[0m [92m[PASS][0m  'Why this chapter' heading present  [2mWhy this chapter improved[0m
    [92m✔[0m [92m[PASS][0m  Explanation body text present  [2mSlight improvement of 5.1% as students are making progress. …[0m
    [92m✔[0m [92m[PASS][0m  Midterm panel visible
    [92m✔[0m [92m[PASS][0m  Preboard 1 panel visible
    [92m✔[0m [92m[PASS][0m  ACCURACY label present
    [92m✔[0m [92m[PASS][0m  Weakest Concepts section
    [92m✔[0m [92m[PASS][0m  Strongest Concepts section
    [92m✔[0m [92m[PASS][0m  Struggling students label
    [92m✔[0m [92m[PASS][0m  Weak Concepts label
    [92m✔[0m [92m[PASS][0m  IMPROVED/DECLINED chip
    [92m✔[0m [92m[PASS][0m  Change in chapter average
        Midterm: acc=None  str=None (raw='None' el='None')  wk=None (raw='None' el='None')
        Midterm: weakest=[]
        Midterm: strongest=[]
    [92m✔[0m [92m[PASS][0m  [Midterm] Accuracy % readable  [2m41.7%[0m
    [92m✔[0m [92m[PASS][0m  [Midterm] Struggling students count  [2m17 students[0m
    [92m✔[0m [92m[PASS][0m  [Midterm] Weak Concepts count  [2m1 concepts[0m
    [92m✔[0m [92m[PASS][0m  [Midterm] Weakest Concepts list ≥ 1 item  [2m2 items: ['1\nTypes of Functions', 'Types of Functions'][0m
    [92m✔[0m [92m[PASS][0m  [Midterm] Strongest Concepts list ≥ 1 item  [2m8 items[0m
      [2mMidterm:[0m  Accuracy=[92m[1m41.7%[0m  Struggling=[93m[1m17[0m  WeakConcepts=[96m1[0m
        Weakest : ['1\nTypes of Functions', 'Types of Functions']
        Strongest: ['Types of Relations\n47%', 'Types of Relations 47%', 'Preboard 1\nOct 11, 2025', 'Preboard 1', 'Oct 11, 2025', '46.8%\nACCURACY 46.8%', 'ACCURACY', 'Struggling students\n19\nWeak Concepts\n1']
        Preboard 1: acc=None  str=None (raw='None' el='None')  wk=None (raw='None' el='None')
        Preboard 1: weakest=[]
        Preboard 1: strongest=[]
    [92m✔[0m [92m[PASS][0m  [Preboard 1] Accuracy % readable  [2m46.8%[0m
    [92m✔[0m [92m[PASS][0m  [Preboard 1] Struggling students count  [2m19 students[0m
    [92m✔[0m [92m[PASS][0m  [Preboard 1] Weak Concepts count  [2m1 concepts[0m
    [92m✔[0m [92m[PASS][0m  [Preboard 1] Weakest Concepts list ≥ 1 item  [2m4 items: ['1\nTypes of Functions\nImproved', '1\nTypes of Functions', 'Types of Functions'][0m
    [92m✔[0m [92m[PASS][0m  [Preboard 1] Strongest Concepts list ≥ 1 item  [2m8 items[0m
      [2mPreboard 1:[0m  Accuracy=[92m[1m46.8%[0m  Struggling=[93m[1m19[0m  WeakConcepts=[96m1[0m
        Weakest : ['1\nTypes of Functions\nImproved', '1\nTypes of Functions', 'Types of Functions', 'Improved']
        Strongest: ['Types of Relations\n84%\nImproved', 'Types of Relations', '84%\nImproved 84% [Improved]', '↗ 5.1%\nIMPROVED', '↗ 5.1% [IMPROVED]', 'Premium Feature', 'Remediation Plan for this chapter', "Make sure you don't have to worry about this chapter again!"]
    [92m✔[0m [92m[PASS][0m  Concept pill badges present  [2m['Improved', 'IMPROVED'][0m

      [96m┌─ HEADER ACCURACY BADGE ──────────────────────────────────────┐[0m
      [96m│[0m Preboard 1 accuracy : [91m[1mNOT FOUND[0m
      [96m└────────────────────────────────────────────────────────────┘[0m

      [93m┌─ WHY SECTION ─────────────────────────────────────────────┐[0m
      [93m│[0m Heading : Why this chapter improved
      [93m│[0m Text    : Slight improvement of 5.1% as students are making progress. Students h…
      [93m│[0m Change %: [92m[1m+5.1%[0m
      [93m└───────────────────────────────────────────────────────┘[0m

  [1m[91m▼  [97mIntegrals[0m  [91m-0.6%[0m
  ─────────────────────────────────────────────────────────────────
    [92m✔[0m [92m[PASS][0m  Loc 1 · Card list badge % readable  [2m-0.6%[0m
    [92m✔[0m [92m[PASS][0m  Card clickable / detail panel opens
    [92m✔[0m [92m[PASS][0m  Loc 2 · IMPROVED/DECLINED chip % readable  [2m-0.6%[0m
    [92m✔[0m [92m[PASS][0m  Loc 3 · Change in chapter average badge  [2m-0.6%[0m
    [92m✔[0m [92m[PASS][0m  Loc 4 · Why-text % (change or accuracy)  [2maccuracy%=29.8% (stable)[0m
    [91m✘[0m [91m[FAIL][0m  Header accuracy badge readable  [2mNOT FOUND[0m
    [91m✘[0m [91m[FAIL][0m  ✦ 4-Way Consistency Loc1==Loc2==Loc3==Loc4  [2mL1=-0.6%  L2=-0.6%  L3=-0.6%  L4=None[0m
    [92m✔[0m [92m[PASS][0m  'Why this chapter' heading present  [2mWhy this chapter declined[0m
    [92m✔[0m [92m[PASS][0m  Explanation body text present  [2mPerformance remained stable at around 29.8% accuracy. Howeve…[0m
    [92m✔[0m [92m[PASS][0m  Midterm panel visible
    [92m✔[0m [92m[PASS][0m  Preboard 1 panel visible
    [92m✔[0m [92m[PASS][0m  ACCURACY label present
    [92m✔[0m [92m[PASS][0m  Weakest Concepts section
    [92m✔[0m [92m[PASS][0m  Strongest Concepts section
    [92m✔[0m [92m[PASS][0m  Struggling students label
    [92m✔[0m [92m[PASS][0m  Weak Concepts label
    [92m✔[0m [92m[PASS][0m  IMPROVED/DECLINED chip
    [92m✔[0m [92m[PASS][0m  Change in chapter average
        Midterm: acc=None  str=None (raw='None' el='None')  wk=None (raw='None' el='None')
        Midterm: weakest=[]
        Midterm: strongest=[]
    [92m✔[0m [92m[PASS][0m  [Midterm] Accuracy % readable  [2m30.4%[0m
    [92m✔[0m [92m[PASS][0m  [Midterm] Struggling students count  [2m22 students[0m
    [92m✔[0m [92m[PASS][0m  [Midterm] Weak Concepts count  [2m5 concepts[0m
    [92m✔[0m [92m[PASS][0m  [Midterm] Weakest Concepts list ≥ 1 item  [2m6 items: ['1\nIntegration by Parts\n2\nPartial Fractions\n3\nRules of integrals', '1\nIntegration by Parts', 'Integration by Parts'][0m
    [92m✔[0m [92m[PASS][0m  [Midterm] Strongest Concepts list ≥ 1 item  [2m8 items[0m
      [2mMidterm:[0m  Accuracy=[92m[1m30.4%[0m  Struggling=[93m[1m22[0m  WeakConcepts=[96m5[0m
        Weakest : ['1\nIntegration by Parts\n2\nPartial Fractions\n3\nRules of integrals', '1\nIntegration by Parts', 'Integration by Parts', '2\nPartial Fractions', 'Partial Fractions', '3\nRules of integrals']
        Strongest: ['Properties of Definite Integrals\n50%', 'Properties of Definite Integrals 50%', 'Definite Integrals\n36%', 'Definite Integrals 36%', 'Integration by Substitution\n33%', 'Integration by Substitution 33%', 'Preboard 1\nOct 11, 2025', 'Preboard 1']
        Preboard 1: acc=None  str=None (raw='None' el='None')  wk=None (raw='None' el='None')
        Preboard 1: weakest=[]
        Preboard 1: strongest=[]
    [92m✔[0m [92m[PASS][0m  [Preboard 1] Accuracy % readable  [2m29.8%[0m
    [92m✔[0m [92m[PASS][0m  [Preboard 1] Struggling students count  [2m23 students[0m
    [92m✔[0m [92m[PASS][0m  [Preboard 1] Weak Concepts count  [2m2 concepts[0m
    [92m✔[0m [92m[PASS][0m  [Preboard 1] Weakest Concepts list ≥ 1 item  [2m5 items: ['1\nIntegration by Substitution\n2\nRules of integrals', '1\nIntegration by Substitution', 'Integration by Substitution'][0m
    [92m✔[0m [92m[PASS][0m  [Preboard 1] Strongest Concepts list ≥ 1 item  [2m8 items[0m
      [2mPreboard 1:[0m  Accuracy=[92m[1m29.8%[0m  Struggling=[93m[1m23[0m  WeakConcepts=[96m2[0m
        Weakest : ['1\nIntegration by Substitution\n2\nRules of integrals', '1\nIntegration by Substitution', 'Integration by Substitution', '2\nRules of integrals', 'Rules of integrals']
        Strongest: ['Indefinite Integrals (Anti derivatives)\n61%\nNew', 'Indefinite Integrals (Anti derivatives)', '61%\nNew 61% [New]', 'Partial Fractions\n44%\nImproved', 'Partial Fractions', '44%\nImproved 44% [Improved]', '↘ 0.6%\nDECLINED', '↘ 0.6% [DECLINED]']
    [92m✔[0m [92m[PASS][0m  Concept pill badges present  [2m['Improved', 'New', 'DECLINED'][0m

      [96m┌─ HEADER ACCURACY BADGE ──────────────────────────────────────┐[0m
      [96m│[0m Preboard 1 accuracy : [91m[1mNOT FOUND[0m
      [96m└────────────────────────────────────────────────────────────┘[0m

      [93m┌─ WHY SECTION ─────────────────────────────────────────────┐[0m
      [93m│[0m Heading : Why this chapter declined
      [93m│[0m Text    : Performance remained stable at around 29.8% accuracy. However, 'Integr…
      [93m│[0m Change %: [93m[1m— (only accuracy % in text)[0m
      [93m└───────────────────────────────────────────────────────┘[0m

  [1m[91m▼  [97mLinear Programming[0m  [91m-2.1%[0m
  ─────────────────────────────────────────────────────────────────
    [92m✔[0m [92m[PASS][0m  Loc 1 · Card list badge % readable  [2m-2.1%[0m
    [92m✔[0m [92m[PASS][0m  Card clickable / detail panel opens
    [92m✔[0m [92m[PASS][0m  Loc 2 · IMPROVED/DECLINED chip % readable  [2m-2.1%[0m
    [92m✔[0m [92m[PASS][0m  Loc 3 · Change in chapter average badge  [2m-2.1%[0m
    [92m✔[0m [92m[PASS][0m  Loc 4 · Why-text % (change or accuracy)  [2mchange%=-2.1%[0m
    [91m✘[0m [91m[FAIL][0m  Header accuracy badge readable  [2mNOT FOUND[0m
    [92m✔[0m [92m[PASS][0m  ✦ 4-Way Consistency Loc1==Loc2==Loc3==Loc4  [2mL1=-2.1%  L2=-2.1%  L3=-2.1%  L4=-2.1%[0m
    [92m✔[0m [92m[PASS][0m  'Why this chapter' heading present  [2mWhy this chapter declined[0m
    [92m✔[0m [92m[PASS][0m  Explanation body text present  [2mThere was a slight decline of 2.1% in this chapter. Struggli…[0m
    [92m✔[0m [92m[PASS][0m  Midterm panel visible
    [92m✔[0m [92m[PASS][0m  Preboard 1 panel visible
    [92m✔[0m [92m[PASS][0m  ACCURACY label present
    [92m✔[0m [92m[PASS][0m  Weakest Concepts section
    [92m✔[0m [92m[PASS][0m  Strongest Concepts section
    [92m✔[0m [92m[PASS][0m  Struggling students label
    [92m✔[0m [92m[PASS][0m  Weak Concepts label
    [92m✔[0m [92m[PASS][0m  IMPROVED/DECLINED chip
    [92m✔[0m [92m[PASS][0m  Change in chapter average
        Midterm: acc=None  str=None (raw='None' el='None')  wk=None (raw='None' el='None')
        Midterm: weakest=[]
        Midterm: strongest=[]
    [92m✔[0m [92m[PASS][0m  [Midterm] Accuracy % readable  [2m55.3%[0m
    [92m✔[0m [92m[PASS][0m  [Midterm] Struggling students count  [2m6 students[0m
    [92m✔[0m [92m[PASS][0m  [Midterm] Weak Concepts count  [2m0 concepts[0m
    [92m✔[0m [92m[PASS][0m  [Midterm] Weakest Concepts list ≥ 1 item  [2m2 items: ['1\nFeasible Region', 'Feasible Region'][0m
    [92m✔[0m [92m[PASS][0m  [Midterm] Strongest Concepts list ≥ 1 item  [2m8 items[0m
      [2mMidterm:[0m  Accuracy=[92m[1m55.3%[0m  Struggling=[93m[1m6[0m  WeakConcepts=[96m0[0m
        Weakest : ['1\nFeasible Region', 'Feasible Region']
        Strongest: ['Graphical method of solution for problems in two variables\n58%', 'Graphical method of solution for problems in two variables 58%', 'Preboard 1\nOct 11, 2025', 'Preboard 1', 'Oct 11, 2025', '53.2%\nACCURACY 53.2%', 'ACCURACY', 'Struggling students\n10\nWeak Concepts\n0']
        Preboard 1: acc=None  str=None (raw='None' el='None')  wk=None (raw='None' el='None')
        Preboard 1: weakest=[]
        Preboard 1: strongest=[]
    [92m✔[0m [92m[PASS][0m  [Preboard 1] Accuracy % readable  [2m53.2%[0m
    [92m✔[0m [92m[PASS][0m  [Preboard 1] Struggling students count  [2m10 students[0m
    [92m✔[0m [92m[PASS][0m  [Preboard 1] Weak Concepts count  [2m0 concepts[0m
    [92m✔[0m [92m[PASS][0m  [Preboard 1] Weakest Concepts list ≥ 1 item  [2m2 items: ['1\nGraphical method of solution for problems in two variables', 'Graphical method of solution for problems in two variables'][0m
    [92m✔[0m [92m[PASS][0m  [Preboard 1] Strongest Concepts list ≥ 1 item  [2m8 items[0m
      [2mPreboard 1:[0m  Accuracy=[92m[1m53.2%[0m  Struggling=[93m[1m10[0m  WeakConcepts=[96m0[0m
        Weakest : ['1\nGraphical method of solution for problems in two variables', 'Graphical method of solution for problems in two variables']
        Strongest: ['Objective Function\n65%\nNew', 'Objective Function', '65%\nNew 65% [New]', '↘ 2.1%\nDECLINED', '↘ 2.1% [DECLINED]', 'Premium Feature', 'Remediation Plan for this chapter', "Make sure you don't have to worry about this chapter again!"]
    [92m✔[0m [92m[PASS][0m  Concept pill badges present  [2m['DECLINED', 'New'][0m

      [96m┌─ HEADER ACCURACY BADGE ──────────────────────────────────────┐[0m
      [96m│[0m Preboard 1 accuracy : [91m[1mNOT FOUND[0m
      [96m└────────────────────────────────────────────────────────────┘[0m

      [93m┌─ WHY SECTION ─────────────────────────────────────────────┐[0m
      [93m│[0m Heading : Why this chapter declined
      [93m│[0m Text    : There was a slight decline of 2.1% in this chapter. Struggling student…
      [93m│[0m Change %: [91m[1m-2.1%[0m
      [93m└───────────────────────────────────────────────────────┘[0m

  [1m[91m▼  [97mContinuity & Differentiability[0m  [91m-2.8%[0m
  ─────────────────────────────────────────────────────────────────
    [92m✔[0m [92m[PASS][0m  Loc 1 · Card list badge % readable  [2m-2.8%[0m
    [92m✔[0m [92m[PASS][0m  Card clickable / detail panel opens
    [92m✔[0m [92m[PASS][0m  Loc 2 · IMPROVED/DECLINED chip % readable  [2m-2.8%[0m
    [92m✔[0m [92m[PASS][0m  Loc 3 · Change in chapter average badge  [2m-2.8%[0m
    [92m✔[0m [92m[PASS][0m  Loc 4 · Why-text % (change or accuracy)  [2mchange%=-2.8%[0m
    [91m✘[0m [91m[FAIL][0m  Header accuracy badge readable  [2mNOT FOUND[0m
    [92m✔[0m [92m[PASS][0m  ✦ 4-Way Consistency Loc1==Loc2==Loc3==Loc4  [2mL1=-2.8%  L2=-2.8%  L3=-2.8%  L4=-2.8%[0m
    [92m✔[0m [92m[PASS][0m  'Why this chapter' heading present  [2mWhy this chapter declined[0m
    [92m✔[0m [92m[PASS][0m  Explanation body text present  [2mThere was a slight decline of 2.8% in this chapter, mainly b…[0m
    [92m✔[0m [92m[PASS][0m  Midterm panel visible
    [92m✔[0m [92m[PASS][0m  Preboard 1 panel visible
    [92m✔[0m [92m[PASS][0m  ACCURACY label present
    [92m✔[0m [92m[PASS][0m  Weakest Concepts section
    [92m✔[0m [92m[PASS][0m  Strongest Concepts section
    [92m✔[0m [92m[PASS][0m  Struggling students label
    [92m✔[0m [92m[PASS][0m  Weak Concepts label
    [92m✔[0m [92m[PASS][0m  IMPROVED/DECLINED chip
    [92m✔[0m [92m[PASS][0m  Change in chapter average
        Midterm: acc=None  str=None (raw='None' el='None')  wk=None (raw='None' el='None')
        Midterm: weakest=[]
        Midterm: strongest=[]
    [92m✔[0m [92m[PASS][0m  [Midterm] Accuracy % readable  [2m42.6%[0m
    [92m✔[0m [92m[PASS][0m  [Midterm] Struggling students count  [2m19 students[0m
    [92m✔[0m [92m[PASS][0m  [Midterm] Weak Concepts count  [2m2 concepts[0m
    [92m✔[0m [92m[PASS][0m  [Midterm] Weakest Concepts list ≥ 1 item  [2m6 items: ['1\nContinuity', 'Continuity', '2\nSecond Order Derivative'][0m
    [92m✔[0m [92m[PASS][0m  [Midterm] Strongest Concepts list ≥ 1 item  [2m8 items[0m
      [2mMidterm:[0m  Accuracy=[92m[1m42.6%[0m  Struggling=[93m[1m19[0m  WeakConcepts=[96m2[0m
        Weakest : ['1\nContinuity', 'Continuity', '2\nSecond Order Derivative', 'Second Order Derivative', '3\nExponential & Logarithmic Functions/Logarithmic Properties', 'Exponential & Logarithmic Functions/Logarithmic Properties']
        Strongest: ['Rules of Differentiations\n63%', 'Rules of Differentiations 63%', 'Parametric & Implicit Differentiation\n57%', 'Parametric & Implicit Differentiation 57%', 'Preboard 1\nOct 11, 2025', 'Preboard 1', 'Oct 11, 2025', '39.8%\nACCURACY 39.8%']
        Preboard 1: acc=None  str=None (raw='None' el='None')  wk=None (raw='None' el='None')
        Preboard 1: weakest=[]
        Preboard 1: strongest=[]
    [92m✔[0m [92m[PASS][0m  [Preboard 1] Accuracy % readable  [2m39.8%[0m
    [92m✔[0m [92m[PASS][0m  [Preboard 1] Struggling students count  [2m17 students[0m
    [92m✔[0m [92m[PASS][0m  [Preboard 1] Weak Concepts count  [2m2 concepts[0m
    [92m✔[0m [92m[PASS][0m  [Preboard 1] Weakest Concepts list ≥ 1 item  [2m6 items: ['1\nDerivatives of Inverse Trig Functions\nNew', '1\nDerivatives of Inverse Trig Functions', 'Derivatives of Inverse Trig Functions'][0m
    [92m✔[0m [92m[PASS][0m  [Preboard 1] Strongest Concepts list ≥ 1 item  [2m8 items[0m
      [2mPreboard 1:[0m  Accuracy=[92m[1m39.8%[0m  Struggling=[93m[1m17[0m  WeakConcepts=[96m2[0m
        Weakest : ['1\nDerivatives of Inverse Trig Functions\nNew', '1\nDerivatives of Inverse Trig Functions', 'Derivatives of Inverse Trig Functions', '2\nExponential & Logarithmic Functions/Logarithmic Properties', 'Exponential & Logarithmic Functions/Logarithmic Properties', '3\nContinuity\nImproved']
        Strongest: ['Parametric & Implicit Differentiation\n68%\nImproved', 'Parametric & Implicit Differentiation', '68%\nImproved 68% [Improved]', 'Second Order Derivative\n50%\nImproved', 'Second Order Derivative', '50%\nImproved 50% [Improved]', '↘ 2.8%\nDECLINED', '↘ 2.8% [DECLINED]']
    [92m✔[0m [92m[PASS][0m  Concept pill badges present  [2m['Improved', 'New', 'DECLINED'][0m

      [96m┌─ HEADER ACCURACY BADGE ──────────────────────────────────────┐[0m
      [96m│[0m Preboard 1 accuracy : [91m[1mNOT FOUND[0m
      [96m└────────────────────────────────────────────────────────────┘[0m

      [93m┌─ WHY SECTION ─────────────────────────────────────────────┐[0m
      [93m│[0m Heading : Why this chapter declined
      [93m│[0m Text    : There was a slight decline of 2.8% in this chapter, mainly because 'De…
      [93m│[0m Change %: [91m[1m-2.8%[0m
      [93m└───────────────────────────────────────────────────────┘[0m

  [1m[91m▼  [97mApplication of Derivatives[0m  [91m-3.5%[0m
  ─────────────────────────────────────────────────────────────────
    [92m✔[0m [92m[PASS][0m  Loc 1 · Card list badge % readable  [2m-3.5%[0m
    [92m✔[0m [92m[PASS][0m  Card clickable / detail panel opens
    [92m✔[0m [92m[PASS][0m  Loc 2 · IMPROVED/DECLINED chip % readable  [2m-3.5%[0m
    [92m✔[0m [92m[PASS][0m  Loc 3 · Change in chapter average badge  [2m-3.5%[0m
    [92m✔[0m [92m[PASS][0m  Loc 4 · Why-text % (change or accuracy)  [2mchange%=-3.5%[0m
    [91m✘[0m [91m[FAIL][0m  Header accuracy badge readable  [2mNOT FOUND[0m
    [92m✔[0m [92m[PASS][0m  ✦ 4-Way Consistency Loc1==Loc2==Loc3==Loc4  [2mL1=-3.5%  L2=-3.5%  L3=-3.5%  L4=-3.5%[0m
    [92m✔[0m [92m[PASS][0m  'Why this chapter' heading present  [2mWhy this chapter declined[0m
    [92m✔[0m [92m[PASS][0m  Explanation body text present  [2mThere was a slight decline of 3.5% in this chapter, mainly b…[0m
    [92m✔[0m [92m[PASS][0m  Midterm panel visible
    [92m✔[0m [92m[PASS][0m  Preboard 1 panel visible
    [92m✔[0m [92m[PASS][0m  ACCURACY label present
    [92m✔[0m [92m[PASS][0m  Weakest Concepts section
    [92m✔[0m [92m[PASS][0m  Strongest Concepts section
    [92m✔[0m [92m[PASS][0m  Struggling students label
    [92m✔[0m [92m[PASS][0m  Weak Concepts label
    [92m✔[0m [92m[PASS][0m  IMPROVED/DECLINED chip
    [92m✔[0m [92m[PASS][0m  Change in chapter average
        Midterm: acc=None  str=None (raw='None' el='None')  wk=None (raw='None' el='None')
        Midterm: weakest=[]
        Midterm: strongest=[]
    [92m✔[0m [92m[PASS][0m  [Midterm] Accuracy % readable  [2m28.5%[0m
    [92m✔[0m [92m[PASS][0m  [Midterm] Struggling students count  [2m24 students[0m
    [92m✔[0m [92m[PASS][0m  [Midterm] Weak Concepts count  [2m2 concepts[0m
    [92m✔[0m [92m[PASS][0m  [Midterm] Weakest Concepts list ≥ 1 item  [2m5 items: ['1\nMaxima & Minima real life Applications\n2\nRate of Change', '1\nMaxima & Minima real life Applications', 'Maxima & Minima real life Applications'][0m
    [92m✔[0m [92m[PASS][0m  [Midterm] Strongest Concepts list ≥ 1 item  [2m8 items[0m
      [2mMidterm:[0m  Accuracy=[92m[1m28.5%[0m  Struggling=[93m[1m24[0m  WeakConcepts=[96m2[0m
        Weakest : ['1\nMaxima & Minima real life Applications\n2\nRate of Change', '1\nMaxima & Minima real life Applications', 'Maxima & Minima real life Applications', '2\nRate of Change', 'Rate of Change']
        Strongest: ['Increasing & Decreasing Functions\n45%', 'Increasing & Decreasing Functions 45%', 'Preboard 1\nOct 11, 2025', 'Preboard 1', 'Oct 11, 2025', '25%\nACCURACY 25%', 'ACCURACY', 'Struggling students\n25\nWeak Concepts\n2']
        Preboard 1: acc=None  str=None (raw='None' el='None')  wk=None (raw='None' el='None')
        Preboard 1: weakest=[]
        Preboard 1: strongest=[]
    [92m✔[0m [92m[PASS][0m  [Preboard 1] Accuracy % readable  [2m25%[0m
    [92m✔[0m [92m[PASS][0m  [Preboard 1] Struggling students count  [2m25 students[0m
    [92m✔[0m [92m[PASS][0m  [Preboard 1] Weak Concepts count  [2m2 concepts[0m
    [92m✔[0m [92m[PASS][0m  [Preboard 1] Weakest Concepts list ≥ 1 item  [2m6 items: ['1\nMaxima & Minima real life Applications\n2\nMaxima & Minima\nNew', '1\nMaxima & Minima real life Applications', 'Maxima & Minima real life Applications'][0m
    [92m✔[0m [92m[PASS][0m  [Preboard 1] Strongest Concepts list ≥ 1 item  [2m8 items[0m
      [2mPreboard 1:[0m  Accuracy=[92m[1m25%[0m  Struggling=[93m[1m25[0m  WeakConcepts=[96m2[0m
        Weakest : ['1\nMaxima & Minima real life Applications\n2\nMaxima & Minima\nNew', '1\nMaxima & Minima real life Applications', 'Maxima & Minima real life Applications', '2\nMaxima & Minima\nNew', '2\nMaxima & Minima', 'Maxima & Minima']
        Strongest: ['Rate of Change\n40%\nImproved', 'Rate of Change', '40%\nImproved 40% [Improved]', '↘ 3.5%\nDECLINED', '↘ 3.5% [DECLINED]', 'Premium Feature', 'Remediation Plan for this chapter', "Make sure you don't have to worry about this chapter again!"]
    [92m✔[0m [92m[PASS][0m  Concept pill badges present  [2m['Improved', 'New', 'DECLINED'][0m

      [96m┌─ HEADER ACCURACY BADGE ──────────────────────────────────────┐[0m
      [96m│[0m Preboard 1 accuracy : [91m[1mNOT FOUND[0m
      [96m└────────────────────────────────────────────────────────────┘[0m

      [93m┌─ WHY SECTION ─────────────────────────────────────────────┐[0m
      [93m│[0m Heading : Why this chapter declined
      [93m│[0m Text    : There was a slight decline of 3.5% in this chapter, mainly because 'Ma…
      [93m│[0m Change %: [91m[1m-3.5%[0m
      [93m└───────────────────────────────────────────────────────┘[0m

  [1m[91m▼  [97mDeterminants[0m  [91m-6.6%[0m
  ─────────────────────────────────────────────────────────────────
    [92m✔[0m [92m[PASS][0m  Loc 1 · Card list badge % readable  [2m-6.6%[0m
    [92m✔[0m [92m[PASS][0m  Card clickable / detail panel opens
    [92m✔[0m [92m[PASS][0m  Loc 2 · IMPROVED/DECLINED chip % readable  [2m-6.6%[0m
    [92m✔[0m [92m[PASS][0m  Loc 3 · Change in chapter average badge  [2m-6.6%[0m
    [92m✔[0m [92m[PASS][0m  Loc 4 · Why-text % (change or accuracy)  [2mchange%=-6.6%[0m
    [91m✘[0m [91m[FAIL][0m  Header accuracy badge readable  [2mNOT FOUND[0m
    [92m✔[0m [92m[PASS][0m  ✦ 4-Way Consistency Loc1==Loc2==Loc3==Loc4  [2mL1=-6.6%  L2=-6.6%  L3=-6.6%  L4=-6.6%[0m
    [92m✔[0m [92m[PASS][0m  'Why this chapter' heading present  [2mWhy this chapter declined[0m
    [92m✔[0m [92m[PASS][0m  Explanation body text present  [2mThere was a slight decline of 6.6% in this chapter, mainly b…[0m
    [92m✔[0m [92m[PASS][0m  Midterm panel visible
    [92m✔[0m [92m[PASS][0m  Preboard 1 panel visible
    [92m✔[0m [92m[PASS][0m  ACCURACY label present
    [92m✔[0m [92m[PASS][0m  Weakest Concepts section
    [92m✔[0m [92m[PASS][0m  Strongest Concepts section
    [92m✔[0m [92m[PASS][0m  Struggling students label
    [92m✔[0m [92m[PASS][0m  Weak Concepts label
    [92m✔[0m [92m[PASS][0m  IMPROVED/DECLINED chip
    [92m✔[0m [92m[PASS][0m  Change in chapter average
        Midterm: acc=None  str=None (raw='None' el='None')  wk=None (raw='None' el='None')
        Midterm: weakest=[]
        Midterm: strongest=[]
    [92m✔[0m [92m[PASS][0m  [Midterm] Accuracy % readable  [2m66.1%[0m
    [92m✔[0m [92m[PASS][0m  [Midterm] Struggling students count  [2m6 students[0m
    [92m✔[0m [92m[PASS][0m  [Midterm] Weak Concepts count  [2m1 concepts[0m
    [92m✔[0m [92m[PASS][0m  [Midterm] Weakest Concepts list ≥ 1 item  [2m5 items: ['1\nAdjoint & Inverse\n2\nDeterminant of a Matrix', '1\nAdjoint & Inverse', 'Adjoint & Inverse'][0m
    [92m✔[0m [92m[PASS][0m  [Midterm] Strongest Concepts list ≥ 1 item  [2m8 items[0m
      [2mMidterm:[0m  Accuracy=[92m[1m66.1%[0m  Struggling=[93m[1m6[0m  WeakConcepts=[96m1[0m
        Weakest : ['1\nAdjoint & Inverse\n2\nDeterminant of a Matrix', '1\nAdjoint & Inverse', 'Adjoint & Inverse', '2\nDeterminant of a Matrix', 'Determinant of a Matrix']
        Strongest: ['Preboard 1\nOct 11, 2025', 'Preboard 1', 'Oct 11, 2025', '59.5%\nACCURACY 59.5%', 'ACCURACY', 'Struggling students\n11\nWeak Concepts\n0', 'Struggling students\n11', 'Struggling students']
        Preboard 1: acc=None  str=None (raw='None' el='None')  wk=None (raw='None' el='None')
        Preboard 1: weakest=[]
        Preboard 1: strongest=[]
    [92m✔[0m [92m[PASS][0m  [Preboard 1] Accuracy % readable  [2m59.5%[0m
    [92m✔[0m [92m[PASS][0m  [Preboard 1] Struggling students count  [2m11 students[0m
    [92m✔[0m [92m[PASS][0m  [Preboard 1] Weak Concepts count  [2m0 concepts[0m
    [92m✔[0m [92m[PASS][0m  [Preboard 1] Weakest Concepts list ≥ 1 item  [2m3 items: ['1\nProperties of Determinants\nNew', '1\nProperties of Determinants', 'Properties of Determinants'][0m
    [92m✔[0m [92m[PASS][0m  [Preboard 1] Strongest Concepts list ≥ 1 item  [2m8 items[0m
      [2mPreboard 1:[0m  Accuracy=[92m[1m59.5%[0m  Struggling=[93m[1m11[0m  WeakConcepts=[96m0[0m
        Weakest : ['1\nProperties of Determinants\nNew', '1\nProperties of Determinants', 'Properties of Determinants']
        Strongest: ['Determinant of a Matrix\n65%\nImproved\nAdjoint & Inverse\n61%\nImproved', 'Determinant of a Matrix\n65%\nImproved', 'Determinant of a Matrix', '65%\nImproved 65% [Improved]', 'Adjoint & Inverse\n61%\nImproved', 'Adjoint & Inverse', '61%\nImproved 61% [Improved]', '↘ 6.6%\nDECLINED']
    [92m✔[0m [92m[PASS][0m  Concept pill badges present  [2m['Improved', 'New', 'DECLINED'][0m

      [96m┌─ HEADER ACCURACY BADGE ──────────────────────────────────────┐[0m
      [96m│[0m Preboard 1 accuracy : [91m[1mNOT FOUND[0m
      [96m└────────────────────────────────────────────────────────────┘[0m

      [93m┌─ WHY SECTION ─────────────────────────────────────────────┐[0m
      [93m│[0m Heading : Why this chapter declined
      [93m│[0m Text    : There was a slight decline of 6.6% in this chapter, mainly because 'Pr…
      [93m│[0m Change %: [91m[1m-6.6%[0m
      [93m└───────────────────────────────────────────────────────┘[0m

  [1m[91m▼  [97mApplication of Integrals[0m  [91m-12.3%[0m
  ─────────────────────────────────────────────────────────────────
    [92m✔[0m [92m[PASS][0m  Loc 1 · Card list badge % readable  [2m-12.3%[0m
    [92m✔[0m [92m[PASS][0m  Card clickable / detail panel opens
    [92m✔[0m [92m[PASS][0m  Loc 2 · IMPROVED/DECLINED chip % readable  [2m-12.3%[0m
    [92m✔[0m [92m[PASS][0m  Loc 3 · Change in chapter average badge  [2m-12.3%[0m
    [92m✔[0m [92m[PASS][0m  Loc 4 · Why-text % (change or accuracy)  [2mchange%=-12.3%[0m
    [91m✘[0m [91m[FAIL][0m  Header accuracy badge readable  [2mNOT FOUND[0m
    [92m✔[0m [92m[PASS][0m  ✦ 4-Way Consistency Loc1==Loc2==Loc3==Loc4  [2mL1=-12.3%  L2=-12.3%  L3=-12.3%  L4=-12.3%[0m
    [92m✔[0m [92m[PASS][0m  'Why this chapter' heading present  [2mWhy this chapter declined[0m
    [92m✔[0m [92m[PASS][0m  Explanation body text present  [2mPerformance declined by 12.3% compared to Midterm. 'Area und…[0m
    [92m✔[0m [92m[PASS][0m  Midterm panel visible
    [92m✔[0m [92m[PASS][0m  Preboard 1 panel visible
    [92m✔[0m [92m[PASS][0m  ACCURACY label present
    [92m✔[0m [92m[PASS][0m  Weakest Concepts section
    [92m✔[0m [92m[PASS][0m  Strongest Concepts section
    [92m✔[0m [92m[PASS][0m  Struggling students label
    [92m✔[0m [92m[PASS][0m  Weak Concepts label
    [92m✔[0m [92m[PASS][0m  IMPROVED/DECLINED chip
    [92m✔[0m [92m[PASS][0m  Change in chapter average
        Midterm: acc=None  str=None (raw='None' el='None')  wk=None (raw='None' el='None')
        Midterm: weakest=[]
        Midterm: strongest=[]
    [92m✔[0m [92m[PASS][0m  [Midterm] Accuracy % readable  [2m43.6%[0m
    [92m✔[0m [92m[PASS][0m  [Midterm] Struggling students count  [2m16 students[0m
    [92m✔[0m [92m[PASS][0m  [Midterm] Weak Concepts count  [2m0 concepts[0m
    [92m✔[0m [92m[PASS][0m  [Midterm] Weakest Concepts list ≥ 1 item  [2m2 items: ['1\nArea under Curves', 'Area under Curves'][0m
    [92m✔[0m [92m[PASS][0m  [Midterm] Strongest Concepts list ≥ 1 item  [2m8 items[0m
      [2mMidterm:[0m  Accuracy=[92m[1m43.6%[0m  Struggling=[93m[1m16[0m  WeakConcepts=[96m0[0m
        Weakest : ['1\nArea under Curves', 'Area under Curves']
        Strongest: ['No Strongest Concepts Available', 'Preboard 1\nOct 11, 2025', 'Preboard 1', 'Oct 11, 2025', '31.3%\nACCURACY 31.3%', 'ACCURACY', 'Struggling students\n25\nWeak Concepts\n1', 'Struggling students\n25']
        Preboard 1: acc=None  str=None (raw='None' el='None')  wk=None (raw='None' el='None')
        Preboard 1: weakest=[]
        Preboard 1: strongest=[]
    [92m✔[0m [92m[PASS][0m  [Preboard 1] Accuracy % readable  [2m31.3%[0m
    [92m✔[0m [92m[PASS][0m  [Preboard 1] Struggling students count  [2m25 students[0m
    [92m✔[0m [92m[PASS][0m  [Preboard 1] Weak Concepts count  [2m1 concepts[0m
    [92m✔[0m [92m[PASS][0m  [Preboard 1] Weakest Concepts list ≥ 1 item  [2m2 items: ['1\nArea under Curves', 'Area under Curves'][0m
    [92m✔[0m [92m[PASS][0m  [Preboard 1] Strongest Concepts list ≥ 1 item  [2m8 items[0m
      [2mPreboard 1:[0m  Accuracy=[92m[1m31.3%[0m  Struggling=[93m[1m25[0m  WeakConcepts=[96m1[0m
        Weakest : ['1\nArea under Curves', 'Area under Curves']
        Strongest: ['No Strongest Concepts Available', '↘ 12.3%\nDECLINED', '↘ 12.3% [DECLINED]', 'Premium Feature', 'Remediation Plan for this chapter', "Make sure you don't have to worry about this chapter again!", 'Create Lesson Plans\nAccess Teaching Materials', 'Create Lesson Plans']
    [92m✔[0m [92m[PASS][0m  Concept pill badges present  [2m['DECLINED'][0m

      [96m┌─ HEADER ACCURACY BADGE ──────────────────────────────────────┐[0m
      [96m│[0m Preboard 1 accuracy : [91m[1mNOT FOUND[0m
      [96m└────────────────────────────────────────────────────────────┘[0m

      [93m┌─ WHY SECTION ─────────────────────────────────────────────┐[0m
      [93m│[0m Heading : Why this chapter declined
      [93m│[0m Text    : Performance declined by 12.3% compared to Midterm. 'Area under Curves'…
      [93m│[0m Change %: [91m[1m-12.3%[0m
      [93m└───────────────────────────────────────────────────────┘[0m

  [1m[91m▼  [97mInverse Trigonometric Functions[0m  [91m-16.5%[0m
  ─────────────────────────────────────────────────────────────────
    [92m✔[0m [92m[PASS][0m  Loc 1 · Card list badge % readable  [2m-16.5%[0m
    [92m✔[0m [92m[PASS][0m  Card clickable / detail panel opens
    [92m✔[0m [92m[PASS][0m  Loc 2 · IMPROVED/DECLINED chip % readable  [2m-16.5%[0m
    [92m✔[0m [92m[PASS][0m  Loc 3 · Change in chapter average badge  [2m-16.5%[0m
    [92m✔[0m [92m[PASS][0m  Loc 4 · Why-text % (change or accuracy)  [2mchange%=-16.5%[0m
    [91m✘[0m [91m[FAIL][0m  Header accuracy badge readable  [2mNOT FOUND[0m
    [92m✔[0m [92m[PASS][0m  ✦ 4-Way Consistency Loc1==Loc2==Loc3==Loc4  [2mL1=-16.5%  L2=-16.5%  L3=-16.5%  L4=-16.5%[0m
    [92m✔[0m [92m[PASS][0m  'Why this chapter' heading present  [2mWhy this chapter declined[0m
    [92m✔[0m [92m[PASS][0m  Explanation body text present  [2mThis chapter dropped 16.5% and needs immediate attention. 'A…[0m
    [92m✔[0m [92m[PASS][0m  Midterm panel visible
    [92m✔[0m [92m[PASS][0m  Preboard 1 panel visible
    [92m✔[0m [92m[PASS][0m  ACCURACY label present
    [92m✔[0m [92m[PASS][0m  Weakest Concepts section
    [92m✔[0m [92m[PASS][0m  Strongest Concepts section
    [92m✔[0m [92m[PASS][0m  Struggling students label
    [92m✔[0m [92m[PASS][0m  Weak Concepts label
    [92m✔[0m [92m[PASS][0m  IMPROVED/DECLINED chip
    [92m✔[0m [92m[PASS][0m  Change in chapter average
        Midterm: acc=None  str=None (raw='None' el='None')  wk=None (raw='None' el='None')
        Midterm: weakest=[]
        Midterm: strongest=[]
    [92m✔[0m [92m[PASS][0m  [Midterm] Accuracy % readable  [2m52.5%[0m
    [92m✔[0m [92m[PASS][0m  [Midterm] Struggling students count  [2m14 students[0m
    [92m✔[0m [92m[PASS][0m  [Midterm] Weak Concepts count  [2m0 concepts[0m
    [92m✔[0m [92m[PASS][0m  [Midterm] Weakest Concepts list ≥ 1 item  [2m2 items: ['1\nPrincipal Values (Domain and Range)', 'Principal Values (Domain and Range)'][0m
    [92m✔[0m [92m[PASS][0m  [Midterm] Strongest Concepts list ≥ 1 item  [2m8 items[0m
      [2mMidterm:[0m  Accuracy=[92m[1m52.5%[0m  Struggling=[93m[1m14[0m  WeakConcepts=[96m0[0m
        Weakest : ['1\nPrincipal Values (Domain and Range)', 'Principal Values (Domain and Range)']
        Strongest: ['Algebra of Inverse Trig Functions\n53%', 'Algebra of Inverse Trig Functions 53%', 'Preboard 1\nOct 11, 2025', 'Preboard 1', 'Oct 11, 2025', '36%\nACCURACY 36%', 'ACCURACY', 'Struggling students\n23\nWeak Concepts\n1']
        Preboard 1: acc=None  str=None (raw='None' el='None')  wk=None (raw='None' el='None')
        Preboard 1: weakest=[]
        Preboard 1: strongest=[]
    [92m✔[0m [92m[PASS][0m  [Preboard 1] Accuracy % readable  [2m36%[0m
    [92m✔[0m [92m[PASS][0m  [Preboard 1] Struggling students count  [2m23 students[0m
    [92m✔[0m [92m[PASS][0m  [Preboard 1] Weak Concepts count  [2m1 concepts[0m
    [92m✔[0m [92m[PASS][0m  [Preboard 1] Weakest Concepts list ≥ 1 item  [2m2 items: ['1\nAlgebra of Inverse Trig Functions', 'Algebra of Inverse Trig Functions'][0m
    [92m✔[0m [92m[PASS][0m  [Preboard 1] Strongest Concepts list ≥ 1 item  [2m8 items[0m
      [2mPreboard 1:[0m  Accuracy=[92m[1m36%[0m  Struggling=[93m[1m23[0m  WeakConcepts=[96m1[0m
        Weakest : ['1\nAlgebra of Inverse Trig Functions', 'Algebra of Inverse Trig Functions']
        Strongest: ['Principal Values (Domain and Range)\n61%\nImproved', 'Principal Values (Domain and Range)', '61%\nImproved 61% [Improved]', '↘ 16.5%\nDECLINED', '↘ 16.5% [DECLINED]', 'Premium Feature', 'Remediation Plan for this chapter', "Make sure you don't have to worry about this chapter again!"]
    [92m✔[0m [92m[PASS][0m  Concept pill badges present  [2m['Improved', 'DECLINED'][0m

      [96m┌─ HEADER ACCURACY BADGE ──────────────────────────────────────┐[0m
      [96m│[0m Preboard 1 accuracy : [91m[1mNOT FOUND[0m
      [96m└────────────────────────────────────────────────────────────┘[0m

      [93m┌─ WHY SECTION ─────────────────────────────────────────────┐[0m
      [93m│[0m Heading : Why this chapter declined
      [93m│[0m Text    : This chapter dropped 16.5% and needs immediate attention. 'Algebra of …
      [93m│[0m Change %: [91m[1m-16.5%[0m
      [93m└───────────────────────────────────────────────────────┘[0m

  [1m[91m▼  [97mMatrices[0m  [91m-29.4%[0m
  ─────────────────────────────────────────────────────────────────
    [92m✔[0m [92m[PASS][0m  Loc 1 · Card list badge % readable  [2m-29.4%[0m
    [92m✔[0m [92m[PASS][0m  Card clickable / detail panel opens
    [92m✔[0m [92m[PASS][0m  Loc 2 · IMPROVED/DECLINED chip % readable  [2m-29.4%[0m
    [92m✔[0m [92m[PASS][0m  Loc 3 · Change in chapter average badge  [2m-29.4%[0m
    [92m✔[0m [92m[PASS][0m  Loc 4 · Why-text % (change or accuracy)  [2mchange%=-29.4%[0m
    [91m✘[0m [91m[FAIL][0m  Header accuracy badge readable  [2mNOT FOUND[0m
    [92m✔[0m [92m[PASS][0m  ✦ 4-Way Consistency Loc1==Loc2==Loc3==Loc4  [2mL1=-29.4%  L2=-29.4%  L3=-29.4%  L4=-29.4%[0m
    [92m✔[0m [92m[PASS][0m  'Why this chapter' heading present  [2mWhy this chapter declined[0m
    [92m✔[0m [92m[PASS][0m  Explanation body text present  [2mThis chapter dropped 29.4% and needs immediate attention. 'T…[0m
    [92m✔[0m [92m[PASS][0m  Midterm panel visible
    [92m✔[0m [92m[PASS][0m  Preboard 1 panel visible
    [92m✔[0m [92m[PASS][0m  ACCURACY label present
    [92m✔[0m [92m[PASS][0m  Weakest Concepts section
    [92m✔[0m [92m[PASS][0m  Strongest Concepts section
    [92m✔[0m [92m[PASS][0m  Struggling students label
    [92m✔[0m [92m[PASS][0m  Weak Concepts label
    [92m✔[0m [92m[PASS][0m  IMPROVED/DECLINED chip
    [92m✔[0m [92m[PASS][0m  Change in chapter average
        Midterm: acc=None  str=None (raw='None' el='None')  wk=None (raw='None' el='None')
        Midterm: weakest=[]
        Midterm: strongest=[]
    [92m✔[0m [92m[PASS][0m  [Midterm] Accuracy % readable  [2m71.3%[0m
    [92m✔[0m [92m[PASS][0m  [Midterm] Struggling students count  [2m4 students[0m
    [92m✔[0m [92m[PASS][0m  [Midterm] Weak Concepts count  [2m0 concepts[0m
    [92m✔[0m [92m[PASS][0m  [Midterm] Weakest Concepts list ≥ 1 item  [2m5 items: ['1\nInverse Matrices\n2\nMatrix Operations', '1\nInverse Matrices', 'Inverse Matrices'][0m
    [92m✔[0m [92m[PASS][0m  [Midterm] Strongest Concepts list ≥ 1 item  [2m8 items[0m
      [2mMidterm:[0m  Accuracy=[92m[1m71.3%[0m  Struggling=[93m[1m4[0m  WeakConcepts=[96m0[0m
        Weakest : ['1\nInverse Matrices\n2\nMatrix Operations', '1\nInverse Matrices', 'Inverse Matrices', '2\nMatrix Operations', 'Matrix Operations']
        Strongest: ['Transpose, Symmetric & Skew-symmetric\n91%', 'Transpose, Symmetric & Skew-symmetric 91%', 'Basics & Types of Matrices\n83%', 'Basics & Types of Matrices 83%', 'Preboard 1\nOct 11, 2025', 'Preboard 1', 'Oct 11, 2025', '41.9%\nACCURACY 41.9%']
        Preboard 1: acc=None  str=None (raw='None' el='None')  wk=None (raw='None' el='None')
        Preboard 1: weakest=[]
        Preboard 1: strongest=[]
    [92m✔[0m [92m[PASS][0m  [Preboard 1] Accuracy % readable  [2m41.9%[0m
    [92m✔[0m [92m[PASS][0m  [Preboard 1] Struggling students count  [2m11 students[0m
    [92m✔[0m [92m[PASS][0m  [Preboard 1] Weak Concepts count  [2m1 concepts[0m
    [92m✔[0m [92m[PASS][0m  [Preboard 1] Weakest Concepts list ≥ 1 item  [2m2 items: ['1\nTranspose, Symmetric & Skew-symmetric', 'Transpose, Symmetric & Skew-symmetric'][0m
    [92m✔[0m [92m[PASS][0m  [Preboard 1] Strongest Concepts list ≥ 1 item  [2m8 items[0m
      [2mPreboard 1:[0m  Accuracy=[92m[1m41.9%[0m  Struggling=[93m[1m11[0m  WeakConcepts=[96m1[0m
        Weakest : ['1\nTranspose, Symmetric & Skew-symmetric', 'Transpose, Symmetric & Skew-symmetric']
        Strongest: ['Matrix Operations\n48%', 'Matrix Operations 48%', '↘ 29.4%\nDECLINED', '↘ 29.4% [DECLINED]', 'Premium Feature', 'Remediation Plan for this chapter', "Make sure you don't have to worry about this chapter again!", 'Create Lesson Plans\nAccess Teaching Materials']
    [92m✔[0m [92m[PASS][0m  Concept pill badges present  [2m['DECLINED'][0m

      [96m┌─ HEADER ACCURACY BADGE ──────────────────────────────────────┐[0m
      [96m│[0m Preboard 1 accuracy : [91m[1mNOT FOUND[0m
      [96m└────────────────────────────────────────────────────────────┘[0m

      [93m┌─ WHY SECTION ─────────────────────────────────────────────┐[0m
      [93m│[0m Heading : Why this chapter declined
      [93m│[0m Text    : This chapter dropped 29.4% and needs immediate attention. 'Transpose, …
      [93m│[0m Change %: [91m[1m-29.4%[0m
      [93m└───────────────────────────────────────────────────────┘[0m

[1m[96m════════════════════════════════════════════════════════════════════════
  PHASE 6  ▶  [97mSEARCH BOX FUNCTIONALITY
════════════════════════════════════════════════════════════════════════[0m
    [92m✔[0m [92m[PASS][0m  Search input element present  [2mSearch chapter...[0m
    [91m✘[0m [91m[FAIL][0m  Search 'Relations' → target visible
    [92m✔[0m [92m[PASS][0m  Search filters non-matching
    [91m✘[0m [91m[FAIL][0m  Search cleared → all restored  [2mmissing 2[0m
    [92m✔[0m [92m[PASS][0m  No-match query → cards hidden

[1m[96m════════════════════════════════════════════════════════════════════════
  PHASE 7  ▶  [97mSTATIC UI LABELS
════════════════════════════════════════════════════════════════════════[0m
    [92m✔[0m [92m[PASS][0m  Sort label 'Chapter Avg'
    [92m✔[0m [92m[PASS][0m  Nav tab 'Overview'
    [92m✔[0m [92m[PASS][0m  Nav tab 'Chapters'
    [92m✔[0m [92m[PASS][0m  Nav tab 'Questions'
    [92m✔[0m [92m[PASS][0m  Nav tab 'Students'
    [92m✔[0m [92m[PASS][0m  'Midterm' header
    [92m✔[0m [92m[PASS][0m  'Preboard 1' header
    [92m✔[0m [92m[PASS][0m  'ACCURACY' label
    [92m✔[0m [92m[PASS][0m  'Struggling students' label
    [92m✔[0m [92m[PASS][0m  'Weak Concepts' label
    [92m✔[0m [92m[PASS][0m  'Weakest Concepts' section
    [92m✔[0m [92m[PASS][0m  'Strongest Concepts' section
    [92m✔[0m [92m[PASS][0m  'Why this chapter' heading
    [92m✔[0m [92m[PASS][0m  IMPROVED/DECLINED chip
    [92m✔[0m [92m[PASS][0m  'Change in chapter average' label
    [92m✔[0m [92m[PASS][0m  Concept pill badges
    [92m✔[0m [92m[PASS][0m  Header accuracy badge

[1m[96m════════════════════════════════════════════════════════════════════════
  PHASE 8  ▶  [97mEXCEL VALIDATION
════════════════════════════════════════════════════════════════════════[0m
    [92m✔[0m [92m[PASS][0m  Excel match 'Relations & Functions'  [2mRelations & Functions[0m
    [92m✔[0m [92m[PASS][0m  Excel match 'Integrals'  [2mIntegrals[0m
    [92m✔[0m [92m[PASS][0m  Excel match 'Linear Programming'  [2mLinear Programming[0m
    [92m✔[0m [92m[PASS][0m  Excel match 'Continuity & Differentiability'  [2mContinuity & Differentiability[0m
    [92m✔[0m [92m[PASS][0m  Excel match 'Application of Derivatives'  [2mApplication of Derivatives[0m
    [92m✔[0m [92m[PASS][0m  Excel match 'Determinants'  [2mDeterminants[0m
    [92m✔[0m [92m[PASS][0m  Excel match 'Application of Integrals'  [2mApplication of Integrals[0m
    [92m✔[0m [92m[PASS][0m  Excel match 'Inverse Trigonometric Functions'  [2mInverse Trigonometric Functions[0m
    [92m✔[0m [92m[PASS][0m  Excel match 'Matrices'  [2mMatrices[0m

  [1mSection [93mO[0m[1m: [92m288✔[0m/[91m13✘[0m (96%)

  [1m[96m┌─ HEADER ACCURACY — Section O ──────────────────────────────┐[0m
    [91m✘[0m   1. Relations & Functions                              [96m[1mNOT FOUND[0m
    [91m✘[0m   2. Integrals                                          [96m[1mNOT FOUND[0m
    [91m✘[0m   3. Linear Programming                                 [96m[1mNOT FOUND[0m
    [91m✘[0m   4. Continuity & Differentiability                     [96m[1mNOT FOUND[0m
    [91m✘[0m   5. Application of Derivatives                         [96m[1mNOT FOUND[0m
    [91m✘[0m   6. Determinants                                       [96m[1mNOT FOUND[0m
    [91m✘[0m   7. Application of Integrals                           [96m[1mNOT FOUND[0m
    [91m✘[0m   8. Inverse Trigonometric Functions                    [96m[1mNOT FOUND[0m
    [91m✘[0m   9. Matrices                                           [96m[1mNOT FOUND[0m
  [96m└────────────────────────────────────────────────────────────┘[0m

[1m[97m▓▓▓▓▓▓▓▓▓▓▓▓▓▓▓▓▓▓▓▓▓▓▓▓▓▓▓▓▓▓▓▓▓▓▓▓▓▓▓▓▓▓▓▓▓▓▓▓▓▓▓▓▓▓▓▓▓▓▓▓▓▓▓▓▓▓▓▓▓▓▓▓
  SECTION  [93mP[0m[1m[97m
▓▓▓▓▓▓▓▓▓▓▓▓▓▓▓▓▓▓▓▓▓▓▓▓▓▓▓▓▓▓▓▓▓▓▓▓▓▓▓▓▓▓▓▓▓▓▓▓▓▓▓▓▓▓▓▓▓▓▓▓▓▓▓▓▓▓▓▓▓▓▓▓[0m


[1m[96m════════════════════════════════════════════════════════════════════════
  PHASE S  ▶  [97mSWITCH → P
════════════════════════════════════════════════════════════════════════[0m
  [92m✔ Section selected: P[0m
    [92m✔[0m [92m[PASS][0m  Section 'P' selected

[1m[96m════════════════════════════════════════════════════════════════════════
  PHASE 3  ▶  [97mNAVIGATION VERIFY
════════════════════════════════════════════════════════════════════════[0m
    [92m✔[0m [92m[PASS][0m  Chapters URL  [2meboard+1&screen=chapters&chapterName=Relations+%26+Functions[0m
    [92m✔[0m [92m[PASS][0m  Tab 'Overview'
    [92m✔[0m [92m[PASS][0m  Tab 'Chapters'
    [92m✔[0m [92m[PASS][0m  Tab 'Questions'
    [92m✔[0m [92m[PASS][0m  Tab 'Students'

[1m[96m════════════════════════════════════════════════════════════════════════
  PHASE 4  ▶  [97mCHAPTER CARD DISCOVERY
════════════════════════════════════════════════════════════════════════[0m
    [92m✔[0m [92m[PASS][0m  Cards discovered  [2m9 found[0m
    [91m✘[0m [91m[FAIL][0m  Sorted High→Low  [2m[10.4, 2.9, 2.4, 1.4, 0.9]…[0m
    [92m✔[0m [92m[PASS][0m  Sort label present

  [1mChapters [P]:[0m
    [2m 1.[0m Determinants                                         [92m▲ +10.4%   [92m✔[0m  [2m[Algebra  10m][0m
    [2m 2.[0m Continuity & Differentiability                       [92m▲ +2.9%   [92m✔[0m  [2m[Calculus  35m][0m
    [2m 3.[0m Integrals                                            [92m▲ +2.4%   [92m✔[0m  [2m[Calculus  35m][0m
    [2m 4.[0m Linear Programming                                   [92m▲ +1.4%   [92m✔[0m  [2m[Linear Programming Problem  5m][0m
    [2m 5.[0m Application of Integrals                             [91m▼ -0.9%   [92m✔[0m  [2m[Calculus  35m][0m
    [2m 6.[0m Application of Derivatives                           [91m▼ -1.9%   [92m✔[0m  [2m[Calculus  35m][0m
    [2m 7.[0m Relations & Functions                                [91m▼ -5.1%   [92m✔[0m  [2m[Relations and Functions  8m][0m
    [2m 8.[0m Matrices                                             [91m▼ -5.7%   [92m✔[0m  [2m[Algebra  10m][0m
    [2m 9.[0m Inverse Trigonometric Functions                      [91m▼ -21.5%   [92m✔[0m  [2m[Relations and Functions  8m][0m

[1m[96m════════════════════════════════════════════════════════════════════════
  PHASE 5  ▶  [97mPER-CHAPTER DETAIL — LOC1/LOC2/LOC3/LOC4 + HEADER ACCURACY
════════════════════════════════════════════════════════════════════════[0m

  [1m[92m▲  [97mDeterminants[0m  [92m+10.4%[0m
  ─────────────────────────────────────────────────────────────────
    [92m✔[0m [92m[PASS][0m  Loc 1 · Card list badge % readable  [2m+10.4%[0m
    [92m✔[0m [92m[PASS][0m  Card clickable / detail panel opens
    [92m✔[0m [92m[PASS][0m  Loc 2 · IMPROVED/DECLINED chip % readable  [2m+10.4%[0m
    [92m✔[0m [92m[PASS][0m  Loc 3 · Change in chapter average badge  [2m+10.4%[0m
    [92m✔[0m [92m[PASS][0m  Loc 4 · Why-text % (change or accuracy)  [2mchange%=+10.4%[0m
    [91m✘[0m [91m[FAIL][0m  Header accuracy badge readable  [2mNOT FOUND[0m
    [92m✔[0m [92m[PASS][0m  ✦ 4-Way Consistency Loc1==Loc2==Loc3==Loc4  [2mL1=+10.4%  L2=+10.4%  L3=+10.4%  L4=+10.4%[0m
    [92m✔[0m [92m[PASS][0m  'Why this chapter' heading present  [2mWhy this chapter improved[0m
    [92m✔[0m [92m[PASS][0m  Explanation body text present  [2mGood improvement of 10.4% in this chapter. Students have str…[0m
    [92m✔[0m [92m[PASS][0m  Midterm panel visible
    [92m✔[0m [92m[PASS][0m  Preboard 1 panel visible
    [92m✔[0m [92m[PASS][0m  ACCURACY label present
    [92m✔[0m [92m[PASS][0m  Weakest Concepts section
    [92m✔[0m [92m[PASS][0m  Strongest Concepts section
    [92m✔[0m [92m[PASS][0m  Struggling students label
    [92m✔[0m [92m[PASS][0m  Weak Concepts label
    [92m✔[0m [92m[PASS][0m  IMPROVED/DECLINED chip
    [92m✔[0m [92m[PASS][0m  Change in chapter average
        Midterm: acc=None  str=None (raw='None' el='None')  wk=None (raw='None' el='None')
        Midterm: weakest=[]
        Midterm: strongest=[]
    [92m✔[0m [92m[PASS][0m  [Midterm] Accuracy % readable  [2m45.9%[0m
    [92m✔[0m [92m[PASS][0m  [Midterm] Struggling students count  [2m19 students[0m
    [92m✔[0m [92m[PASS][0m  [Midterm] Weak Concepts count  [2m2 concepts[0m
    [92m✔[0m [92m[PASS][0m  [Midterm] Weakest Concepts list ≥ 1 item  [2m5 items: ['1\nAdjoint & Inverse\n2\nDeterminant of a Matrix', '1\nAdjoint & Inverse', 'Adjoint & Inverse'][0m
    [92m✔[0m [92m[PASS][0m  [Midterm] Strongest Concepts list ≥ 1 item  [2m8 items[0m
      [2mMidterm:[0m  Accuracy=[92m[1m45.9%[0m  Struggling=[93m[1m19[0m  WeakConcepts=[96m2[0m
        Weakest : ['1\nAdjoint & Inverse\n2\nDeterminant of a Matrix', '1\nAdjoint & Inverse', 'Adjoint & Inverse', '2\nDeterminant of a Matrix', 'Determinant of a Matrix']
        Strongest: ['Preboard 1\nOct 11, 2025', 'Preboard 1', 'Oct 11, 2025', '56.3%\nACCURACY 56.3%', 'ACCURACY', 'Struggling students\n13\nWeak Concepts\n1', 'Struggling students\n13', 'Struggling students']
        Preboard 1: acc=None  str=None (raw='None' el='None')  wk=None (raw='None' el='None')
        Preboard 1: weakest=[]
        Preboard 1: strongest=[]
    [92m✔[0m [92m[PASS][0m  [Preboard 1] Accuracy % readable  [2m56.3%[0m
    [92m✔[0m [92m[PASS][0m  [Preboard 1] Struggling students count  [2m13 students[0m
    [92m✔[0m [92m[PASS][0m  [Preboard 1] Weak Concepts count  [2m1 concepts[0m
    [92m✔[0m [92m[PASS][0m  [Preboard 1] Weakest Concepts list ≥ 1 item  [2m6 items: ['1\nDeterminant of a Matrix\nImproved\n2\nAdjoint & Inverse\nImproved', '1\nDeterminant of a Matrix\nImproved', '1\nDeterminant of a Matrix'][0m
    [92m✔[0m [92m[PASS][0m  [Preboard 1] Strongest Concepts list ≥ 1 item  [2m8 items[0m
      [2mPreboard 1:[0m  Accuracy=[92m[1m56.3%[0m  Struggling=[93m[1m13[0m  WeakConcepts=[96m1[0m
        Weakest : ['1\nDeterminant of a Matrix\nImproved\n2\nAdjoint & Inverse\nImproved', '1\nDeterminant of a Matrix\nImproved', '1\nDeterminant of a Matrix', 'Determinant of a Matrix', 'Improved', '2\nAdjoint & Inverse\nImproved']
        Strongest: ['Properties of Determinants\n71%\nNew', 'Properties of Determinants', '71%\nNew 71% [New]', '64%\nImproved 64% [Improved]', '↗ 10.4%\nIMPROVED', '↗ 10.4% [IMPROVED]', 'Premium Feature', 'Remediation Plan for this chapter']
    [92m✔[0m [92m[PASS][0m  Concept pill badges present  [2m['Improved', 'New', 'IMPROVED'][0m

      [96m┌─ HEADER ACCURACY BADGE ──────────────────────────────────────┐[0m
      [96m│[0m Preboard 1 accuracy : [91m[1mNOT FOUND[0m
      [96m└────────────────────────────────────────────────────────────┘[0m

      [93m┌─ WHY SECTION ─────────────────────────────────────────────┐[0m
      [93m│[0m Heading : Why this chapter improved
      [93m│[0m Text    : Good improvement of 10.4% in this chapter. Students have strengthened …
      [93m│[0m Change %: [92m[1m+10.4%[0m
      [93m└───────────────────────────────────────────────────────┘[0m

  [1m[92m▲  [97mContinuity & Differentiability[0m  [92m+2.9%[0m
  ─────────────────────────────────────────────────────────────────
    [92m✔[0m [92m[PASS][0m  Loc 1 · Card list badge % readable  [2m+2.9%[0m
    [92m✔[0m [92m[PASS][0m  Card clickable / detail panel opens
    [92m✔[0m [92m[PASS][0m  Loc 2 · IMPROVED/DECLINED chip % readable  [2m+2.9%[0m
    [92m✔[0m [92m[PASS][0m  Loc 3 · Change in chapter average badge  [2m+2.9%[0m
    [92m✔[0m [92m[PASS][0m  Loc 4 · Why-text % (change or accuracy)  [2mchange%=+2.9%[0m
    [91m✘[0m [91m[FAIL][0m  Header accuracy badge readable  [2mNOT FOUND[0m
    [92m✔[0m [92m[PASS][0m  ✦ 4-Way Consistency Loc1==Loc2==Loc3==Loc4  [2mL1=+2.9%  L2=+2.9%  L3=+2.9%  L4=+2.9%[0m
    [92m✔[0m [92m[PASS][0m  'Why this chapter' heading present  [2mWhy this chapter improved[0m
    [92m✔[0m [92m[PASS][0m  Explanation body text present  [2mSlight improvement of 2.9% as students are making progress. …[0m
    [92m✔[0m [92m[PASS][0m  Midterm panel visible
    [92m✔[0m [92m[PASS][0m  Preboard 1 panel visible
    [92m✔[0m [92m[PASS][0m  ACCURACY label present
    [92m✔[0m [92m[PASS][0m  Weakest Concepts section
    [92m✔[0m [92m[PASS][0m  Strongest Concepts section
    [92m✔[0m [92m[PASS][0m  Struggling students label
    [92m✔[0m [92m[PASS][0m  Weak Concepts label
    [92m✔[0m [92m[PASS][0m  IMPROVED/DECLINED chip
    [92m✔[0m [92m[PASS][0m  Change in chapter average
        Midterm: acc=None  str=None (raw='None' el='None')  wk=None (raw='None' el='None')
        Midterm: weakest=[]
        Midterm: strongest=[]
    [92m✔[0m [92m[PASS][0m  [Midterm] Accuracy % readable  [2m35.2%[0m
    [92m✔[0m [92m[PASS][0m  [Midterm] Struggling students count  [2m24 students[0m
    [92m✔[0m [92m[PASS][0m  [Midterm] Weak Concepts count  [2m2 concepts[0m
    [92m✔[0m [92m[PASS][0m  [Midterm] Weakest Concepts list ≥ 1 item  [2m6 items: ['1\nSecond Order Derivative\n2\nContinuity\n3\nRules of Differentiations', '1\nSecond Order Derivative', 'Second Order Derivative'][0m
    [92m✔[0m [92m[PASS][0m  [Midterm] Strongest Concepts list ≥ 1 item  [2m8 items[0m
      [2mMidterm:[0m  Accuracy=[92m[1m35.2%[0m  Struggling=[93m[1m24[0m  WeakConcepts=[96m2[0m
        Weakest : ['1\nSecond Order Derivative\n2\nContinuity\n3\nRules of Differentiations', '1\nSecond Order Derivative', 'Second Order Derivative', '2\nContinuity', 'Continuity', '3\nRules of Differentiations']
        Strongest: ['Parametric & Implicit Differentiation\n77%', 'Parametric & Implicit Differentiation 68%', 'Exponential & Logarithmic Functions/Logarithmic Properties\n72%', 'Exponential & Logarithmic Functions/Logarithmic Properties 72%', 'Preboard 1\nOct 11, 2025', 'Preboard 1', 'Oct 11, 2025', '38.1%\nACCURACY 38.1%']
        Preboard 1: acc=None  str=None (raw='None' el='None')  wk=None (raw='None' el='None')
        Preboard 1: weakest=[]
        Preboard 1: strongest=[]
    [92m✔[0m [92m[PASS][0m  [Preboard 1] Accuracy % readable  [2m38.1%[0m
    [92m✔[0m [92m[PASS][0m  [Preboard 1] Struggling students count  [2m19 students[0m
    [92m✔[0m [92m[PASS][0m  [Preboard 1] Weak Concepts count  [2m2 concepts[0m
    [92m✔[0m [92m[PASS][0m  [Preboard 1] Weakest Concepts list ≥ 1 item  [2m6 items: ['1\nDerivatives of Inverse Trig Functions\nNew', '1\nDerivatives of Inverse Trig Functions', 'Derivatives of Inverse Trig Functions'][0m
    [92m✔[0m [92m[PASS][0m  [Preboard 1] Strongest Concepts list ≥ 1 item  [2m8 items[0m
      [2mPreboard 1:[0m  Accuracy=[92m[1m38.1%[0m  Struggling=[93m[1m19[0m  WeakConcepts=[96m2[0m
        Weakest : ['1\nDerivatives of Inverse Trig Functions\nNew', '1\nDerivatives of Inverse Trig Functions', 'Derivatives of Inverse Trig Functions', '2\nExponential & Logarithmic Functions/Logarithmic Properties', 'Exponential & Logarithmic Functions/Logarithmic Properties', '3\nContinuity\nImproved']
        Strongest: ['Parametric & Implicit Differentiation\n68%', 'Parametric & Implicit Differentiation 68%', 'Second Order Derivative\n62%\nImproved', 'Second Order Derivative', '62%\nImproved 62% [Improved]', '↗ 2.9%\nIMPROVED', '↗ 2.9% [IMPROVED]', 'Premium Feature']
    [92m✔[0m [92m[PASS][0m  Concept pill badges present  [2m['Improved', 'New', 'IMPROVED'][0m

      [96m┌─ HEADER ACCURACY BADGE ──────────────────────────────────────┐[0m
      [96m│[0m Preboard 1 accuracy : [91m[1mNOT FOUND[0m
      [96m└────────────────────────────────────────────────────────────┘[0m

      [93m┌─ WHY SECTION ─────────────────────────────────────────────┐[0m
      [93m│[0m Heading : Why this chapter improved
      [93m│[0m Text    : Slight improvement of 2.9% as students are making progress. Students h…
      [93m│[0m Change %: [92m[1m+2.9%[0m
      [93m└───────────────────────────────────────────────────────┘[0m

  [1m[92m▲  [97mIntegrals[0m  [92m+2.4%[0m
  ─────────────────────────────────────────────────────────────────
    [92m✔[0m [92m[PASS][0m  Loc 1 · Card list badge % readable  [2m+2.4%[0m
    [92m✔[0m [92m[PASS][0m  Card clickable / detail panel opens
    [92m✔[0m [92m[PASS][0m  Loc 2 · IMPROVED/DECLINED chip % readable  [2m+2.4%[0m
    [92m✔[0m [92m[PASS][0m  Loc 3 · Change in chapter average badge  [2m+2.4%[0m
    [92m✔[0m [92m[PASS][0m  Loc 4 · Why-text % (change or accuracy)  [2mchange%=+2.4%[0m
    [91m✘[0m [91m[FAIL][0m  Header accuracy badge readable  [2mNOT FOUND[0m
    [92m✔[0m [92m[PASS][0m  ✦ 4-Way Consistency Loc1==Loc2==Loc3==Loc4  [2mL1=+2.4%  L2=+2.4%  L3=+2.4%  L4=+2.4%[0m
    [92m✔[0m [92m[PASS][0m  'Why this chapter' heading present  [2mWhy this chapter improved[0m
    [92m✔[0m [92m[PASS][0m  Explanation body text present  [2mSlight improvement of 2.4% as students are making progress. …[0m
    [92m✔[0m [92m[PASS][0m  Midterm panel visible
    [92m✔[0m [92m[PASS][0m  Preboard 1 panel visible
    [92m✔[0m [92m[PASS][0m  ACCURACY label present
    [92m✔[0m [92m[PASS][0m  Weakest Concepts section
    [92m✔[0m [92m[PASS][0m  Strongest Concepts section
    [92m✔[0m [92m[PASS][0m  Struggling students label
    [92m✔[0m [92m[PASS][0m  Weak Concepts label
    [92m✔[0m [92m[PASS][0m  IMPROVED/DECLINED chip
    [92m✔[0m [92m[PASS][0m  Change in chapter average
        Midterm: acc=None  str=None (raw='None' el='None')  wk=None (raw='None' el='None')
        Midterm: weakest=[]
        Midterm: strongest=[]
    [92m✔[0m [92m[PASS][0m  [Midterm] Accuracy % readable  [2m24.7%[0m
    [92m✔[0m [92m[PASS][0m  [Midterm] Struggling students count  [2m25 students[0m
    [92m✔[0m [92m[PASS][0m  [Midterm] Weak Concepts count  [2m5 concepts[0m
    [92m✔[0m [92m[PASS][0m  [Midterm] Weakest Concepts list ≥ 1 item  [2m6 items: ['1\nIntegration by Parts', 'Integration by Parts', '2\nIntegration by Substitution'][0m
    [92m✔[0m [92m[PASS][0m  [Midterm] Strongest Concepts list ≥ 1 item  [2m8 items[0m
      [2mMidterm:[0m  Accuracy=[92m[1m24.7%[0m  Struggling=[93m[1m25[0m  WeakConcepts=[96m5[0m
        Weakest : ['1\nIntegration by Parts', 'Integration by Parts', '2\nIntegration by Substitution', 'Integration by Substitution', '3\nDefinite Integrals', 'Definite Integrals']
        Strongest: ['Properties of Definite Integrals\n50%', 'Properties of Definite Integrals 50%', 'Rules of integrals\n36%', 'Rules of integrals 36%', 'Partial Fractions\n29%', 'Partial Fractions 29%', 'Preboard 1\nOct 11, 2025', 'Preboard 1']
        Preboard 1: acc=None  str=None (raw='None' el='None')  wk=None (raw='None' el='None')
        Preboard 1: weakest=[]
        Preboard 1: strongest=[]
    [92m✔[0m [92m[PASS][0m  [Preboard 1] Accuracy % readable  [2m27.1%[0m
    [92m✔[0m [92m[PASS][0m  [Preboard 1] Struggling students count  [2m21 students[0m
    [92m✔[0m [92m[PASS][0m  [Preboard 1] Weak Concepts count  [2m3 concepts[0m
    [92m✔[0m [92m[PASS][0m  [Preboard 1] Weakest Concepts list ≥ 1 item  [2m5 items: ['1\nIntegration by Substitution\n2\nRules of integrals', '1\nIntegration by Substitution', 'Integration by Substitution'][0m
    [92m✔[0m [92m[PASS][0m  [Preboard 1] Strongest Concepts list ≥ 1 item  [2m8 items[0m
      [2mPreboard 1:[0m  Accuracy=[92m[1m27.1%[0m  Struggling=[93m[1m21[0m  WeakConcepts=[96m3[0m
        Weakest : ['1\nIntegration by Substitution\n2\nRules of integrals', '1\nIntegration by Substitution', 'Integration by Substitution', '2\nRules of integrals', 'Rules of integrals']
        Strongest: ['Indefinite Integrals (Anti derivatives)\n46%\nNew', 'Indefinite Integrals (Anti derivatives)', '46%\nNew 46% [New]', 'Partial Fractions\n30%\nImproved', 'Partial Fractions', '30%\nImproved 30% [Improved]', '↗ 2.4%\nIMPROVED', '↗ 2.4% [IMPROVED]']
    [92m✔[0m [92m[PASS][0m  Concept pill badges present  [2m['Improved', 'New', 'IMPROVED'][0m

      [96m┌─ HEADER ACCURACY BADGE ──────────────────────────────────────┐[0m
      [96m│[0m Preboard 1 accuracy : [91m[1mNOT FOUND[0m
      [96m└────────────────────────────────────────────────────────────┘[0m

      [93m┌─ WHY SECTION ─────────────────────────────────────────────┐[0m
      [93m│[0m Heading : Why this chapter improved
      [93m│[0m Text    : Slight improvement of 2.4% as students are making progress. Students h…
      [93m│[0m Change %: [92m[1m+2.4%[0m
      [93m└───────────────────────────────────────────────────────┘[0m

  [1m[92m▲  [97mLinear Programming[0m  [92m+1.4%[0m
  ─────────────────────────────────────────────────────────────────
    [92m✔[0m [92m[PASS][0m  Loc 1 · Card list badge % readable  [2m+1.4%[0m
    [92m✔[0m [92m[PASS][0m  Card clickable / detail panel opens
    [92m✔[0m [92m[PASS][0m  Loc 2 · IMPROVED/DECLINED chip % readable  [2m+1.4%[0m
    [92m✔[0m [92m[PASS][0m  Loc 3 · Change in chapter average badge  [2m+1.4%[0m
    [92m✔[0m [92m[PASS][0m  Loc 4 · Why-text % (change or accuracy)  [2maccuracy%=48.2% (stable)[0m
    [91m✘[0m [91m[FAIL][0m  Header accuracy badge readable  [2mNOT FOUND[0m
    [91m✘[0m [91m[FAIL][0m  ✦ 4-Way Consistency Loc1==Loc2==Loc3==Loc4  [2mL1=+1.4%  L2=+1.4%  L3=+1.4%  L4=None[0m
    [92m✔[0m [92m[PASS][0m  'Why this chapter' heading present  [2mWhy this chapter improved[0m
    [92m✔[0m [92m[PASS][0m  Explanation body text present  [2mPerformance remained stable at around 48.2% accuracy. Howeve…[0m
    [92m✔[0m [92m[PASS][0m  Midterm panel visible
    [92m✔[0m [92m[PASS][0m  Preboard 1 panel visible
    [92m✔[0m [92m[PASS][0m  ACCURACY label present
    [92m✔[0m [92m[PASS][0m  Weakest Concepts section
    [92m✔[0m [92m[PASS][0m  Strongest Concepts section
    [92m✔[0m [92m[PASS][0m  Struggling students label
    [92m✔[0m [92m[PASS][0m  Weak Concepts label
    [92m✔[0m [92m[PASS][0m  IMPROVED/DECLINED chip
    [92m✔[0m [92m[PASS][0m  Change in chapter average
        Midterm: acc=None  str=None (raw='None' el='None')  wk=None (raw='None' el='None')
        Midterm: weakest=[]
        Midterm: strongest=[]
    [92m✔[0m [92m[PASS][0m  [Midterm] Accuracy % readable  [2m46.8%[0m
    [92m✔[0m [92m[PASS][0m  [Midterm] Struggling students count  [2m13 students[0m
    [92m✔[0m [92m[PASS][0m  [Midterm] Weak Concepts count  [2m0 concepts[0m
    [92m✔[0m [92m[PASS][0m  [Midterm] Weakest Concepts list ≥ 1 item  [2m2 items: ['1\nFeasible Region', 'Feasible Region'][0m
    [92m✔[0m [92m[PASS][0m  [Midterm] Strongest Concepts list ≥ 1 item  [2m8 items[0m
      [2mMidterm:[0m  Accuracy=[92m[1m46.8%[0m  Struggling=[93m[1m13[0m  WeakConcepts=[96m0[0m
        Weakest : ['1\nFeasible Region', 'Feasible Region']
        Strongest: ['Graphical method of solution for problems in two variables\n50%', 'Graphical method of solution for problems in two variables 50%', 'Preboard 1\nOct 11, 2025', 'Preboard 1', 'Oct 11, 2025', '48.2%\nACCURACY 48.2%', 'ACCURACY', 'Struggling students\n16\nWeak Concepts\n0']
        Preboard 1: acc=None  str=None (raw='None' el='None')  wk=None (raw='None' el='None')
        Preboard 1: weakest=[]
        Preboard 1: strongest=[]
    [92m✔[0m [92m[PASS][0m  [Preboard 1] Accuracy % readable  [2m48.2%[0m
    [92m✔[0m [92m[PASS][0m  [Preboard 1] Struggling students count  [2m16 students[0m
    [92m✔[0m [92m[PASS][0m  [Preboard 1] Weak Concepts count  [2m0 concepts[0m
    [92m✔[0m [92m[PASS][0m  [Preboard 1] Weakest Concepts list ≥ 1 item  [2m2 items: ['1\nGraphical method of solution for problems in two variables', 'Graphical method of solution for problems in two variables'][0m
    [92m✔[0m [92m[PASS][0m  [Preboard 1] Strongest Concepts list ≥ 1 item  [2m8 items[0m
      [2mPreboard 1:[0m  Accuracy=[92m[1m48.2%[0m  Struggling=[93m[1m16[0m  WeakConcepts=[96m0[0m
        Weakest : ['1\nGraphical method of solution for problems in two variables', 'Graphical method of solution for problems in two variables']
        Strongest: ['Objective Function\n75%\nNew', 'Objective Function', '75%\nNew 75% [New]', '↗ 1.4%\nIMPROVED', '↗ 1.4% [IMPROVED]', 'Premium Feature', 'Remediation Plan for this chapter', "Make sure you don't have to worry about this chapter again!"]
    [92m✔[0m [92m[PASS][0m  Concept pill badges present  [2m['New', 'IMPROVED'][0m

      [96m┌─ HEADER ACCURACY BADGE ──────────────────────────────────────┐[0m
      [96m│[0m Preboard 1 accuracy : [91m[1mNOT FOUND[0m
      [96m└────────────────────────────────────────────────────────────┘[0m

      [93m┌─ WHY SECTION ─────────────────────────────────────────────┐[0m
      [93m│[0m Heading : Why this chapter improved
      [93m│[0m Text    : Performance remained stable at around 48.2% accuracy. However, 'Graphi…
      [93m│[0m Change %: [93m[1m— (only accuracy % in text)[0m
      [93m└───────────────────────────────────────────────────────┘[0m

  [1m[91m▼  [97mApplication of Integrals[0m  [91m-0.9%[0m
  ─────────────────────────────────────────────────────────────────
    [92m✔[0m [92m[PASS][0m  Loc 1 · Card list badge % readable  [2m-0.9%[0m
    [92m✔[0m [92m[PASS][0m  Card clickable / detail panel opens
    [92m✔[0m [92m[PASS][0m  Loc 2 · IMPROVED/DECLINED chip % readable  [2m-0.9%[0m
    [92m✔[0m [92m[PASS][0m  Loc 3 · Change in chapter average badge  [2m-0.9%[0m
    [92m✔[0m [92m[PASS][0m  Loc 4 · Why-text % (change or accuracy)  [2maccuracy%=37.3% (stable)[0m
    [91m✘[0m [91m[FAIL][0m  Header accuracy badge readable  [2mNOT FOUND[0m
    [91m✘[0m [91m[FAIL][0m  ✦ 4-Way Consistency Loc1==Loc2==Loc3==Loc4  [2mL1=-0.9%  L2=-0.9%  L3=-0.9%  L4=None[0m
    [92m✔[0m [92m[PASS][0m  'Why this chapter' heading present  [2mWhy this chapter declined[0m
    [92m✔[0m [92m[PASS][0m  Explanation body text present  [2mPerformance remained stable at around 37.3% accuracy. Howeve…[0m
    [92m✔[0m [92m[PASS][0m  Midterm panel visible
    [92m✔[0m [92m[PASS][0m  Preboard 1 panel visible
    [92m✔[0m [92m[PASS][0m  ACCURACY label present
    [92m✔[0m [92m[PASS][0m  Weakest Concepts section
    [92m✔[0m [92m[PASS][0m  Strongest Concepts section
    [92m✔[0m [92m[PASS][0m  Struggling students label
    [92m✔[0m [92m[PASS][0m  Weak Concepts label
    [92m✔[0m [92m[PASS][0m  IMPROVED/DECLINED chip
    [92m✔[0m [92m[PASS][0m  Change in chapter average
        Midterm: acc=None  str=None (raw='None' el='None')  wk=None (raw='None' el='None')
        Midterm: weakest=[]
        Midterm: strongest=[]
    [92m✔[0m [92m[PASS][0m  [Midterm] Accuracy % readable  [2m38.2%[0m
    [92m✔[0m [92m[PASS][0m  [Midterm] Struggling students count  [2m20 students[0m
    [92m✔[0m [92m[PASS][0m  [Midterm] Weak Concepts count  [2m1 concepts[0m
    [92m✔[0m [92m[PASS][0m  [Midterm] Weakest Concepts list ≥ 1 item  [2m2 items: ['1\nArea under Curves', 'Area under Curves'][0m
    [92m✔[0m [92m[PASS][0m  [Midterm] Strongest Concepts list ≥ 1 item  [2m8 items[0m
      [2mMidterm:[0m  Accuracy=[92m[1m38.2%[0m  Struggling=[93m[1m20[0m  WeakConcepts=[96m1[0m
        Weakest : ['1\nArea under Curves', 'Area under Curves']
        Strongest: ['No Strongest Concepts Available', 'Preboard 1\nOct 11, 2025', 'Preboard 1', 'Oct 11, 2025', '37.3%\nACCURACY 37.3%', 'ACCURACY', 'Struggling students\n18\nWeak Concepts\n1', 'Struggling students\n18']
        Preboard 1: acc=None  str=None (raw='None' el='None')  wk=None (raw='None' el='None')
        Preboard 1: weakest=[]
        Preboard 1: strongest=[]
    [92m✔[0m [92m[PASS][0m  [Preboard 1] Accuracy % readable  [2m37.3%[0m
    [92m✔[0m [92m[PASS][0m  [Preboard 1] Struggling students count  [2m18 students[0m
    [92m✔[0m [92m[PASS][0m  [Preboard 1] Weak Concepts count  [2m1 concepts[0m
    [92m✔[0m [92m[PASS][0m  [Preboard 1] Weakest Concepts list ≥ 1 item  [2m2 items: ['1\nArea under Curves', 'Area under Curves'][0m
    [92m✔[0m [92m[PASS][0m  [Preboard 1] Strongest Concepts list ≥ 1 item  [2m8 items[0m
      [2mPreboard 1:[0m  Accuracy=[92m[1m37.3%[0m  Struggling=[93m[1m18[0m  WeakConcepts=[96m1[0m
        Weakest : ['1\nArea under Curves', 'Area under Curves']
        Strongest: ['No Strongest Concepts Available', '↘ 0.9%\nDECLINED', '↘ 0.9% [DECLINED]', 'Premium Feature', 'Remediation Plan for this chapter', "Make sure you don't have to worry about this chapter again!", 'Create Lesson Plans\nAccess Teaching Materials', 'Create Lesson Plans']
    [92m✔[0m [92m[PASS][0m  Concept pill badges present  [2m['DECLINED'][0m

      [96m┌─ HEADER ACCURACY BADGE ──────────────────────────────────────┐[0m
      [96m│[0m Preboard 1 accuracy : [91m[1mNOT FOUND[0m
      [96m└────────────────────────────────────────────────────────────┘[0m

      [93m┌─ WHY SECTION ─────────────────────────────────────────────┐[0m
      [93m│[0m Heading : Why this chapter declined
      [93m│[0m Text    : Performance remained stable at around 37.3% accuracy. However, 'Area u…
      [93m│[0m Change %: [93m[1m— (only accuracy % in text)[0m
      [93m└───────────────────────────────────────────────────────┘[0m

  [1m[91m▼  [97mApplication of Derivatives[0m  [91m-1.9%[0m
  ─────────────────────────────────────────────────────────────────
    [92m✔[0m [92m[PASS][0m  Loc 1 · Card list badge % readable  [2m-1.9%[0m
    [92m✔[0m [92m[PASS][0m  Card clickable / detail panel opens
    [92m✔[0m [92m[PASS][0m  Loc 2 · IMPROVED/DECLINED chip % readable  [2m-1.9%[0m
    [92m✔[0m [92m[PASS][0m  Loc 3 · Change in chapter average badge  [2m-1.9%[0m
    [92m✔[0m [92m[PASS][0m  Loc 4 · Why-text % (change or accuracy)  [2maccuracy%=19.2% (stable)[0m
    [91m✘[0m [91m[FAIL][0m  Header accuracy badge readable  [2mNOT FOUND[0m
    [91m✘[0m [91m[FAIL][0m  ✦ 4-Way Consistency Loc1==Loc2==Loc3==Loc4  [2mL1=-1.9%  L2=-1.9%  L3=-1.9%  L4=None[0m
    [92m✔[0m [92m[PASS][0m  'Why this chapter' heading present  [2mWhy this chapter declined[0m
    [92m✔[0m [92m[PASS][0m  Explanation body text present  [2mPerformance remained stable at around 19.2% accuracy. Howeve…[0m
    [92m✔[0m [92m[PASS][0m  Midterm panel visible
    [92m✔[0m [92m[PASS][0m  Preboard 1 panel visible
    [92m✔[0m [92m[PASS][0m  ACCURACY label present
    [92m✔[0m [92m[PASS][0m  Weakest Concepts section
    [92m✔[0m [92m[PASS][0m  Strongest Concepts section
    [92m✔[0m [92m[PASS][0m  Struggling students label
    [92m✔[0m [92m[PASS][0m  Weak Concepts label
    [92m✔[0m [92m[PASS][0m  IMPROVED/DECLINED chip
    [92m✔[0m [92m[PASS][0m  Change in chapter average
        Midterm: acc=None  str=None (raw='None' el='None')  wk=None (raw='None' el='None')
        Midterm: weakest=[]
        Midterm: strongest=[]
    [92m✔[0m [92m[PASS][0m  [Midterm] Accuracy % readable  [2m21.1%[0m
    [92m✔[0m [92m[PASS][0m  [Midterm] Struggling students count  [2m28 students[0m
    [92m✔[0m [92m[PASS][0m  [Midterm] Weak Concepts count  [2m3 concepts[0m
    [92m✔[0m [92m[PASS][0m  [Midterm] Weakest Concepts list ≥ 1 item  [2m5 items: ['1\nMaxima & Minima real life Applications\n2\nRate of Change', '1\nMaxima & Minima real life Applications', 'Maxima & Minima real life Applications'][0m
    [92m✔[0m [92m[PASS][0m  [Midterm] Strongest Concepts list ≥ 1 item  [2m8 items[0m
      [2mMidterm:[0m  Accuracy=[92m[1m21.1%[0m  Struggling=[93m[1m28[0m  WeakConcepts=[96m3[0m
        Weakest : ['1\nMaxima & Minima real life Applications\n2\nRate of Change', '1\nMaxima & Minima real life Applications', 'Maxima & Minima real life Applications', '2\nRate of Change', 'Rate of Change']
        Strongest: ['Increasing & Decreasing Functions\n33%', 'Increasing & Decreasing Functions 33%', 'Preboard 1\nOct 11, 2025', 'Preboard 1', 'Oct 11, 2025', '19.2%\nACCURACY 19.2%', 'ACCURACY', 'Struggling students\n24\nWeak Concepts\n3']
        Preboard 1: acc=None  str=None (raw='None' el='None')  wk=None (raw='None' el='None')
        Preboard 1: weakest=[]
        Preboard 1: strongest=[]
    [92m✔[0m [92m[PASS][0m  [Preboard 1] Accuracy % readable  [2m19.2%[0m
    [92m✔[0m [92m[PASS][0m  [Preboard 1] Struggling students count  [2m24 students[0m
    [92m✔[0m [92m[PASS][0m  [Preboard 1] Weak Concepts count  [2m3 concepts[0m
    [92m✔[0m [92m[PASS][0m  [Preboard 1] Weakest Concepts list ≥ 1 item  [2m6 items: ['1\nMaxima & Minima real life Applications\n2\nRate of Change\nImproved', '1\nMaxima & Minima real life Applications', 'Maxima & Minima real life Applications'][0m
    [92m✔[0m [92m[PASS][0m  [Preboard 1] Strongest Concepts list ≥ 1 item  [2m8 items[0m
      [2mPreboard 1:[0m  Accuracy=[92m[1m19.2%[0m  Struggling=[93m[1m24[0m  WeakConcepts=[96m3[0m
        Weakest : ['1\nMaxima & Minima real life Applications\n2\nRate of Change\nImproved', '1\nMaxima & Minima real life Applications', 'Maxima & Minima real life Applications', '2\nRate of Change\nImproved', '2\nRate of Change', 'Rate of Change']
        Strongest: ['Maxima & Minima\n32%\nNew', 'Maxima & Minima', '32%\nNew 32% [New]', '↘ 1.9%\nDECLINED', '↘ 1.9% [DECLINED]', 'Premium Feature', 'Remediation Plan for this chapter', "Make sure you don't have to worry about this chapter again!"]
    [92m✔[0m [92m[PASS][0m  Concept pill badges present  [2m['Improved', 'New', 'DECLINED'][0m

      [96m┌─ HEADER ACCURACY BADGE ──────────────────────────────────────┐[0m
      [96m│[0m Preboard 1 accuracy : [91m[1mNOT FOUND[0m
      [96m└────────────────────────────────────────────────────────────┘[0m

      [93m┌─ WHY SECTION ─────────────────────────────────────────────┐[0m
      [93m│[0m Heading : Why this chapter declined
      [93m│[0m Text    : Performance remained stable at around 19.2% accuracy. However, 'Maxima…
      [93m│[0m Change %: [93m[1m— (only accuracy % in text)[0m
      [93m└───────────────────────────────────────────────────────┘[0m

  [1m[91m▼  [97mRelations & Functions[0m  [91m-5.1%[0m
  ─────────────────────────────────────────────────────────────────
    [92m✔[0m [92m[PASS][0m  Loc 1 · Card list badge % readable  [2m-5.1%[0m
    [92m✔[0m [92m[PASS][0m  Card clickable / detail panel opens
    [92m✔[0m [92m[PASS][0m  Loc 2 · IMPROVED/DECLINED chip % readable  [2m-5.1%[0m
    [92m✔[0m [92m[PASS][0m  Loc 3 · Change in chapter average badge  [2m-5.1%[0m
    [92m✔[0m [92m[PASS][0m  Loc 4 · Why-text % (change or accuracy)  [2mchange%=-5.1%[0m
    [91m✘[0m [91m[FAIL][0m  Header accuracy badge readable  [2mNOT FOUND[0m
    [92m✔[0m [92m[PASS][0m  ✦ 4-Way Consistency Loc1==Loc2==Loc3==Loc4  [2mL1=-5.1%  L2=-5.1%  L3=-5.1%  L4=-5.1%[0m
    [92m✔[0m [92m[PASS][0m  'Why this chapter' heading present  [2mWhy this chapter declined[0m
    [92m✔[0m [92m[PASS][0m  Explanation body text present  [2mThere was a slight decline of 5.1% in this chapter. 'Types o…[0m
    [92m✔[0m [92m[PASS][0m  Midterm panel visible
    [92m✔[0m [92m[PASS][0m  Preboard 1 panel visible
    [92m✔[0m [92m[PASS][0m  ACCURACY label present
    [92m✔[0m [92m[PASS][0m  Weakest Concepts section
    [92m✔[0m [92m[PASS][0m  Strongest Concepts section
    [92m✔[0m [92m[PASS][0m  Struggling students label
    [92m✔[0m [92m[PASS][0m  Weak Concepts label
    [92m✔[0m [92m[PASS][0m  IMPROVED/DECLINED chip
    [92m✔[0m [92m[PASS][0m  Change in chapter average
        Midterm: acc=None  str=None (raw='None' el='None')  wk=None (raw='None' el='None')
        Midterm: weakest=[]
        Midterm: strongest=[]
    [92m✔[0m [92m[PASS][0m  [Midterm] Accuracy % readable  [2m28%[0m
    [92m✔[0m [92m[PASS][0m  [Midterm] Struggling students count  [2m21 students[0m
    [92m✔[0m [92m[PASS][0m  [Midterm] Weak Concepts count  [2m2 concepts[0m
    [92m✔[0m [92m[PASS][0m  [Midterm] Weakest Concepts list ≥ 1 item  [2m2 items: ['1\nTypes of Functions', 'Types of Functions'][0m
    [92m✔[0m [92m[PASS][0m  [Midterm] Strongest Concepts list ≥ 1 item  [2m8 items[0m
      [2mMidterm:[0m  Accuracy=[92m[1m28%[0m  Struggling=[93m[1m21[0m  WeakConcepts=[96m2[0m
        Weakest : ['1\nTypes of Functions', 'Types of Functions']
        Strongest: ['Types of Relations\n35%', 'Types of Relations 35%', 'Preboard 1\nOct 11, 2025', 'Preboard 1', 'Oct 11, 2025', '22.9%\nACCURACY 22.9%', 'ACCURACY', 'Struggling students\n23\nWeak Concepts\n2']
        Preboard 1: acc=None  str=None (raw='None' el='None')  wk=None (raw='None' el='None')
        Preboard 1: weakest=[]
        Preboard 1: strongest=[]
    [92m✔[0m [92m[PASS][0m  [Preboard 1] Accuracy % readable  [2m22.9%[0m
    [92m✔[0m [92m[PASS][0m  [Preboard 1] Struggling students count  [2m23 students[0m
    [92m✔[0m [92m[PASS][0m  [Preboard 1] Weak Concepts count  [2m2 concepts[0m
    [92m✔[0m [92m[PASS][0m  [Preboard 1] Weakest Concepts list ≥ 1 item  [2m4 items: ['1\nTypes of Functions\nImproved', '1\nTypes of Functions', 'Types of Functions'][0m
    [92m✔[0m [92m[PASS][0m  [Preboard 1] Strongest Concepts list ≥ 1 item  [2m8 items[0m
      [2mPreboard 1:[0m  Accuracy=[92m[1m22.9%[0m  Struggling=[93m[1m23[0m  WeakConcepts=[96m2[0m
        Weakest : ['1\nTypes of Functions\nImproved', '1\nTypes of Functions', 'Types of Functions', 'Improved']
        Strongest: ['Types of Relations\n39%\nImproved', 'Types of Relations', '39%\nImproved 39% [Improved]', '↘ 5.1%\nDECLINED', '↘ 5.1% [DECLINED]', 'Premium Feature', 'Remediation Plan for this chapter', "Make sure you don't have to worry about this chapter again!"]
    [92m✔[0m [92m[PASS][0m  Concept pill badges present  [2m['Improved', 'DECLINED'][0m

      [96m┌─ HEADER ACCURACY BADGE ──────────────────────────────────────┐[0m
      [96m│[0m Preboard 1 accuracy : [91m[1mNOT FOUND[0m
      [96m└────────────────────────────────────────────────────────────┘[0m

      [93m┌─ WHY SECTION ─────────────────────────────────────────────┐[0m
      [93m│[0m Heading : Why this chapter declined
      [93m│[0m Text    : There was a slight decline of 5.1% in this chapter. 'Types of Function…
      [93m│[0m Change %: [91m[1m-5.1%[0m
      [93m└───────────────────────────────────────────────────────┘[0m

  [1m[91m▼  [97mMatrices[0m  [91m-5.7%[0m
  ─────────────────────────────────────────────────────────────────
    [92m✔[0m [92m[PASS][0m  Loc 1 · Card list badge % readable  [2m-5.7%[0m
    [92m✔[0m [92m[PASS][0m  Card clickable / detail panel opens
    [92m✔[0m [92m[PASS][0m  Loc 2 · IMPROVED/DECLINED chip % readable  [2m-5.7%[0m
    [92m✔[0m [92m[PASS][0m  Loc 3 · Change in chapter average badge  [2m-5.7%[0m
    [92m✔[0m [92m[PASS][0m  Loc 4 · Why-text % (change or accuracy)  [2mchange%=-5.7%[0m
    [91m✘[0m [91m[FAIL][0m  Header accuracy badge readable  [2mNOT FOUND[0m
    [92m✔[0m [92m[PASS][0m  ✦ 4-Way Consistency Loc1==Loc2==Loc3==Loc4  [2mL1=-5.7%  L2=-5.7%  L3=-5.7%  L4=-5.7%[0m
    [92m✔[0m [92m[PASS][0m  'Why this chapter' heading present  [2mWhy this chapter declined[0m
    [92m✔[0m [92m[PASS][0m  Explanation body text present  [2mThere was a slight decline of 5.7% in this chapter. 'Transpo…[0m
    [92m✔[0m [92m[PASS][0m  Midterm panel visible
    [92m✔[0m [92m[PASS][0m  Preboard 1 panel visible
    [92m✔[0m [92m[PASS][0m  ACCURACY label present
    [92m✔[0m [92m[PASS][0m  Weakest Concepts section
    [92m✔[0m [92m[PASS][0m  Strongest Concepts section
    [92m✔[0m [92m[PASS][0m  Struggling students label
    [92m✔[0m [92m[PASS][0m  Weak Concepts label
    [92m✔[0m [92m[PASS][0m  IMPROVED/DECLINED chip
    [92m✔[0m [92m[PASS][0m  Change in chapter average
        Midterm: acc=None  str=None (raw='None' el='None')  wk=None (raw='None' el='None')
        Midterm: weakest=[]
        Midterm: strongest=[]
    [92m✔[0m [92m[PASS][0m  [Midterm] Accuracy % readable  [2m59.3%[0m
    [92m✔[0m [92m[PASS][0m  [Midterm] Struggling students count  [2m10 students[0m
    [92m✔[0m [92m[PASS][0m  [Midterm] Weak Concepts count  [2m1 concepts[0m
    [92m✔[0m [92m[PASS][0m  [Midterm] Weakest Concepts list ≥ 1 item  [2m5 items: ['1\nInverse Matrices\n2\nMatrix Operations', '1\nInverse Matrices', 'Inverse Matrices'][0m
    [92m✔[0m [92m[PASS][0m  [Midterm] Strongest Concepts list ≥ 1 item  [2m8 items[0m
      [2mMidterm:[0m  Accuracy=[92m[1m59.3%[0m  Struggling=[93m[1m10[0m  WeakConcepts=[96m1[0m
        Weakest : ['1\nInverse Matrices\n2\nMatrix Operations', '1\nInverse Matrices', 'Inverse Matrices', '2\nMatrix Operations', 'Matrix Operations']
        Strongest: ['Transpose, Symmetric & Skew-symmetric\n72%', 'Transpose, Symmetric & Skew-symmetric 72%', 'Basics & Types of Matrices\n71%', 'Basics & Types of Matrices 71%', 'Preboard 1\nOct 11, 2025', 'Preboard 1', 'Oct 11, 2025', '53.6%\nACCURACY 53.6%']
        Preboard 1: acc=None  str=None (raw='None' el='None')  wk=None (raw='None' el='None')
        Preboard 1: weakest=[]
        Preboard 1: strongest=[]
    [92m✔[0m [92m[PASS][0m  [Preboard 1] Accuracy % readable  [2m53.6%[0m
    [92m✔[0m [92m[PASS][0m  [Preboard 1] Struggling students count  [2m5 students[0m
    [92m✔[0m [92m[PASS][0m  [Preboard 1] Weak Concepts count  [2m1 concepts[0m
    [92m✔[0m [92m[PASS][0m  [Preboard 1] Weakest Concepts list ≥ 1 item  [2m2 items: ['1\nTranspose, Symmetric & Skew-symmetric', 'Transpose, Symmetric & Skew-symmetric'][0m
    [92m✔[0m [92m[PASS][0m  [Preboard 1] Strongest Concepts list ≥ 1 item  [2m8 items[0m
      [2mPreboard 1:[0m  Accuracy=[92m[1m53.6%[0m  Struggling=[93m[1m5[0m  WeakConcepts=[96m1[0m
        Weakest : ['1\nTranspose, Symmetric & Skew-symmetric', 'Transpose, Symmetric & Skew-symmetric']
        Strongest: ['Matrix Operations\n79%\nImproved', 'Matrix Operations', '79%\nImproved 79% [Improved]', '↘ 5.7%\nDECLINED', '↘ 5.7% [DECLINED]', 'Premium Feature', 'Remediation Plan for this chapter', "Make sure you don't have to worry about this chapter again!"]
    [92m✔[0m [92m[PASS][0m  Concept pill badges present  [2m['Improved', 'DECLINED'][0m

      [96m┌─ HEADER ACCURACY BADGE ──────────────────────────────────────┐[0m
      [96m│[0m Preboard 1 accuracy : [91m[1mNOT FOUND[0m
      [96m└────────────────────────────────────────────────────────────┘[0m

      [93m┌─ WHY SECTION ─────────────────────────────────────────────┐[0m
      [93m│[0m Heading : Why this chapter declined
      [93m│[0m Text    : There was a slight decline of 5.7% in this chapter. 'Transpose, Symmet…
      [93m│[0m Change %: [91m[1m-5.7%[0m
      [93m└───────────────────────────────────────────────────────┘[0m

  [1m[91m▼  [97mInverse Trigonometric Functions[0m  [91m-21.5%[0m
  ─────────────────────────────────────────────────────────────────
    [92m✔[0m [92m[PASS][0m  Loc 1 · Card list badge % readable  [2m-21.5%[0m
    [92m✔[0m [92m[PASS][0m  Card clickable / detail panel opens
    [92m✔[0m [92m[PASS][0m  Loc 2 · IMPROVED/DECLINED chip % readable  [2m-21.5%[0m
    [92m✔[0m [92m[PASS][0m  Loc 3 · Change in chapter average badge  [2m-21.5%[0m
    [92m✔[0m [92m[PASS][0m  Loc 4 · Why-text % (change or accuracy)  [2mchange%=-21.5%[0m
    [91m✘[0m [91m[FAIL][0m  Header accuracy badge readable  [2mNOT FOUND[0m
    [92m✔[0m [92m[PASS][0m  ✦ 4-Way Consistency Loc1==Loc2==Loc3==Loc4  [2mL1=-21.5%  L2=-21.5%  L3=-21.5%  L4=-21.5%[0m
    [92m✔[0m [92m[PASS][0m  'Why this chapter' heading present  [2mWhy this chapter declined[0m
    [92m✔[0m [92m[PASS][0m  Explanation body text present  [2mThis chapter dropped 21.5% and needs immediate attention. 'A…[0m
    [92m✔[0m [92m[PASS][0m  Midterm panel visible
    [92m✔[0m [92m[PASS][0m  Preboard 1 panel visible
    [92m✔[0m [92m[PASS][0m  ACCURACY label present
    [92m✔[0m [92m[PASS][0m  Weakest Concepts section
    [92m✔[0m [92m[PASS][0m  Strongest Concepts section
    [92m✔[0m [92m[PASS][0m  Struggling students label
    [92m✔[0m [92m[PASS][0m  Weak Concepts label
    [92m✔[0m [92m[PASS][0m  IMPROVED/DECLINED chip
    [92m✔[0m [92m[PASS][0m  Change in chapter average
        Midterm: acc=None  str=None (raw='None' el='None')  wk=None (raw='None' el='None')
        Midterm: weakest=[]
        Midterm: strongest=[]
    [92m✔[0m [92m[PASS][0m  [Midterm] Accuracy % readable  [2m57.8%[0m
    [92m✔[0m [92m[PASS][0m  [Midterm] Struggling students count  [2m8 students[0m
    [92m✔[0m [92m[PASS][0m  [Midterm] Weak Concepts count  [2m0 concepts[0m
    [92m✔[0m [92m[PASS][0m  [Midterm] Weakest Concepts list ≥ 1 item  [2m2 items: ['1\nPrincipal Values (Domain and Range)', 'Principal Values (Domain and Range)'][0m
    [92m✔[0m [92m[PASS][0m  [Midterm] Strongest Concepts list ≥ 1 item  [2m8 items[0m
      [2mMidterm:[0m  Accuracy=[92m[1m57.8%[0m  Struggling=[93m[1m8[0m  WeakConcepts=[96m0[0m
        Weakest : ['1\nPrincipal Values (Domain and Range)', 'Principal Values (Domain and Range)']
        Strongest: ['Algebra of Inverse Trig Functions\n66%', 'Algebra of Inverse Trig Functions 66%', 'Preboard 1\nOct 11, 2025', 'Preboard 1', 'Oct 11, 2025', '36.3%\nACCURACY 36.3%', 'ACCURACY', 'Struggling students\n21\nWeak Concepts\n1']
        Preboard 1: acc=None  str=None (raw='None' el='None')  wk=None (raw='None' el='None')
        Preboard 1: weakest=[]
        Preboard 1: strongest=[]
    [92m✔[0m [92m[PASS][0m  [Preboard 1] Accuracy % readable  [2m36.3%[0m
    [92m✔[0m [92m[PASS][0m  [Preboard 1] Struggling students count  [2m21 students[0m
    [92m✔[0m [92m[PASS][0m  [Preboard 1] Weak Concepts count  [2m1 concepts[0m
    [92m✔[0m [92m[PASS][0m  [Preboard 1] Weakest Concepts list ≥ 1 item  [2m2 items: ['1\nAlgebra of Inverse Trig Functions', 'Algebra of Inverse Trig Functions'][0m
    [92m✔[0m [92m[PASS][0m  [Preboard 1] Strongest Concepts list ≥ 1 item  [2m8 items[0m
      [2mPreboard 1:[0m  Accuracy=[92m[1m36.3%[0m  Struggling=[93m[1m21[0m  WeakConcepts=[96m1[0m
        Weakest : ['1\nAlgebra of Inverse Trig Functions', 'Algebra of Inverse Trig Functions']
        Strongest: ['Principal Values (Domain and Range)\n64%\nImproved', 'Principal Values (Domain and Range)', '64%\nImproved 64% [Improved]', '↘ 21.5%\nDECLINED', '↘ 21.5% [DECLINED]', 'Premium Feature', 'Remediation Plan for this chapter', "Make sure you don't have to worry about this chapter again!"]
    [92m✔[0m [92m[PASS][0m  Concept pill badges present  [2m['Improved', 'DECLINED'][0m

      [96m┌─ HEADER ACCURACY BADGE ──────────────────────────────────────┐[0m
      [96m│[0m Preboard 1 accuracy : [91m[1mNOT FOUND[0m
      [96m└────────────────────────────────────────────────────────────┘[0m

      [93m┌─ WHY SECTION ─────────────────────────────────────────────┐[0m
      [93m│[0m Heading : Why this chapter declined
      [93m│[0m Text    : This chapter dropped 21.5% and needs immediate attention. 'Algebra of …
      [93m│[0m Change %: [91m[1m-21.5%[0m
      [93m└───────────────────────────────────────────────────────┘[0m

[1m[96m════════════════════════════════════════════════════════════════════════
  PHASE 6  ▶  [97mSEARCH BOX FUNCTIONALITY
════════════════════════════════════════════════════════════════════════[0m
    [92m✔[0m [92m[PASS][0m  Search input element present  [2mSearch chapter...[0m
    [92m✔[0m [92m[PASS][0m  Search 'Determinants' → target visible
    [92m✔[0m [92m[PASS][0m  Search filters non-matching
    [91m✘[0m [91m[FAIL][0m  Search cleared → all restored  [2mmissing 2[0m
    [92m✔[0m [92m[PASS][0m  No-match query → cards hidden

[1m[96m════════════════════════════════════════════════════════════════════════
  PHASE 7  ▶  [97mSTATIC UI LABELS
════════════════════════════════════════════════════════════════════════[0m
    [92m✔[0m [92m[PASS][0m  Sort label 'Chapter Avg'
    [92m✔[0m [92m[PASS][0m  Nav tab 'Overview'
    [92m✔[0m [92m[PASS][0m  Nav tab 'Chapters'
    [92m✔[0m [92m[PASS][0m  Nav tab 'Questions'
    [92m✔[0m [92m[PASS][0m  Nav tab 'Students'
    [92m✔[0m [92m[PASS][0m  'Midterm' header
    [92m✔[0m [92m[PASS][0m  'Preboard 1' header
    [92m✔[0m [92m[PASS][0m  'ACCURACY' label
    [92m✔[0m [92m[PASS][0m  'Struggling students' label
    [92m✔[0m [92m[PASS][0m  'Weak Concepts' label
    [92m✔[0m [92m[PASS][0m  'Weakest Concepts' section
    [92m✔[0m [92m[PASS][0m  'Strongest Concepts' section
    [92m✔[0m [92m[PASS][0m  'Why this chapter' heading
    [92m✔[0m [92m[PASS][0m  IMPROVED/DECLINED chip
    [92m✔[0m [92m[PASS][0m  'Change in chapter average' label
    [92m✔[0m [92m[PASS][0m  Concept pill badges
    [92m✔[0m [92m[PASS][0m  Header accuracy badge

[1m[96m════════════════════════════════════════════════════════════════════════
  PHASE 8  ▶  [97mEXCEL VALIDATION
════════════════════════════════════════════════════════════════════════[0m
    [92m✔[0m [92m[PASS][0m  Excel match 'Determinants'  [2mDeterminants[0m
    [92m✔[0m [92m[PASS][0m  Excel match 'Continuity & Differentiability'  [2mContinuity & Differentiability[0m
    [92m✔[0m [92m[PASS][0m  Excel match 'Integrals'  [2mIntegrals[0m
    [92m✔[0m [92m[PASS][0m  Excel match 'Linear Programming'  [2mLinear Programming[0m
    [92m✔[0m [92m[PASS][0m  Excel match 'Application of Integrals'  [2mApplication of Integrals[0m
    [92m✔[0m [92m[PASS][0m  Excel match 'Application of Derivatives'  [2mApplication of Derivatives[0m
    [92m✔[0m [92m[PASS][0m  Excel match 'Relations & Functions'  [2mRelations & Functions[0m
    [92m✔[0m [92m[PASS][0m  Excel match 'Matrices'  [2mMatrices[0m
    [92m✔[0m [92m[PASS][0m  Excel match 'Inverse Trigonometric Functions'  [2mInverse Trigonometric Functions[0m

  [1mSection [93mP[0m[1m: [92m287✔[0m/[91m14✘[0m (95%)

  [1m[96m┌─ HEADER ACCURACY — Section P ──────────────────────────────┐[0m
    [91m✘[0m   1. Determinants                                       [96m[1mNOT FOUND[0m
    [91m✘[0m   2. Continuity & Differentiability                     [96m[1mNOT FOUND[0m
    [91m✘[0m   3. Integrals                                          [96m[1mNOT FOUND[0m
    [91m✘[0m   4. Linear Programming                                 [96m[1mNOT FOUND[0m
    [91m✘[0m   5. Application of Integrals                           [96m[1mNOT FOUND[0m
    [91m✘[0m   6. Application of Derivatives                         [96m[1mNOT FOUND[0m
    [91m✘[0m   7. Relations & Functions                              [96m[1mNOT FOUND[0m
    [91m✘[0m   8. Matrices                                           [96m[1mNOT FOUND[0m
    [91m✘[0m   9. Inverse Trigonometric Functions                    [96m[1mNOT FOUND[0m
  [96m└────────────────────────────────────────────────────────────┘[0m

[1m[97m▓▓▓▓▓▓▓▓▓▓▓▓▓▓▓▓▓▓▓▓▓▓▓▓▓▓▓▓▓▓▓▓▓▓▓▓▓▓▓▓▓▓▓▓▓▓▓▓▓▓▓▓▓▓▓▓▓▓▓▓▓▓▓▓▓▓▓▓▓▓▓▓
  SECTION  [93mQ[0m[1m[97m
▓▓▓▓▓▓▓▓▓▓▓▓▓▓▓▓▓▓▓▓▓▓▓▓▓▓▓▓▓▓▓▓▓▓▓▓▓▓▓▓▓▓▓▓▓▓▓▓▓▓▓▓▓▓▓▓▓▓▓▓▓▓▓▓▓▓▓▓▓▓▓▓[0m


[1m[96m════════════════════════════════════════════════════════════════════════
  PHASE S  ▶  [97mSWITCH → Q
════════════════════════════════════════════════════════════════════════[0m
  [92m✔ Section selected: Q[0m
    [92m✔[0m [92m[PASS][0m  Section 'Q' selected

[1m[96m════════════════════════════════════════════════════════════════════════
  PHASE 3  ▶  [97mNAVIGATION VERIFY
════════════════════════════════════════════════════════════════════════[0m
    [92m✔[0m [92m[PASS][0m  Chapters URL  [2midterm%2CPreboard+1&screen=chapters&chapterName=Determinants[0m
    [92m✔[0m [92m[PASS][0m  Tab 'Overview'
    [92m✔[0m [92m[PASS][0m  Tab 'Chapters'
    [92m✔[0m [92m[PASS][0m  Tab 'Questions'
    [92m✔[0m [92m[PASS][0m  Tab 'Students'

[1m[96m════════════════════════════════════════════════════════════════════════
  PHASE 4  ▶  [97mCHAPTER CARD DISCOVERY
════════════════════════════════════════════════════════════════════════[0m
    [92m✔[0m [92m[PASS][0m  Cards discovered  [2m9 found[0m
    [91m✘[0m [91m[FAIL][0m  Sorted High→Low  [2m[20.8, 10.8, 6.5, 1.4, 0.8]…[0m
    [92m✔[0m [92m[PASS][0m  Sort label present

  [1mChapters [Q]:[0m
    [2m 1.[0m Determinants                                         [92m▲ +20.8%   [92m✔[0m  [2m[Algebra  10m][0m
    [2m 2.[0m Matrices                                             [92m▲ +10.8%   [92m✔[0m  [2m[Algebra  10m][0m
    [2m 3.[0m Application of Integrals                             [92m▲ +6.5%   [92m✔[0m  [2m[Calculus  35m][0m
    [2m 4.[0m Continuity & Differentiability                       [92m▲ +1.4%   [92m✔[0m  [2m[Calculus  35m][0m
    [2m 5.[0m Application of Derivatives                           [91m▼ -0.8%   [92m✔[0m  [2m[Calculus  35m][0m
    [2m 6.[0m Integrals                                            [91m▼ -3.4%   [92m✔[0m  [2m[Calculus  35m][0m
    [2m 7.[0m Relations & Functions                                [91m▼ -3.4%   [92m✔[0m  [2m[Relations and Functions  8m][0m
    [2m 8.[0m Inverse Trigonometric Functions                      [91m▼ -12.7%   [92m✔[0m  [2m[Relations and Functions  8m][0m
    [2m 9.[0m Linear Programming                                   [91m▼ -13.4%   [92m✔[0m  [2m[Linear Programming Problem  5m][0m

[1m[96m════════════════════════════════════════════════════════════════════════
  PHASE 5  ▶  [97mPER-CHAPTER DETAIL — LOC1/LOC2/LOC3/LOC4 + HEADER ACCURACY
════════════════════════════════════════════════════════════════════════[0m

  [1m[92m▲  [97mDeterminants[0m  [92m+20.8%[0m
  ─────────────────────────────────────────────────────────────────
    [92m✔[0m [92m[PASS][0m  Loc 1 · Card list badge % readable  [2m+20.8%[0m
    [92m✔[0m [92m[PASS][0m  Card clickable / detail panel opens
    [92m✔[0m [92m[PASS][0m  Loc 2 · IMPROVED/DECLINED chip % readable  [2m+20.8%[0m
    [92m✔[0m [92m[PASS][0m  Loc 3 · Change in chapter average badge  [2m+20.8%[0m
    [92m✔[0m [92m[PASS][0m  Loc 4 · Why-text % (change or accuracy)  [2mchange%=+21.3%[0m
    [91m✘[0m [91m[FAIL][0m  Header accuracy badge readable  [2mNOT FOUND[0m
    [91m✘[0m [91m[FAIL][0m  ✦ 4-Way Consistency Loc1==Loc2==Loc3==Loc4  [2mL1=+20.8%  L2=+20.8%  L3=+20.8%  L4=+21.3%[0m
    [92m✔[0m [92m[PASS][0m  'Why this chapter' heading present  [2mWhy this chapter improved[0m
    [92m✔[0m [92m[PASS][0m  Explanation body text present  [2mGreat progress! This chapter improved significantly by 21.3%…[0m
    [92m✔[0m [92m[PASS][0m  Midterm panel visible
    [92m✔[0m [92m[PASS][0m  Preboard 1 panel visible
    [92m✔[0m [92m[PASS][0m  ACCURACY label present
    [92m✔[0m [92m[PASS][0m  Weakest Concepts section
    [92m✔[0m [92m[PASS][0m  Strongest Concepts section
    [92m✔[0m [92m[PASS][0m  Struggling students label
    [92m✔[0m [92m[PASS][0m  Weak Concepts label
    [92m✔[0m [92m[PASS][0m  IMPROVED/DECLINED chip
    [92m✔[0m [92m[PASS][0m  Change in chapter average
        Midterm: acc=None  str=None (raw='None' el='None')  wk=None (raw='None' el='None')
        Midterm: weakest=[]
        Midterm: strongest=[]
    [92m✔[0m [92m[PASS][0m  [Midterm] Accuracy % readable  [2m49.8%[0m
    [92m✔[0m [92m[PASS][0m  [Midterm] Struggling students count  [2m14 students[0m
    [92m✔[0m [92m[PASS][0m  [Midterm] Weak Concepts count  [2m2 concepts[0m
    [92m✔[0m [92m[PASS][0m  [Midterm] Weakest Concepts list ≥ 1 item  [2m5 items: ['1\nDeterminant of a Matrix\n2\nAdjoint & Inverse', '1\nDeterminant of a Matrix', 'Determinant of a Matrix'][0m
    [92m✔[0m [92m[PASS][0m  [Midterm] Strongest Concepts list ≥ 1 item  [2m8 items[0m
      [2mMidterm:[0m  Accuracy=[92m[1m49.8%[0m  Struggling=[93m[1m14[0m  WeakConcepts=[96m2[0m
        Weakest : ['1\nDeterminant of a Matrix\n2\nAdjoint & Inverse', '1\nDeterminant of a Matrix', 'Determinant of a Matrix', '2\nAdjoint & Inverse', 'Adjoint & Inverse']
        Strongest: ['Preboard 1\nOct 11, 2025', 'Preboard 1', 'Oct 11, 2025', '70.6%\nACCURACY 70.6%', 'ACCURACY', 'Struggling students\n4\nWeak Concepts\n0', 'Struggling students\n4', 'Struggling students']
        Preboard 1: acc=None  str=None (raw='None' el='None')  wk=None (raw='None' el='None')
        Preboard 1: weakest=[]
        Preboard 1: strongest=[]
    [92m✔[0m [92m[PASS][0m  [Preboard 1] Accuracy % readable  [2m70.6%[0m
    [92m✔[0m [92m[PASS][0m  [Preboard 1] Struggling students count  [2m4 students[0m
    [92m✔[0m [92m[PASS][0m  [Preboard 1] Weak Concepts count  [2m0 concepts[0m
    [92m✔[0m [92m[PASS][0m  [Preboard 1] Weakest Concepts list ≥ 1 item  [2m6 items: ['1\nAdjoint & Inverse\nImproved\n2\nDeterminant of a Matrix\nImproved', '1\nAdjoint & Inverse\nImproved', '1\nAdjoint & Inverse'][0m
    [92m✔[0m [92m[PASS][0m  [Preboard 1] Strongest Concepts list ≥ 1 item  [2m8 items[0m
      [2mPreboard 1:[0m  Accuracy=[92m[1m70.6%[0m  Struggling=[93m[1m4[0m  WeakConcepts=[96m0[0m
        Weakest : ['1\nAdjoint & Inverse\nImproved\n2\nDeterminant of a Matrix\nImproved', '1\nAdjoint & Inverse\nImproved', '1\nAdjoint & Inverse', 'Adjoint & Inverse', 'Improved', '2\nDeterminant of a Matrix\nImproved']
        Strongest: ['Properties of Determinants\n75%\nNew', 'Properties of Determinants', '75%\nNew 75% [New]', '75%\nImproved 75% [Improved]', '↗ 20.8%\nIMPROVED', '↗ 20.8% [IMPROVED]', 'Premium Feature', 'Remediation Plan for this chapter']
    [92m✔[0m [92m[PASS][0m  Concept pill badges present  [2m['Improved', 'New', 'IMPROVED'][0m

      [96m┌─ HEADER ACCURACY BADGE ──────────────────────────────────────┐[0m
      [96m│[0m Preboard 1 accuracy : [91m[1mNOT FOUND[0m
      [96m└────────────────────────────────────────────────────────────┘[0m

      [93m┌─ WHY SECTION ─────────────────────────────────────────────┐[0m
      [93m│[0m Heading : Why this chapter improved
      [93m│[0m Text    : Great progress! This chapter improved significantly by 21.3%. Students…
      [93m│[0m Change %: [92m[1m+21.3%[0m
      [93m└───────────────────────────────────────────────────────┘[0m

  [1m[92m▲  [97mMatrices[0m  [92m+10.8%[0m
  ─────────────────────────────────────────────────────────────────
    [92m✔[0m [92m[PASS][0m  Loc 1 · Card list badge % readable  [2m+10.8%[0m
    [92m✔[0m [92m[PASS][0m  Card clickable / detail panel opens
    [92m✔[0m [92m[PASS][0m  Loc 2 · IMPROVED/DECLINED chip % readable  [2m+10.8%[0m
    [92m✔[0m [92m[PASS][0m  Loc 3 · Change in chapter average badge  [2m+10.8%[0m
    [92m✔[0m [92m[PASS][0m  Loc 4 · Why-text % (change or accuracy)  [2mchange%=+11.8%[0m
    [91m✘[0m [91m[FAIL][0m  Header accuracy badge readable  [2mNOT FOUND[0m
    [91m✘[0m [91m[FAIL][0m  ✦ 4-Way Consistency Loc1==Loc2==Loc3==Loc4  [2mL1=+10.8%  L2=+10.8%  L3=+10.8%  L4=+11.8%[0m
    [92m✔[0m [92m[PASS][0m  'Why this chapter' heading present  [2mWhy this chapter improved[0m
    [92m✔[0m [92m[PASS][0m  Explanation body text present  [2mGood improvement of 11.8% in this chapter. Students have str…[0m
    [92m✔[0m [92m[PASS][0m  Midterm panel visible
    [92m✔[0m [92m[PASS][0m  Preboard 1 panel visible
    [92m✔[0m [92m[PASS][0m  ACCURACY label present
    [92m✔[0m [92m[PASS][0m  Weakest Concepts section
    [92m✔[0m [92m[PASS][0m  Strongest Concepts section
    [92m✔[0m [92m[PASS][0m  Struggling students label
    [92m✔[0m [92m[PASS][0m  Weak Concepts label
    [92m✔[0m [92m[PASS][0m  IMPROVED/DECLINED chip
    [92m✔[0m [92m[PASS][0m  Change in chapter average
        Midterm: acc=None  str=None (raw='None' el='None')  wk=None (raw='None' el='None')
        Midterm: weakest=[]
        Midterm: strongest=[]
    [92m✔[0m [92m[PASS][0m  [Midterm] Accuracy % readable  [2m58%[0m
    [92m✔[0m [92m[PASS][0m  [Midterm] Struggling students count  [2m8 students[0m
    [92m✔[0m [92m[PASS][0m  [Midterm] Weak Concepts count  [2m0 concepts[0m
    [92m✔[0m [92m[PASS][0m  [Midterm] Weakest Concepts list ≥ 1 item  [2m5 items: ['1\nMatrix Operations\n2\nInverse Matrices', '1\nMatrix Operations', 'Matrix Operations'][0m
    [92m✔[0m [92m[PASS][0m  [Midterm] Strongest Concepts list ≥ 1 item  [2m8 items[0m
      [2mMidterm:[0m  Accuracy=[92m[1m58%[0m  Struggling=[93m[1m8[0m  WeakConcepts=[96m0[0m
        Weakest : ['1\nMatrix Operations\n2\nInverse Matrices', '1\nMatrix Operations', 'Matrix Operations', '2\nInverse Matrices', 'Inverse Matrices']
        Strongest: ['Basics & Types of Matrices\n88%', 'Basics & Types of Matrices 88%', 'Transpose, Symmetric & Skew-symmetric\n69%', 'Transpose, Symmetric & Skew-symmetric 69%', 'Preboard 1\nOct 11, 2025', 'Preboard 1', 'Oct 11, 2025', '68.8%\nACCURACY 68.8%']
        Preboard 1: acc=None  str=None (raw='None' el='None')  wk=None (raw='None' el='None')
        Preboard 1: weakest=[]
        Preboard 1: strongest=[]
    [92m✔[0m [92m[PASS][0m  [Preboard 1] Accuracy % readable  [2m68.8%[0m
    [92m✔[0m [92m[PASS][0m  [Preboard 1] Struggling students count  [2m3 students[0m
    [92m✔[0m [92m[PASS][0m  [Preboard 1] Weak Concepts count  [2m0 concepts[0m
    [92m✔[0m [92m[PASS][0m  [Preboard 1] Weakest Concepts list ≥ 1 item  [2m2 items: ['1\nTranspose, Symmetric & Skew-symmetric', 'Transpose, Symmetric & Skew-symmetric'][0m
    [92m✔[0m [92m[PASS][0m  [Preboard 1] Strongest Concepts list ≥ 1 item  [2m8 items[0m
      [2mPreboard 1:[0m  Accuracy=[92m[1m68.8%[0m  Struggling=[93m[1m3[0m  WeakConcepts=[96m0[0m
        Weakest : ['1\nTranspose, Symmetric & Skew-symmetric', 'Transpose, Symmetric & Skew-symmetric']
        Strongest: ['Matrix Operations\n83%\nImproved', 'Matrix Operations', '83%\nImproved 83% [Improved]', '↗ 10.8%\nIMPROVED', '↗ 10.8% [IMPROVED]', 'Premium Feature', 'Remediation Plan for this chapter', "Make sure you don't have to worry about this chapter again!"]
    [92m✔[0m [92m[PASS][0m  Concept pill badges present  [2m['Improved', 'IMPROVED'][0m

      [96m┌─ HEADER ACCURACY BADGE ──────────────────────────────────────┐[0m
      [96m│[0m Preboard 1 accuracy : [91m[1mNOT FOUND[0m
      [96m└────────────────────────────────────────────────────────────┘[0m

      [93m┌─ WHY SECTION ─────────────────────────────────────────────┐[0m
      [93m│[0m Heading : Why this chapter improved
      [93m│[0m Text    : Good improvement of 11.8% in this chapter. Students have strengthened …
      [93m│[0m Change %: [92m[1m+11.8%[0m
      [93m└───────────────────────────────────────────────────────┘[0m

  [1m[92m▲  [97mApplication of Integrals[0m  [92m+6.5%[0m
  ─────────────────────────────────────────────────────────────────
    [92m✔[0m [92m[PASS][0m  Loc 1 · Card list badge % readable  [2m+6.5%[0m
    [92m✔[0m [92m[PASS][0m  Card clickable / detail panel opens
    [92m✔[0m [92m[PASS][0m  Loc 2 · IMPROVED/DECLINED chip % readable  [2m+6.5%[0m
    [92m✔[0m [92m[PASS][0m  Loc 3 · Change in chapter average badge  [2m+6.5%[0m
    [92m✔[0m [92m[PASS][0m  Loc 4 · Why-text % (change or accuracy)  [2mchange%=+7.8%[0m
    [91m✘[0m [91m[FAIL][0m  Header accuracy badge readable  [2mNOT FOUND[0m
    [91m✘[0m [91m[FAIL][0m  ✦ 4-Way Consistency Loc1==Loc2==Loc3==Loc4  [2mL1=+6.5%  L2=+6.5%  L3=+6.5%  L4=+7.8%[0m
    [92m✔[0m [92m[PASS][0m  'Why this chapter' heading present  [2mWhy this chapter improved[0m
    [92m✔[0m [92m[PASS][0m  Explanation body text present  [2mSlight improvement of 7.8% as students are making progress. …[0m
    [92m✔[0m [92m[PASS][0m  Midterm panel visible
    [92m✔[0m [92m[PASS][0m  Preboard 1 panel visible
    [92m✔[0m [92m[PASS][0m  ACCURACY label present
    [92m✔[0m [92m[PASS][0m  Weakest Concepts section
    [92m✔[0m [92m[PASS][0m  Strongest Concepts section
    [92m✔[0m [92m[PASS][0m  Struggling students label
    [92m✔[0m [92m[PASS][0m  Weak Concepts label
    [92m✔[0m [92m[PASS][0m  IMPROVED/DECLINED chip
    [92m✔[0m [92m[PASS][0m  Change in chapter average
        Midterm: acc=None  str=None (raw='None' el='None')  wk=None (raw='None' el='None')
        Midterm: weakest=[]
        Midterm: strongest=[]
    [92m✔[0m [92m[PASS][0m  [Midterm] Accuracy % readable  [2m27%[0m
    [92m✔[0m [92m[PASS][0m  [Midterm] Struggling students count  [2m17 students[0m
    [92m✔[0m [92m[PASS][0m  [Midterm] Weak Concepts count  [2m1 concepts[0m
    [92m✔[0m [92m[PASS][0m  [Midterm] Weakest Concepts list ≥ 1 item  [2m2 items: ['1\nArea under Curves', 'Area under Curves'][0m
    [92m✔[0m [92m[PASS][0m  [Midterm] Strongest Concepts list ≥ 1 item  [2m8 items[0m
      [2mMidterm:[0m  Accuracy=[92m[1m27%[0m  Struggling=[93m[1m17[0m  WeakConcepts=[96m1[0m
        Weakest : ['1\nArea under Curves', 'Area under Curves']
        Strongest: ['No Strongest Concepts Available', 'Preboard 1\nOct 11, 2025', 'Preboard 1', 'Oct 11, 2025', '33.5%\nACCURACY 33.5%', 'ACCURACY', 'Struggling students\n19\nWeak Concepts\n1', 'Struggling students\n19']
        Preboard 1: acc=None  str=None (raw='None' el='None')  wk=None (raw='None' el='None')
        Preboard 1: weakest=[]
        Preboard 1: strongest=[]
    [92m✔[0m [92m[PASS][0m  [Preboard 1] Accuracy % readable  [2m33.5%[0m
    [92m✔[0m [92m[PASS][0m  [Preboard 1] Struggling students count  [2m19 students[0m
    [92m✔[0m [92m[PASS][0m  [Preboard 1] Weak Concepts count  [2m1 concepts[0m
    [92m✔[0m [92m[PASS][0m  [Preboard 1] Weakest Concepts list ≥ 1 item  [2m4 items: ['1\nArea under Curves\nImproved', '1\nArea under Curves', 'Area under Curves'][0m
    [92m✔[0m [92m[PASS][0m  [Preboard 1] Strongest Concepts list ≥ 1 item  [2m8 items[0m
      [2mPreboard 1:[0m  Accuracy=[92m[1m33.5%[0m  Struggling=[93m[1m19[0m  WeakConcepts=[96m1[0m
        Weakest : ['1\nArea under Curves\nImproved', '1\nArea under Curves', 'Area under Curves', 'Improved']
        Strongest: ['No Strongest Concepts Available', '↗ 6.5%\nIMPROVED', '↗ 6.5% [IMPROVED]', 'Premium Feature', 'Remediation Plan for this chapter', "Make sure you don't have to worry about this chapter again!", 'Create Lesson Plans\nAccess Teaching Materials', 'Create Lesson Plans']
    [92m✔[0m [92m[PASS][0m  Concept pill badges present  [2m['Improved', 'IMPROVED'][0m

      [96m┌─ HEADER ACCURACY BADGE ──────────────────────────────────────┐[0m
      [96m│[0m Preboard 1 accuracy : [91m[1mNOT FOUND[0m
      [96m└────────────────────────────────────────────────────────────┘[0m

      [93m┌─ WHY SECTION ─────────────────────────────────────────────┐[0m
      [93m│[0m Heading : Why this chapter improved
      [93m│[0m Text    : Slight improvement of 7.8% as students are making progress. Students h…
      [93m│[0m Change %: [92m[1m+7.8%[0m
      [93m└───────────────────────────────────────────────────────┘[0m

  [1m[92m▲  [97mContinuity & Differentiability[0m  [92m+1.4%[0m
  ─────────────────────────────────────────────────────────────────
    [92m✔[0m [92m[PASS][0m  Loc 1 · Card list badge % readable  [2m+1.4%[0m
    [92m✔[0m [92m[PASS][0m  Card clickable / detail panel opens
    [92m✔[0m [92m[PASS][0m  Loc 2 · IMPROVED/DECLINED chip % readable  [2m+1.4%[0m
    [92m✔[0m [92m[PASS][0m  Loc 3 · Change in chapter average badge  [2m+1.4%[0m
    [92m✔[0m [92m[PASS][0m  Loc 4 · Why-text % (change or accuracy)  [2maccuracy%=32.9% (stable)[0m
    [91m✘[0m [91m[FAIL][0m  Header accuracy badge readable  [2mNOT FOUND[0m
    [91m✘[0m [91m[FAIL][0m  ✦ 4-Way Consistency Loc1==Loc2==Loc3==Loc4  [2mL1=+1.4%  L2=+1.4%  L3=+1.4%  L4=None[0m
    [92m✔[0m [92m[PASS][0m  'Why this chapter' heading present  [2mWhy this chapter improved[0m
    [92m✔[0m [92m[PASS][0m  Explanation body text present  [2mPerformance remained stable at around 32.9% accuracy. Howeve…[0m
    [92m✔[0m [92m[PASS][0m  Midterm panel visible
    [92m✔[0m [92m[PASS][0m  Preboard 1 panel visible
    [92m✔[0m [92m[PASS][0m  ACCURACY label present
    [92m✔[0m [92m[PASS][0m  Weakest Concepts section
    [92m✔[0m [92m[PASS][0m  Strongest Concepts section
    [92m✔[0m [92m[PASS][0m  Struggling students label
    [92m✔[0m [92m[PASS][0m  Weak Concepts label
    [92m✔[0m [92m[PASS][0m  IMPROVED/DECLINED chip
    [92m✔[0m [92m[PASS][0m  Change in chapter average
        Midterm: acc=None  str=None (raw='None' el='None')  wk=None (raw='None' el='None')
        Midterm: weakest=[]
        Midterm: strongest=[]
    [92m✔[0m [92m[PASS][0m  [Midterm] Accuracy % readable  [2m31.5%[0m
    [92m✔[0m [92m[PASS][0m  [Midterm] Struggling students count  [2m17 students[0m
    [92m✔[0m [92m[PASS][0m  [Midterm] Weak Concepts count  [2m2 concepts[0m
    [92m✔[0m [92m[PASS][0m  [Midterm] Weakest Concepts list ≥ 1 item  [2m6 items: ['1\nSecond Order Derivative', 'Second Order Derivative', '2\nContinuity'][0m
    [92m✔[0m [92m[PASS][0m  [Midterm] Strongest Concepts list ≥ 1 item  [2m8 items[0m
      [2mMidterm:[0m  Accuracy=[92m[1m31.5%[0m  Struggling=[93m[1m17[0m  WeakConcepts=[96m2[0m
        Weakest : ['1\nSecond Order Derivative', 'Second Order Derivative', '2\nContinuity', 'Continuity', '3\nParametric & Implicit Differentiation', 'Parametric & Implicit Differentiation']
        Strongest: ['Rules of Differentiations\n56%', 'Rules of Differentiations 56%', 'Exponential & Logarithmic Functions/Logarithmic Properties\n54%', 'Exponential & Logarithmic Functions/Logarithmic Properties 54%', 'Preboard 1\nOct 11, 2025', 'Preboard 1', 'Oct 11, 2025', '32.9%\nACCURACY 32.9%']
        Preboard 1: acc=None  str=None (raw='None' el='None')  wk=None (raw='None' el='None')
        Preboard 1: weakest=[]
        Preboard 1: strongest=[]
    [92m✔[0m [92m[PASS][0m  [Preboard 1] Accuracy % readable  [2m32.9%[0m
    [92m✔[0m [92m[PASS][0m  [Preboard 1] Struggling students count  [2m20 students[0m
    [92m✔[0m [92m[PASS][0m  [Preboard 1] Weak Concepts count  [2m2 concepts[0m
    [92m✔[0m [92m[PASS][0m  [Preboard 1] Weakest Concepts list ≥ 1 item  [2m6 items: ['1\nDerivatives of Inverse Trig Functions\nNew', '1\nDerivatives of Inverse Trig Functions', 'Derivatives of Inverse Trig Functions'][0m
    [92m✔[0m [92m[PASS][0m  [Preboard 1] Strongest Concepts list ≥ 1 item  [2m8 items[0m
      [2mPreboard 1:[0m  Accuracy=[92m[1m32.9%[0m  Struggling=[93m[1m20[0m  WeakConcepts=[96m2[0m
        Weakest : ['1\nDerivatives of Inverse Trig Functions\nNew', '1\nDerivatives of Inverse Trig Functions', 'Derivatives of Inverse Trig Functions', '2\nExponential & Logarithmic Functions/Logarithmic Properties', 'Exponential & Logarithmic Functions/Logarithmic Properties', '3\nContinuity\nImproved']
        Strongest: ['Parametric & Implicit Differentiation\n70%\nImproved', 'Parametric & Implicit Differentiation', '70%\nImproved 70% [Improved]', 'Second Order Derivative\n64%\nImproved', 'Second Order Derivative', '64%\nImproved 64% [Improved]', '↗ 1.4%\nIMPROVED', '↗ 1.4% [IMPROVED]']
    [92m✔[0m [92m[PASS][0m  Concept pill badges present  [2m['Improved', 'New', 'IMPROVED'][0m

      [96m┌─ HEADER ACCURACY BADGE ──────────────────────────────────────┐[0m
      [96m│[0m Preboard 1 accuracy : [91m[1mNOT FOUND[0m
      [96m└────────────────────────────────────────────────────────────┘[0m

      [93m┌─ WHY SECTION ─────────────────────────────────────────────┐[0m
      [93m│[0m Heading : Why this chapter improved
      [93m│[0m Text    : Performance remained stable at around 32.9% accuracy. However, 'Deriva…
      [93m│[0m Change %: [93m[1m— (only accuracy % in text)[0m
      [93m└───────────────────────────────────────────────────────┘[0m

  [1m[91m▼  [97mApplication of Derivatives[0m  [91m-0.8%[0m
  ─────────────────────────────────────────────────────────────────
    [92m✔[0m [92m[PASS][0m  Loc 1 · Card list badge % readable  [2m-0.8%[0m
    [92m✔[0m [92m[PASS][0m  Card clickable / detail panel opens
    [92m✔[0m [92m[PASS][0m  Loc 2 · IMPROVED/DECLINED chip % readable  [2m-0.8%[0m
    [92m✔[0m [92m[PASS][0m  Loc 3 · Change in chapter average badge  [2m-0.8%[0m
    [92m✔[0m [92m[PASS][0m  Loc 4 · Why-text % (change or accuracy)  [2maccuracy%=16.4% (stable)[0m
    [91m✘[0m [91m[FAIL][0m  Header accuracy badge readable  [2mNOT FOUND[0m
    [91m✘[0m [91m[FAIL][0m  ✦ 4-Way Consistency Loc1==Loc2==Loc3==Loc4  [2mL1=-0.8%  L2=-0.8%  L3=-0.8%  L4=None[0m
    [92m✔[0m [92m[PASS][0m  'Why this chapter' heading present  [2mWhy this chapter declined[0m
    [92m✔[0m [92m[PASS][0m  Explanation body text present  [2mPerformance remained stable at around 16.4% accuracy. Howeve…[0m
    [92m✔[0m [92m[PASS][0m  Midterm panel visible
    [92m✔[0m [92m[PASS][0m  Preboard 1 panel visible
    [92m✔[0m [92m[PASS][0m  ACCURACY label present
    [92m✔[0m [92m[PASS][0m  Weakest Concepts section
    [92m✔[0m [92m[PASS][0m  Strongest Concepts section
    [92m✔[0m [92m[PASS][0m  Struggling students label
    [92m✔[0m [92m[PASS][0m  Weak Concepts label
    [92m✔[0m [92m[PASS][0m  IMPROVED/DECLINED chip
    [92m✔[0m [92m[PASS][0m  Change in chapter average
        Midterm: acc=None  str=None (raw='None' el='None')  wk=None (raw='None' el='None')
        Midterm: weakest=[]
        Midterm: strongest=[]
    [92m✔[0m [92m[PASS][0m  [Midterm] Accuracy % readable  [2m16.7%[0m
    [92m✔[0m [92m[PASS][0m  [Midterm] Struggling students count  [2m23 students[0m
    [92m✔[0m [92m[PASS][0m  [Midterm] Weak Concepts count  [2m3 concepts[0m
    [92m✔[0m [92m[PASS][0m  [Midterm] Weakest Concepts list ≥ 1 item  [2m5 items: ['1\nMaxima & Minima real life Applications\n2\nRate of Change', '1\nMaxima & Minima real life Applications', 'Maxima & Minima real life Applications'][0m
    [92m✔[0m [92m[PASS][0m  [Midterm] Strongest Concepts list ≥ 1 item  [2m8 items[0m
      [2mMidterm:[0m  Accuracy=[92m[1m16.7%[0m  Struggling=[93m[1m23[0m  WeakConcepts=[96m3[0m
        Weakest : ['1\nMaxima & Minima real life Applications\n2\nRate of Change', '1\nMaxima & Minima real life Applications', 'Maxima & Minima real life Applications', '2\nRate of Change', 'Rate of Change']
        Strongest: ['Increasing & Decreasing Functions\n26%', 'Increasing & Decreasing Functions 26%', 'Preboard 1\nOct 11, 2025', 'Preboard 1', 'Oct 11, 2025', '15.9%\nACCURACY 15.9%', 'ACCURACY', 'Struggling students\n23\nWeak Concepts\n2']
        Preboard 1: acc=None  str=None (raw='None' el='None')  wk=None (raw='None' el='None')
        Preboard 1: weakest=[]
        Preboard 1: strongest=[]
    [92m✔[0m [92m[PASS][0m  [Preboard 1] Accuracy % readable  [2m15.9%[0m
    [92m✔[0m [92m[PASS][0m  [Preboard 1] Struggling students count  [2m23 students[0m
    [92m✔[0m [92m[PASS][0m  [Preboard 1] Weak Concepts count  [2m2 concepts[0m
    [92m✔[0m [92m[PASS][0m  [Preboard 1] Weakest Concepts list ≥ 1 item  [2m6 items: ['1\nMaxima & Minima real life Applications\n2\nRate of Change\nImproved', '1\nMaxima & Minima real life Applications', 'Maxima & Minima real life Applications'][0m
    [92m✔[0m [92m[PASS][0m  [Preboard 1] Strongest Concepts list ≥ 1 item  [2m8 items[0m
      [2mPreboard 1:[0m  Accuracy=[92m[1m15.9%[0m  Struggling=[93m[1m23[0m  WeakConcepts=[96m2[0m
        Weakest : ['1\nMaxima & Minima real life Applications\n2\nRate of Change\nImproved', '1\nMaxima & Minima real life Applications', 'Maxima & Minima real life Applications', '2\nRate of Change\nImproved', '2\nRate of Change', 'Rate of Change']
        Strongest: ['Maxima & Minima\n58%\nNew', 'Maxima & Minima', '58%\nNew 58% [New]', '↘ 0.8%\nDECLINED', '↘ 0.8% [DECLINED]', 'Premium Feature', 'Remediation Plan for this chapter', "Make sure you don't have to worry about this chapter again!"]
    [92m✔[0m [92m[PASS][0m  Concept pill badges present  [2m['Improved', 'New', 'DECLINED'][0m

      [96m┌─ HEADER ACCURACY BADGE ──────────────────────────────────────┐[0m
      [96m│[0m Preboard 1 accuracy : [91m[1mNOT FOUND[0m
      [96m└────────────────────────────────────────────────────────────┘[0m

      [93m┌─ WHY SECTION ─────────────────────────────────────────────┐[0m
      [93m│[0m Heading : Why this chapter declined
      [93m│[0m Text    : Performance remained stable at around 16.4% accuracy. However, 'Maxima…
      [93m│[0m Change %: [93m[1m— (only accuracy % in text)[0m
      [93m└───────────────────────────────────────────────────────┘[0m

  [1m[91m▼  [97mIntegrals[0m  [91m-3.4%[0m
  ─────────────────────────────────────────────────────────────────
    [92m✔[0m [92m[PASS][0m  Loc 1 · Card list badge % readable  [2m-3.4%[0m
    [92m✔[0m [92m[PASS][0m  Card clickable / detail panel opens
    [92m✔[0m [92m[PASS][0m  Loc 2 · IMPROVED/DECLINED chip % readable  [2m-3.4%[0m
    [92m✔[0m [92m[PASS][0m  Loc 3 · Change in chapter average badge  [2m-3.4%[0m
    [92m✔[0m [92m[PASS][0m  Loc 4 · Why-text % (change or accuracy)  [2mchange%=-3.1%[0m
    [91m✘[0m [91m[FAIL][0m  Header accuracy badge readable  [2mNOT FOUND[0m
    [91m✘[0m [91m[FAIL][0m  ✦ 4-Way Consistency Loc1==Loc2==Loc3==Loc4  [2mL1=-3.4%  L2=-3.4%  L3=-3.4%  L4=-3.1%[0m
    [92m✔[0m [92m[PASS][0m  'Why this chapter' heading present  [2mWhy this chapter declined[0m
    [92m✔[0m [92m[PASS][0m  Explanation body text present  [2mThere was a slight decline of 3.1% in this chapter. 'Integra…[0m
    [92m✔[0m [92m[PASS][0m  Midterm panel visible
    [92m✔[0m [92m[PASS][0m  Preboard 1 panel visible
    [92m✔[0m [92m[PASS][0m  ACCURACY label present
    [92m✔[0m [92m[PASS][0m  Weakest Concepts section
    [92m✔[0m [92m[PASS][0m  Strongest Concepts section
    [92m✔[0m [92m[PASS][0m  Struggling students label
    [92m✔[0m [92m[PASS][0m  Weak Concepts label
    [92m✔[0m [92m[PASS][0m  IMPROVED/DECLINED chip
    [92m✔[0m [92m[PASS][0m  Change in chapter average
        Midterm: acc=None  str=None (raw='None' el='None')  wk=None (raw='None' el='None')
        Midterm: weakest=[]
        Midterm: strongest=[]
    [92m✔[0m [92m[PASS][0m  [Midterm] Accuracy % readable  [2m28.1%[0m
    [92m✔[0m [92m[PASS][0m  [Midterm] Struggling students count  [2m18 students[0m
    [92m✔[0m [92m[PASS][0m  [Midterm] Weak Concepts count  [2m5 concepts[0m
    [92m✔[0m [92m[PASS][0m  [Midterm] Weakest Concepts list ≥ 1 item  [2m6 items: ['1\nIntegration by Parts\n2\nPartial Fractions\n3\nRules of integrals', '1\nIntegration by Parts', 'Integration by Parts'][0m
    [92m✔[0m [92m[PASS][0m  [Midterm] Strongest Concepts list ≥ 1 item  [2m8 items[0m
      [2mMidterm:[0m  Accuracy=[92m[1m28.1%[0m  Struggling=[93m[1m18[0m  WeakConcepts=[96m5[0m
        Weakest : ['1\nIntegration by Parts\n2\nPartial Fractions\n3\nRules of integrals', '1\nIntegration by Parts', 'Integration by Parts', '2\nPartial Fractions', 'Partial Fractions', '3\nRules of integrals']
        Strongest: ['Properties of Definite Integrals\n87%', 'Properties of Definite Integrals 87%', 'Integration by Substitution\n40%', 'Integration by Substitution 40%', 'Definite Integrals\n35%', 'Definite Integrals 35%', 'Preboard 1\nOct 11, 2025', 'Preboard 1']
        Preboard 1: acc=None  str=None (raw='None' el='None')  wk=None (raw='None' el='None')
        Preboard 1: weakest=[]
        Preboard 1: strongest=[]
    [92m✔[0m [92m[PASS][0m  [Preboard 1] Accuracy % readable  [2m24.7%[0m
    [92m✔[0m [92m[PASS][0m  [Preboard 1] Struggling students count  [2m18 students[0m
    [92m✔[0m [92m[PASS][0m  [Preboard 1] Weak Concepts count  [2m2 concepts[0m
    [92m✔[0m [92m[PASS][0m  [Preboard 1] Weakest Concepts list ≥ 1 item  [2m5 items: ['1\nIntegration by Substitution\n2\nRules of integrals', '1\nIntegration by Substitution', 'Integration by Substitution'][0m
    [92m✔[0m [92m[PASS][0m  [Preboard 1] Strongest Concepts list ≥ 1 item  [2m8 items[0m
      [2mPreboard 1:[0m  Accuracy=[92m[1m24.7%[0m  Struggling=[93m[1m18[0m  WeakConcepts=[96m2[0m
        Weakest : ['1\nIntegration by Substitution\n2\nRules of integrals', '1\nIntegration by Substitution', 'Integration by Substitution', '2\nRules of integrals', 'Rules of integrals']
        Strongest: ['Partial Fractions\n90%\nImproved', 'Partial Fractions', '90%\nImproved 90% [Improved]', 'Indefinite Integrals (Anti derivatives)\n63%\nNew', 'Indefinite Integrals (Anti derivatives)', '63%\nNew 63% [New]', '↘ 3.4%\nDECLINED', '↘ 3.4% [DECLINED]']
    [92m✔[0m [92m[PASS][0m  Concept pill badges present  [2m['Improved', 'New', 'DECLINED'][0m

      [96m┌─ HEADER ACCURACY BADGE ──────────────────────────────────────┐[0m
      [96m│[0m Preboard 1 accuracy : [91m[1mNOT FOUND[0m
      [96m└────────────────────────────────────────────────────────────┘[0m

      [93m┌─ WHY SECTION ─────────────────────────────────────────────┐[0m
      [93m│[0m Heading : Why this chapter declined
      [93m│[0m Text    : There was a slight decline of 3.1% in this chapter. 'Integration by Su…
      [93m│[0m Change %: [91m[1m-3.1%[0m
      [93m└───────────────────────────────────────────────────────┘[0m

  [1m[91m▼  [97mRelations & Functions[0m  [91m-3.4%[0m
  ─────────────────────────────────────────────────────────────────
    [92m✔[0m [92m[PASS][0m  Loc 1 · Card list badge % readable  [2m-3.4%[0m
    [92m✔[0m [92m[PASS][0m  Card clickable / detail panel opens
    [92m✔[0m [92m[PASS][0m  Loc 2 · IMPROVED/DECLINED chip % readable  [2m-3.4%[0m
    [92m✔[0m [92m[PASS][0m  Loc 3 · Change in chapter average badge  [2m-3.4%[0m
    [92m✔[0m [92m[PASS][0m  Loc 4 · Why-text % (change or accuracy)  [2mchange%=-5.8%[0m
    [91m✘[0m [91m[FAIL][0m  Header accuracy badge readable  [2mNOT FOUND[0m
    [91m✘[0m [91m[FAIL][0m  ✦ 4-Way Consistency Loc1==Loc2==Loc3==Loc4  [2mL1=-3.4%  L2=-3.4%  L3=-3.4%  L4=-5.8%[0m
    [92m✔[0m [92m[PASS][0m  'Why this chapter' heading present  [2mWhy this chapter declined[0m
    [92m✔[0m [92m[PASS][0m  Explanation body text present  [2mThere was a slight decline of 5.8% in this chapter. 'Types o…[0m
    [92m✔[0m [92m[PASS][0m  Midterm panel visible
    [92m✔[0m [92m[PASS][0m  Preboard 1 panel visible
    [92m✔[0m [92m[PASS][0m  ACCURACY label present
    [92m✔[0m [92m[PASS][0m  Weakest Concepts section
    [92m✔[0m [92m[PASS][0m  Strongest Concepts section
    [92m✔[0m [92m[PASS][0m  Struggling students label
    [92m✔[0m [92m[PASS][0m  Weak Concepts label
    [92m✔[0m [92m[PASS][0m  IMPROVED/DECLINED chip
    [92m✔[0m [92m[PASS][0m  Change in chapter average
        Midterm: acc=None  str=None (raw='None' el='None')  wk=None (raw='None' el='None')
        Midterm: weakest=[]
        Midterm: strongest=[]
    [92m✔[0m [92m[PASS][0m  [Midterm] Accuracy % readable  [2m31.3%[0m
    [92m✔[0m [92m[PASS][0m  [Midterm] Struggling students count  [2m17 students[0m
    [92m✔[0m [92m[PASS][0m  [Midterm] Weak Concepts count  [2m2 concepts[0m
    [92m✔[0m [92m[PASS][0m  [Midterm] Weakest Concepts list ≥ 1 item  [2m2 items: ['1\nTypes of Relations', 'Types of Relations'][0m
    [92m✔[0m [92m[PASS][0m  [Midterm] Strongest Concepts list ≥ 1 item  [2m8 items[0m
      [2mMidterm:[0m  Accuracy=[92m[1m31.3%[0m  Struggling=[93m[1m17[0m  WeakConcepts=[96m2[0m
        Weakest : ['1\nTypes of Relations', 'Types of Relations']
        Strongest: ['Types of Functions\n32%', 'Types of Functions 32%', 'Preboard 1\nOct 11, 2025', 'Preboard 1', 'Oct 11, 2025', '27.9%\nACCURACY 27.9%', 'ACCURACY', 'Struggling students\n20\nWeak Concepts\n1']
        Preboard 1: acc=None  str=None (raw='None' el='None')  wk=None (raw='None' el='None')
        Preboard 1: weakest=[]
        Preboard 1: strongest=[]
    [92m✔[0m [92m[PASS][0m  [Preboard 1] Accuracy % readable  [2m27.9%[0m
    [92m✔[0m [92m[PASS][0m  [Preboard 1] Struggling students count  [2m20 students[0m
    [92m✔[0m [92m[PASS][0m  [Preboard 1] Weak Concepts count  [2m1 concepts[0m
    [92m✔[0m [92m[PASS][0m  [Preboard 1] Weakest Concepts list ≥ 1 item  [2m2 items: ['1\nTypes of Functions', 'Types of Functions'][0m
    [92m✔[0m [92m[PASS][0m  [Preboard 1] Strongest Concepts list ≥ 1 item  [2m8 items[0m
      [2mPreboard 1:[0m  Accuracy=[92m[1m27.9%[0m  Struggling=[93m[1m20[0m  WeakConcepts=[96m1[0m
        Weakest : ['1\nTypes of Functions', 'Types of Functions']
        Strongest: ['Types of Relations\n63%\nImproved', 'Types of Relations', '63%\nImproved 63% [Improved]', '↘ 3.4%\nDECLINED', '↘ 3.4% [DECLINED]', 'Premium Feature', 'Remediation Plan for this chapter', "Make sure you don't have to worry about this chapter again!"]
    [92m✔[0m [92m[PASS][0m  Concept pill badges present  [2m['Improved', 'DECLINED'][0m

      [96m┌─ HEADER ACCURACY BADGE ──────────────────────────────────────┐[0m
      [96m│[0m Preboard 1 accuracy : [91m[1mNOT FOUND[0m
      [96m└────────────────────────────────────────────────────────────┘[0m

      [93m┌─ WHY SECTION ─────────────────────────────────────────────┐[0m
      [93m│[0m Heading : Why this chapter declined
      [93m│[0m Text    : There was a slight decline of 5.8% in this chapter. 'Types of Function…
      [93m│[0m Change %: [91m[1m-5.8%[0m
      [93m└───────────────────────────────────────────────────────┘[0m

  [1m[91m▼  [97mInverse Trigonometric Functions[0m  [91m-12.7%[0m
  ─────────────────────────────────────────────────────────────────
    [92m✔[0m [92m[PASS][0m  Loc 1 · Card list badge % readable  [2m-12.7%[0m
    [92m✔[0m [92m[PASS][0m  Card clickable / detail panel opens
    [92m✔[0m [92m[PASS][0m  Loc 2 · IMPROVED/DECLINED chip % readable  [2m-12.7%[0m
    [92m✔[0m [92m[PASS][0m  Loc 3 · Change in chapter average badge  [2m-12.7%[0m
    [92m✔[0m [92m[PASS][0m  Loc 4 · Why-text % (change or accuracy)  [2mchange%=-9.9%[0m
    [91m✘[0m [91m[FAIL][0m  Header accuracy badge readable  [2mNOT FOUND[0m
    [91m✘[0m [91m[FAIL][0m  ✦ 4-Way Consistency Loc1==Loc2==Loc3==Loc4  [2mL1=-12.7%  L2=-12.7%  L3=-12.7%  L4=-9.9%[0m
    [92m✔[0m [92m[PASS][0m  'Why this chapter' heading present  [2mWhy this chapter declined[0m
    [92m✔[0m [92m[PASS][0m  Explanation body text present  [2mThere was a slight decline of 9.9% in this chapter. 'Algebra…[0m
    [92m✔[0m [92m[PASS][0m  Midterm panel visible
    [92m✔[0m [92m[PASS][0m  Preboard 1 panel visible
    [92m✔[0m [92m[PASS][0m  ACCURACY label present
    [92m✔[0m [92m[PASS][0m  Weakest Concepts section
    [92m✔[0m [92m[PASS][0m  Strongest Concepts section
    [92m✔[0m [92m[PASS][0m  Struggling students label
    [92m✔[0m [92m[PASS][0m  Weak Concepts label
    [92m✔[0m [92m[PASS][0m  IMPROVED/DECLINED chip
    [92m✔[0m [92m[PASS][0m  Change in chapter average
        Midterm: acc=None  str=None (raw='None' el='None')  wk=None (raw='None' el='None')
        Midterm: weakest=[]
        Midterm: strongest=[]
    [92m✔[0m [92m[PASS][0m  [Midterm] Accuracy % readable  [2m46%[0m
    [92m✔[0m [92m[PASS][0m  [Midterm] Struggling students count  [2m14 students[0m
    [92m✔[0m [92m[PASS][0m  [Midterm] Weak Concepts count  [2m0 concepts[0m
    [92m✔[0m [92m[PASS][0m  [Midterm] Weakest Concepts list ≥ 1 item  [2m2 items: ['1\nAlgebra of Inverse Trig Functions', 'Algebra of Inverse Trig Functions'][0m
    [92m✔[0m [92m[PASS][0m  [Midterm] Strongest Concepts list ≥ 1 item  [2m8 items[0m
      [2mMidterm:[0m  Accuracy=[92m[1m46%[0m  Struggling=[93m[1m14[0m  WeakConcepts=[96m0[0m
        Weakest : ['1\nAlgebra of Inverse Trig Functions', 'Algebra of Inverse Trig Functions']
        Strongest: ['Principal Values (Domain and Range)\n47%', 'Principal Values (Domain and Range) 47%', 'Preboard 1\nOct 11, 2025', 'Preboard 1', 'Oct 11, 2025', '33.3%\nACCURACY 33.3%', 'ACCURACY', 'Struggling students\n20\nWeak Concepts\n1']
        Preboard 1: acc=None  str=None (raw='None' el='None')  wk=None (raw='None' el='None')
        Preboard 1: weakest=[]
        Preboard 1: strongest=[]
    [92m✔[0m [92m[PASS][0m  [Preboard 1] Accuracy % readable  [2m33.3%[0m
    [92m✔[0m [92m[PASS][0m  [Preboard 1] Struggling students count  [2m20 students[0m
    [92m✔[0m [92m[PASS][0m  [Preboard 1] Weak Concepts count  [2m1 concepts[0m
    [92m✔[0m [92m[PASS][0m  [Preboard 1] Weakest Concepts list ≥ 1 item  [2m2 items: ['1\nAlgebra of Inverse Trig Functions', 'Algebra of Inverse Trig Functions'][0m
    [92m✔[0m [92m[PASS][0m  [Preboard 1] Strongest Concepts list ≥ 1 item  [2m8 items[0m
      [2mPreboard 1:[0m  Accuracy=[92m[1m33.3%[0m  Struggling=[93m[1m20[0m  WeakConcepts=[96m1[0m
        Weakest : ['1\nAlgebra of Inverse Trig Functions', 'Algebra of Inverse Trig Functions']
        Strongest: ['Principal Values (Domain and Range)\n71%\nImproved', 'Principal Values (Domain and Range)', '71%\nImproved 71% [Improved]', '↘ 12.7%\nDECLINED', '↘ 12.7% [DECLINED]', 'Premium Feature', 'Remediation Plan for this chapter', "Make sure you don't have to worry about this chapter again!"]
    [92m✔[0m [92m[PASS][0m  Concept pill badges present  [2m['Improved', 'DECLINED'][0m

      [96m┌─ HEADER ACCURACY BADGE ──────────────────────────────────────┐[0m
      [96m│[0m Preboard 1 accuracy : [91m[1mNOT FOUND[0m
      [96m└────────────────────────────────────────────────────────────┘[0m

      [93m┌─ WHY SECTION ─────────────────────────────────────────────┐[0m
      [93m│[0m Heading : Why this chapter declined
      [93m│[0m Text    : There was a slight decline of 9.9% in this chapter. 'Algebra of Invers…
      [93m│[0m Change %: [91m[1m-9.9%[0m
      [93m└───────────────────────────────────────────────────────┘[0m

  [1m[91m▼  [97mLinear Programming[0m  [91m-13.4%[0m
  ─────────────────────────────────────────────────────────────────
    [92m✔[0m [92m[PASS][0m  Loc 1 · Card list badge % readable  [2m-13.4%[0m
    [92m✔[0m [92m[PASS][0m  Card clickable / detail panel opens
    [92m✔[0m [92m[PASS][0m  Loc 2 · IMPROVED/DECLINED chip % readable  [2m-13.4%[0m
    [92m✔[0m [92m[PASS][0m  Loc 3 · Change in chapter average badge  [2m-13.4%[0m
    [92m✔[0m [92m[PASS][0m  Loc 4 · Why-text % (change or accuracy)  [2mchange%=-13.4%[0m
    [91m✘[0m [91m[FAIL][0m  Header accuracy badge readable  [2mNOT FOUND[0m
    [92m✔[0m [92m[PASS][0m  ✦ 4-Way Consistency Loc1==Loc2==Loc3==Loc4  [2mL1=-13.4%  L2=-13.4%  L3=-13.4%  L4=-13.4%[0m
    [92m✔[0m [92m[PASS][0m  'Why this chapter' heading present  [2mWhy this chapter declined[0m
    [92m✔[0m [92m[PASS][0m  Explanation body text present  [2mPerformance declined by 13.4% compared to Midterm.…[0m
    [92m✔[0m [92m[PASS][0m  Midterm panel visible
    [92m✔[0m [92m[PASS][0m  Preboard 1 panel visible
    [92m✔[0m [92m[PASS][0m  ACCURACY label present
    [92m✔[0m [92m[PASS][0m  Weakest Concepts section
    [92m✔[0m [92m[PASS][0m  Strongest Concepts section
    [92m✔[0m [92m[PASS][0m  Struggling students label
    [92m✔[0m [92m[PASS][0m  Weak Concepts label
    [92m✔[0m [92m[PASS][0m  IMPROVED/DECLINED chip
    [92m✔[0m [92m[PASS][0m  Change in chapter average
        Midterm: acc=None  str=None (raw='None' el='None')  wk=None (raw='None' el='None')
        Midterm: weakest=[]
        Midterm: strongest=[]
    [92m✔[0m [92m[PASS][0m  [Midterm] Accuracy % readable  [2m68.8%[0m
    [92m✔[0m [92m[PASS][0m  [Midterm] Struggling students count  [2m3 students[0m
    [92m✔[0m [92m[PASS][0m  [Midterm] Weak Concepts count  [2m0 concepts[0m
    [92m✔[0m [92m[PASS][0m  [Midterm] Weakest Concepts list ≥ 1 item  [2m2 items: ['1\nFeasible Region', 'Feasible Region'][0m
    [92m✔[0m [92m[PASS][0m  [Midterm] Strongest Concepts list ≥ 1 item  [2m8 items[0m
      [2mMidterm:[0m  Accuracy=[92m[1m68.8%[0m  Struggling=[93m[1m3[0m  WeakConcepts=[96m0[0m
        Weakest : ['1\nFeasible Region', 'Feasible Region']
        Strongest: ['Graphical method of solution for problems in two variables\n76%', 'Graphical method of solution for problems in two variables 56%', 'Preboard 1\nOct 11, 2025', 'Preboard 1', 'Oct 11, 2025', '55.4%\nACCURACY 55.4%', 'ACCURACY', 'Struggling students\n8\nWeak Concepts\n0']
        Preboard 1: acc=None  str=None (raw='None' el='None')  wk=None (raw='None' el='None')
        Preboard 1: weakest=[]
        Preboard 1: strongest=[]
    [92m✔[0m [92m[PASS][0m  [Preboard 1] Accuracy % readable  [2m55.4%[0m
    [92m✔[0m [92m[PASS][0m  [Preboard 1] Struggling students count  [2m8 students[0m
    [92m✔[0m [92m[PASS][0m  [Preboard 1] Weak Concepts count  [2m0 concepts[0m
    [92m✔[0m [92m[PASS][0m  [Preboard 1] Weakest Concepts list ≥ 1 item  [2m3 items: ['1\nObjective Function\nNew', '1\nObjective Function', 'Objective Function'][0m
    [92m✔[0m [92m[PASS][0m  [Preboard 1] Strongest Concepts list ≥ 1 item  [2m8 items[0m
      [2mPreboard 1:[0m  Accuracy=[92m[1m55.4%[0m  Struggling=[93m[1m8[0m  WeakConcepts=[96m0[0m
        Weakest : ['1\nObjective Function\nNew', '1\nObjective Function', 'Objective Function']
        Strongest: ['Graphical method of solution for problems in two variables\n56%', 'Graphical method of solution for problems in two variables 56%', '↘ 13.4%\nDECLINED', '↘ 13.4% [DECLINED]', 'Premium Feature', 'Remediation Plan for this chapter', "Make sure you don't have to worry about this chapter again!", 'Create Lesson Plans\nAccess Teaching Materials']
    [92m✔[0m [92m[PASS][0m  Concept pill badges present  [2m['DECLINED', 'New'][0m

      [96m┌─ HEADER ACCURACY BADGE ──────────────────────────────────────┐[0m
      [96m│[0m Preboard 1 accuracy : [91m[1mNOT FOUND[0m
      [96m└────────────────────────────────────────────────────────────┘[0m

      [93m┌─ WHY SECTION ─────────────────────────────────────────────┐[0m
      [93m│[0m Heading : Why this chapter declined
      [93m│[0m Text    : Performance declined by 13.4% compared to Midterm.
      [93m│[0m Change %: [91m[1m-13.4%[0m
      [93m└───────────────────────────────────────────────────────┘[0m

[1m[96m════════════════════════════════════════════════════════════════════════
  PHASE 6  ▶  [97mSEARCH BOX FUNCTIONALITY
════════════════════════════════════════════════════════════════════════[0m
    [92m✔[0m [92m[PASS][0m  Search input element present  [2mSearch chapter...[0m
    [92m✔[0m [92m[PASS][0m  Search 'Linear' → target visible
    [92m✔[0m [92m[PASS][0m  Search filters non-matching
    [91m✘[0m [91m[FAIL][0m  Search cleared → all restored  [2mmissing 2[0m
    [92m✔[0m [92m[PASS][0m  No-match query → cards hidden

[1m[96m════════════════════════════════════════════════════════════════════════
  PHASE 7  ▶  [97mSTATIC UI LABELS
════════════════════════════════════════════════════════════════════════[0m
    [92m✔[0m [92m[PASS][0m  Sort label 'Chapter Avg'
    [92m✔[0m [92m[PASS][0m  Nav tab 'Overview'
    [92m✔[0m [92m[PASS][0m  Nav tab 'Chapters'
    [92m✔[0m [92m[PASS][0m  Nav tab 'Questions'
    [92m✔[0m [92m[PASS][0m  Nav tab 'Students'
    [92m✔[0m [92m[PASS][0m  'Midterm' header
    [92m✔[0m [92m[PASS][0m  'Preboard 1' header
    [92m✔[0m [92m[PASS][0m  'ACCURACY' label
    [92m✔[0m [92m[PASS][0m  'Struggling students' label
    [92m✔[0m [92m[PASS][0m  'Weak Concepts' label
    [92m✔[0m [92m[PASS][0m  'Weakest Concepts' section
    [92m✔[0m [92m[PASS][0m  'Strongest Concepts' section
    [92m✔[0m [92m[PASS][0m  'Why this chapter' heading
    [92m✔[0m [92m[PASS][0m  IMPROVED/DECLINED chip
    [92m✔[0m [92m[PASS][0m  'Change in chapter average' label
    [92m✔[0m [92m[PASS][0m  Concept pill badges
    [92m✔[0m [92m[PASS][0m  Header accuracy badge

[1m[96m════════════════════════════════════════════════════════════════════════
  PHASE 8  ▶  [97mEXCEL VALIDATION
════════════════════════════════════════════════════════════════════════[0m
    [92m✔[0m [92m[PASS][0m  Excel match 'Determinants'  [2mDeterminants[0m
    [92m✔[0m [92m[PASS][0m  Excel match 'Matrices'  [2mMatrices[0m
    [92m✔[0m [92m[PASS][0m  Excel match 'Application of Integrals'  [2mApplication of Integrals[0m
    [92m✔[0m [92m[PASS][0m  Excel match 'Continuity & Differentiability'  [2mContinuity & Differentiability[0m
    [92m✔[0m [92m[PASS][0m  Excel match 'Application of Derivatives'  [2mApplication of Derivatives[0m
    [92m✔[0m [92m[PASS][0m  Excel match 'Integrals'  [2mIntegrals[0m
    [92m✔[0m [92m[PASS][0m  Excel match 'Relations & Functions'  [2mRelations & Functions[0m
    [92m✔[0m [92m[PASS][0m  Excel match 'Inverse Trigonometric Functions'  [2mInverse Trigonometric Functions[0m
    [92m✔[0m [92m[PASS][0m  Excel match 'Linear Programming'  [2mLinear Programming[0m

  [1mSection [93mQ[0m[1m: [92m282✔[0m/[91m19✘[0m (94%)

  [1m[96m┌─ HEADER ACCURACY — Section Q ──────────────────────────────┐[0m
    [91m✘[0m   1. Determinants                                       [96m[1mNOT FOUND[0m
    [91m✘[0m   2. Matrices                                           [96m[1mNOT FOUND[0m
    [91m✘[0m   3. Application of Integrals                           [96m[1mNOT FOUND[0m
    [91m✘[0m   4. Continuity & Differentiability                     [96m[1mNOT FOUND[0m
    [91m✘[0m   5. Application of Derivatives                         [96m[1mNOT FOUND[0m
    [91m✘[0m   6. Integrals                                          [96m[1mNOT FOUND[0m
    [91m✘[0m   7. Relations & Functions                              [96m[1mNOT FOUND[0m
    [91m✘[0m   8. Inverse Trigonometric Functions                    [96m[1mNOT FOUND[0m
    [91m✘[0m   9. Linear Programming                                 [96m[1mNOT FOUND[0m
  [96m└────────────────────────────────────────────────────────────┘[0m

[1m[97m▓▓▓▓▓▓▓▓▓▓▓▓▓▓▓▓▓▓▓▓▓▓▓▓▓▓▓▓▓▓▓▓▓▓▓▓▓▓▓▓▓▓▓▓▓▓▓▓▓▓▓▓▓▓▓▓▓▓▓▓▓▓▓▓▓▓▓▓▓▓▓▓
  SECTION  [93mR[0m[1m[97m
▓▓▓▓▓▓▓▓▓▓▓▓▓▓▓▓▓▓▓▓▓▓▓▓▓▓▓▓▓▓▓▓▓▓▓▓▓▓▓▓▓▓▓▓▓▓▓▓▓▓▓▓▓▓▓▓▓▓▓▓▓▓▓▓▓▓▓▓▓▓▓▓[0m


[1m[96m════════════════════════════════════════════════════════════════════════
  PHASE S  ▶  [97mSWITCH → R
════════════════════════════════════════════════════════════════════════[0m
  [92m✔ Section selected: R[0m
    [92m✔[0m [92m[PASS][0m  Section 'R' selected

[1m[96m════════════════════════════════════════════════════════════════════════
  PHASE 3  ▶  [97mNAVIGATION VERIFY
════════════════════════════════════════════════════════════════════════[0m
    [92m✔[0m [92m[PASS][0m  Chapters URL  [2m%2CPreboard+1&screen=chapters&chapterName=Linear+Programming[0m
    [92m✔[0m [92m[PASS][0m  Tab 'Overview'
    [92m✔[0m [92m[PASS][0m  Tab 'Chapters'
    [92m✔[0m [92m[PASS][0m  Tab 'Questions'
    [92m✔[0m [92m[PASS][0m  Tab 'Students'

[1m[96m════════════════════════════════════════════════════════════════════════
  PHASE 4  ▶  [97mCHAPTER CARD DISCOVERY
════════════════════════════════════════════════════════════════════════[0m
    [92m✔[0m [92m[PASS][0m  Cards discovered  [2m9 found[0m
    [92m✔[0m [92m[PASS][0m  Sorted High→Low  [2m[64.8, 60.4, 57.5, 47.7, 47.4]…[0m
    [92m✔[0m [92m[PASS][0m  Sort label present

  [1mChapters [R]:[0m
    [2m 1.[0m Determinants                                         [92m▲ +64.8%   [92m✔[0m  [2m[Algebra  10m][0m
    [2m 2.[0m Matrices                                             [92m▲ +60.4%   [92m✔[0m  [2m[Algebra  10m][0m
    [2m 3.[0m Linear Programming                                   [92m▲ +57.5%   [92m✔[0m  [2m[Linear Programming Problem  5m][0m
    [2m 4.[0m Continuity & Differentiability                       [92m▲ +47.7%   [92m✔[0m  [2m[Calculus  35m][0m
    [2m 5.[0m Application of Integrals                             [92m▲ +47.4%   [92m✔[0m  [2m[Calculus  35m][0m
    [2m 6.[0m Relations & Functions                                [92m▲ +40.4%   [92m✔[0m  [2m[Relations and Functions  8m][0m
    [2m 7.[0m Integrals                                            [92m▲ +37.0%   [92m✔[0m  [2m[Calculus  35m][0m
    [2m 8.[0m Inverse Trigonometric Functions                      [92m▲ +34.0%   [92m✔[0m  [2m[Relations and Functions  8m][0m
    [2m 9.[0m Application of Derivatives                           [92m▲ +32.3%   [92m✔[0m  [2m[Calculus  35m][0m

[1m[96m════════════════════════════════════════════════════════════════════════
  PHASE 5  ▶  [97mPER-CHAPTER DETAIL — LOC1/LOC2/LOC3/LOC4 + HEADER ACCURACY
════════════════════════════════════════════════════════════════════════[0m

  [1m[92m▲  [97mDeterminants[0m  [92m+64.8%[0m
  ─────────────────────────────────────────────────────────────────
    [92m✔[0m [92m[PASS][0m  Loc 1 · Card list badge % readable  [2m+64.8%[0m
    [92m✔[0m [92m[PASS][0m  Card clickable / detail panel opens
    [91m✘[0m [91m[FAIL][0m  Loc 2 · IMPROVED/DECLINED chip % readable  [2mN/A[0m
    [91m✘[0m [91m[FAIL][0m  Loc 3 · Change in chapter average badge  [2mN/A[0m
    [91m✘[0m [91m[FAIL][0m  Loc 4 · Why-text % (change or accuracy)  [2mNOTHING FOUND[0m
    [92m✔[0m [92m[PASS][0m  Header accuracy badge readable  [2m64.8%[0m
    [91m✘[0m [91m[FAIL][0m  ✦ 4-Way Consistency Loc1==Loc2==Loc3==Loc4  [2mL1=+64.8%  L2=None  L3=None  L4=None[0m
    [91m✘[0m [91m[FAIL][0m  'Why this chapter' heading present  [2mNOT FOUND[0m
    [91m✘[0m [91m[FAIL][0m  Explanation body text present  [2mNOT FOUND[0m
    [92m✔[0m [92m[PASS][0m  Midterm panel visible
    [92m✔[0m [92m[PASS][0m  Preboard 1 panel visible
    [92m✔[0m [92m[PASS][0m  ACCURACY label present
    [92m✔[0m [92m[PASS][0m  Weakest Concepts section
    [92m✔[0m [92m[PASS][0m  Strongest Concepts section
    [92m✔[0m [92m[PASS][0m  Struggling students label
    [92m✔[0m [92m[PASS][0m  Weak Concepts label
    [91m✘[0m [91m[FAIL][0m  IMPROVED/DECLINED chip
    [91m✘[0m [91m[FAIL][0m  Change in chapter average
        Midterm: acc=None  str=None (raw='None' el='None')  wk=None (raw='None' el='None')
        Midterm: weakest=[]
        Midterm: strongest=[]
    [91m✘[0m [91m[FAIL][0m  [Midterm] Accuracy % readable  [2mN/A[0m
    [91m✘[0m [91m[FAIL][0m  [Midterm] Struggling students count  [2mNOT FOUND[0m
    [91m✘[0m [91m[FAIL][0m  [Midterm] Weak Concepts count  [2mNOT FOUND[0m
    [92m✔[0m [92m[PASS][0m  [Midterm] Weakest Concepts list ≥ 1 item  [2m2 items: ['1\nProperties of Determinants', 'Properties of Determinants'][0m
    [92m✔[0m [92m[PASS][0m  [Midterm] Strongest Concepts list ≥ 1 item  [2m8 items[0m
      [2mMidterm:[0m  Accuracy=[92m[1m?[0m  Struggling=[93m[1m?[0m  WeakConcepts=[96m?[0m
        Weakest : ['1\nProperties of Determinants', 'Properties of Determinants']
        Strongest: ['Adjoint & Inverse\n68%\nDeterminant of a Matrix\n67%', 'Adjoint & Inverse\n68%', 'Adjoint & Inverse 68%', 'Determinant of a Matrix\n67%', 'Determinant of a Matrix 67%', 'Premium Feature', 'Remediation Plan for this chapter', "Make sure you don't have to worry about this chapter again!"]
        Preboard 1: acc=None  str=None (raw='None' el='None')  wk=None (raw='None' el='None')
        Preboard 1: weakest=[]
        Preboard 1: strongest=[]
    [92m✔[0m [92m[PASS][0m  [Preboard 1] Accuracy % readable  [2m64.8%[0m
    [92m✔[0m [92m[PASS][0m  [Preboard 1] Struggling students count  [2m6 students[0m
    [92m✔[0m [92m[PASS][0m  [Preboard 1] Weak Concepts count  [2m0 concepts[0m
    [92m✔[0m [92m[PASS][0m  [Preboard 1] Weakest Concepts list ≥ 1 item  [2m2 items: ['1\nProperties of Determinants', 'Properties of Determinants'][0m
    [92m✔[0m [92m[PASS][0m  [Preboard 1] Strongest Concepts list ≥ 1 item  [2m8 items[0m
      [2mPreboard 1:[0m  Accuracy=[92m[1m64.8%[0m  Struggling=[93m[1m6[0m  WeakConcepts=[96m0[0m
        Weakest : ['1\nProperties of Determinants', 'Properties of Determinants']
        Strongest: ['Adjoint & Inverse\n68%\nDeterminant of a Matrix\n67%', 'Adjoint & Inverse\n68%', 'Adjoint & Inverse 68%', 'Determinant of a Matrix\n67%', 'Determinant of a Matrix 67%', 'Premium Feature', 'Remediation Plan for this chapter', "Make sure you don't have to worry about this chapter again!"]
    [91m✘[0m [91m[FAIL][0m  Concept pill badges present  [2m[][0m

      [96m┌─ HEADER ACCURACY BADGE ──────────────────────────────────────┐[0m
      [96m│[0m Preboard 1 accuracy : [92m[1m64.8%[0m
      [96m└────────────────────────────────────────────────────────────┘[0m

      [93m┌─ WHY SECTION ─────────────────────────────────────────────┐[0m
      [93m│[0m Heading : NOT FOUND
      [93m│[0m Text    : NOT FOUND
      [93m│[0m Change %: [93m[1m— (only accuracy % in text)[0m
      [93m└───────────────────────────────────────────────────────┘[0m

  [1m[92m▲  [97mMatrices[0m  [92m+60.4%[0m
  ─────────────────────────────────────────────────────────────────
    [92m✔[0m [92m[PASS][0m  Loc 1 · Card list badge % readable  [2m+60.4%[0m
    [92m✔[0m [92m[PASS][0m  Card clickable / detail panel opens
    [91m✘[0m [91m[FAIL][0m  Loc 2 · IMPROVED/DECLINED chip % readable  [2mN/A[0m
    [91m✘[0m [91m[FAIL][0m  Loc 3 · Change in chapter average badge  [2mN/A[0m
    [91m✘[0m [91m[FAIL][0m  Loc 4 · Why-text % (change or accuracy)  [2mNOTHING FOUND[0m
    [92m✔[0m [92m[PASS][0m  Header accuracy badge readable  [2m60.4%[0m
    [91m✘[0m [91m[FAIL][0m  ✦ 4-Way Consistency Loc1==Loc2==Loc3==Loc4  [2mL1=+60.4%  L2=None  L3=None  L4=None[0m
    [91m✘[0m [91m[FAIL][0m  'Why this chapter' heading present  [2mNOT FOUND[0m
    [91m✘[0m [91m[FAIL][0m  Explanation body text present  [2mNOT FOUND[0m
    [92m✔[0m [92m[PASS][0m  Midterm panel visible
    [92m✔[0m [92m[PASS][0m  Preboard 1 panel visible
    [92m✔[0m [92m[PASS][0m  ACCURACY label present
    [92m✔[0m [92m[PASS][0m  Weakest Concepts section
    [92m✔[0m [92m[PASS][0m  Strongest Concepts section
    [92m✔[0m [92m[PASS][0m  Struggling students label
    [92m✔[0m [92m[PASS][0m  Weak Concepts label
    [91m✘[0m [91m[FAIL][0m  IMPROVED/DECLINED chip
    [91m✘[0m [91m[FAIL][0m  Change in chapter average
        Midterm: acc=None  str=None (raw='None' el='None')  wk=None (raw='None' el='None')
        Midterm: weakest=[]
        Midterm: strongest=[]
    [91m✘[0m [91m[FAIL][0m  [Midterm] Accuracy % readable  [2mN/A[0m
    [91m✘[0m [91m[FAIL][0m  [Midterm] Struggling students count  [2mNOT FOUND[0m
    [91m✘[0m [91m[FAIL][0m  [Midterm] Weak Concepts count  [2mNOT FOUND[0m
    [92m✔[0m [92m[PASS][0m  [Midterm] Weakest Concepts list ≥ 1 item  [2m2 items: ['1\nTranspose, Symmetric & Skew-symmetric', 'Transpose, Symmetric & Skew-symmetric'][0m
    [92m✔[0m [92m[PASS][0m  [Midterm] Strongest Concepts list ≥ 1 item  [2m8 items[0m
      [2mMidterm:[0m  Accuracy=[92m[1m?[0m  Struggling=[93m[1m?[0m  WeakConcepts=[96m?[0m
        Weakest : ['1\nTranspose, Symmetric & Skew-symmetric', 'Transpose, Symmetric & Skew-symmetric']
        Strongest: ['Matrix Operations\n71%', 'Matrix Operations 71%', 'Premium Feature', 'Remediation Plan for this chapter', "Make sure you don't have to worry about this chapter again!", 'Create Lesson Plans\nAccess Teaching Materials', 'Create Lesson Plans', 'Access Teaching Materials']
        Preboard 1: acc=None  str=None (raw='None' el='None')  wk=None (raw='None' el='None')
        Preboard 1: weakest=[]
        Preboard 1: strongest=[]
    [92m✔[0m [92m[PASS][0m  [Preboard 1] Accuracy % readable  [2m60.4%[0m
    [92m✔[0m [92m[PASS][0m  [Preboard 1] Struggling students count  [2m5 students[0m
    [92m✔[0m [92m[PASS][0m  [Preboard 1] Weak Concepts count  [2m0 concepts[0m
    [92m✔[0m [92m[PASS][0m  [Preboard 1] Weakest Concepts list ≥ 1 item  [2m2 items: ['1\nTranspose, Symmetric & Skew-symmetric', 'Transpose, Symmetric & Skew-symmetric'][0m
    [92m✔[0m [92m[PASS][0m  [Preboard 1] Strongest Concepts list ≥ 1 item  [2m8 items[0m
      [2mPreboard 1:[0m  Accuracy=[92m[1m60.4%[0m  Struggling=[93m[1m5[0m  WeakConcepts=[96m0[0m
        Weakest : ['1\nTranspose, Symmetric & Skew-symmetric', 'Transpose, Symmetric & Skew-symmetric']
        Strongest: ['Matrix Operations\n71%', 'Matrix Operations 71%', 'Premium Feature', 'Remediation Plan for this chapter', "Make sure you don't have to worry about this chapter again!", 'Create Lesson Plans\nAccess Teaching Materials', 'Create Lesson Plans', 'Access Teaching Materials']
    [91m✘[0m [91m[FAIL][0m  Concept pill badges present  [2m[][0m

      [96m┌─ HEADER ACCURACY BADGE ──────────────────────────────────────┐[0m
      [96m│[0m Preboard 1 accuracy : [92m[1m60.4%[0m
      [96m└────────────────────────────────────────────────────────────┘[0m

      [93m┌─ WHY SECTION ─────────────────────────────────────────────┐[0m
      [93m│[0m Heading : NOT FOUND
      [93m│[0m Text    : NOT FOUND
      [93m│[0m Change %: [93m[1m— (only accuracy % in text)[0m
      [93m└───────────────────────────────────────────────────────┘[0m

  [1m[92m▲  [97mLinear Programming[0m  [92m+57.5%[0m
  ─────────────────────────────────────────────────────────────────
    [92m✔[0m [92m[PASS][0m  Loc 1 · Card list badge % readable  [2m+57.5%[0m
    [92m✔[0m [92m[PASS][0m  Card clickable / detail panel opens
    [91m✘[0m [91m[FAIL][0m  Loc 2 · IMPROVED/DECLINED chip % readable  [2mN/A[0m
    [91m✘[0m [91m[FAIL][0m  Loc 3 · Change in chapter average badge  [2mN/A[0m
    [91m✘[0m [91m[FAIL][0m  Loc 4 · Why-text % (change or accuracy)  [2mNOTHING FOUND[0m
    [92m✔[0m [92m[PASS][0m  Header accuracy badge readable  [2m57.5%[0m
    [91m✘[0m [91m[FAIL][0m  ✦ 4-Way Consistency Loc1==Loc2==Loc3==Loc4  [2mL1=+57.5%  L2=None  L3=None  L4=None[0m
    [91m✘[0m [91m[FAIL][0m  'Why this chapter' heading present  [2mNOT FOUND[0m
    [91m✘[0m [91m[FAIL][0m  Explanation body text present  [2mNOT FOUND[0m
    [92m✔[0m [92m[PASS][0m  Midterm panel visible
    [92m✔[0m [92m[PASS][0m  Preboard 1 panel visible
    [92m✔[0m [92m[PASS][0m  ACCURACY label present
    [92m✔[0m [92m[PASS][0m  Weakest Concepts section
    [92m✔[0m [92m[PASS][0m  Strongest Concepts section
    [92m✔[0m [92m[PASS][0m  Struggling students label
    [92m✔[0m [92m[PASS][0m  Weak Concepts label
    [91m✘[0m [91m[FAIL][0m  IMPROVED/DECLINED chip
    [91m✘[0m [91m[FAIL][0m  Change in chapter average
        Midterm: acc=None  str=None (raw='None' el='None')  wk=None (raw='None' el='None')
        Midterm: weakest=[]
        Midterm: strongest=[]
    [91m✘[0m [91m[FAIL][0m  [Midterm] Accuracy % readable  [2mN/A[0m
    [91m✘[0m [91m[FAIL][0m  [Midterm] Struggling students count  [2mNOT FOUND[0m
    [91m✘[0m [91m[FAIL][0m  [Midterm] Weak Concepts count  [2mNOT FOUND[0m
    [92m✔[0m [92m[PASS][0m  [Midterm] Weakest Concepts list ≥ 1 item  [2m2 items: ['1\nGraphical method of solution for problems in two variables', 'Graphical method of solution for problems in two variables'][0m
    [92m✔[0m [92m[PASS][0m  [Midterm] Strongest Concepts list ≥ 1 item  [2m8 items[0m
      [2mMidterm:[0m  Accuracy=[92m[1m?[0m  Struggling=[93m[1m?[0m  WeakConcepts=[96m?[0m
        Weakest : ['1\nGraphical method of solution for problems in two variables', 'Graphical method of solution for problems in two variables']
        Strongest: ['Objective Function\n58%', 'Objective Function 58%', 'Premium Feature', 'Remediation Plan for this chapter', "Make sure you don't have to worry about this chapter again!", 'Create Lesson Plans\nAccess Teaching Materials', 'Create Lesson Plans', 'Access Teaching Materials']
        Preboard 1: acc=None  str=None (raw='None' el='None')  wk=None (raw='None' el='None')
        Preboard 1: weakest=[]
        Preboard 1: strongest=[]
    [92m✔[0m [92m[PASS][0m  [Preboard 1] Accuracy % readable  [2m57.5%[0m
    [92m✔[0m [92m[PASS][0m  [Preboard 1] Struggling students count  [2m6 students[0m
    [92m✔[0m [92m[PASS][0m  [Preboard 1] Weak Concepts count  [2m0 concepts[0m
    [92m✔[0m [92m[PASS][0m  [Preboard 1] Weakest Concepts list ≥ 1 item  [2m2 items: ['1\nGraphical method of solution for problems in two variables', 'Graphical method of solution for problems in two variables'][0m
    [92m✔[0m [92m[PASS][0m  [Preboard 1] Strongest Concepts list ≥ 1 item  [2m8 items[0m
      [2mPreboard 1:[0m  Accuracy=[92m[1m57.5%[0m  Struggling=[93m[1m6[0m  WeakConcepts=[96m0[0m
        Weakest : ['1\nGraphical method of solution for problems in two variables', 'Graphical method of solution for problems in two variables']
        Strongest: ['Objective Function\n58%', 'Objective Function 58%', 'Premium Feature', 'Remediation Plan for this chapter', "Make sure you don't have to worry about this chapter again!", 'Create Lesson Plans\nAccess Teaching Materials', 'Create Lesson Plans', 'Access Teaching Materials']
    [91m✘[0m [91m[FAIL][0m  Concept pill badges present  [2m[][0m

      [96m┌─ HEADER ACCURACY BADGE ──────────────────────────────────────┐[0m
      [96m│[0m Preboard 1 accuracy : [92m[1m57.5%[0m
      [96m└────────────────────────────────────────────────────────────┘[0m

      [93m┌─ WHY SECTION ─────────────────────────────────────────────┐[0m
      [93m│[0m Heading : NOT FOUND
      [93m│[0m Text    : NOT FOUND
      [93m│[0m Change %: [93m[1m— (only accuracy % in text)[0m
      [93m└───────────────────────────────────────────────────────┘[0m

  [1m[92m▲  [97mContinuity & Differentiability[0m  [92m+47.7%[0m
  ─────────────────────────────────────────────────────────────────
    [92m✔[0m [92m[PASS][0m  Loc 1 · Card list badge % readable  [2m+47.7%[0m
    [92m✔[0m [92m[PASS][0m  Card clickable / detail panel opens
    [91m✘[0m [91m[FAIL][0m  Loc 2 · IMPROVED/DECLINED chip % readable  [2mN/A[0m
    [91m✘[0m [91m[FAIL][0m  Loc 3 · Change in chapter average badge  [2mN/A[0m
    [91m✘[0m [91m[FAIL][0m  Loc 4 · Why-text % (change or accuracy)  [2mNOTHING FOUND[0m
    [92m✔[0m [92m[PASS][0m  Header accuracy badge readable  [2m47.7%[0m
    [91m✘[0m [91m[FAIL][0m  ✦ 4-Way Consistency Loc1==Loc2==Loc3==Loc4  [2mL1=+47.7%  L2=None  L3=None  L4=None[0m
    [91m✘[0m [91m[FAIL][0m  'Why this chapter' heading present  [2mNOT FOUND[0m
    [91m✘[0m [91m[FAIL][0m  Explanation body text present  [2mNOT FOUND[0m
    [92m✔[0m [92m[PASS][0m  Midterm panel visible
    [92m✔[0m [92m[PASS][0m  Preboard 1 panel visible
    [92m✔[0m [92m[PASS][0m  ACCURACY label present
    [92m✔[0m [92m[PASS][0m  Weakest Concepts section
    [92m✔[0m [92m[PASS][0m  Strongest Concepts section
    [92m✔[0m [92m[PASS][0m  Struggling students label
    [92m✔[0m [92m[PASS][0m  Weak Concepts label
    [91m✘[0m [91m[FAIL][0m  IMPROVED/DECLINED chip
    [91m✘[0m [91m[FAIL][0m  Change in chapter average
        Midterm: acc=None  str=None (raw='None' el='None')  wk=None (raw='None' el='None')
        Midterm: weakest=[]
        Midterm: strongest=[]
    [91m✘[0m [91m[FAIL][0m  [Midterm] Accuracy % readable  [2mN/A[0m
    [91m✘[0m [91m[FAIL][0m  [Midterm] Struggling students count  [2mNOT FOUND[0m
    [91m✘[0m [91m[FAIL][0m  [Midterm] Weak Concepts count  [2mNOT FOUND[0m
    [92m✔[0m [92m[PASS][0m  [Midterm] Weakest Concepts list ≥ 1 item  [2m5 items: ['1\nDerivatives of Inverse Trig Functions\n2\nContinuity', '1\nDerivatives of Inverse Trig Functions', 'Derivatives of Inverse Trig Functions'][0m
    [92m✔[0m [92m[PASS][0m  [Midterm] Strongest Concepts list ≥ 1 item  [2m8 items[0m
      [2mMidterm:[0m  Accuracy=[92m[1m?[0m  Struggling=[93m[1m?[0m  WeakConcepts=[96m?[0m
        Weakest : ['1\nDerivatives of Inverse Trig Functions\n2\nContinuity', '1\nDerivatives of Inverse Trig Functions', 'Derivatives of Inverse Trig Functions', '2\nContinuity', 'Continuity']
        Strongest: ['Parametric & Implicit Differentiation\n58%', 'Parametric & Implicit Differentiation 58%', 'Exponential & Logarithmic Functions/Logarithmic Properties\n51%', 'Exponential & Logarithmic Functions/Logarithmic Properties 51%', 'Premium Feature', 'Remediation Plan for this chapter', "Make sure you don't have to worry about this chapter again!", 'Create Lesson Plans\nAccess Teaching Materials']
        Preboard 1: acc=None  str=None (raw='None' el='None')  wk=None (raw='None' el='None')
        Preboard 1: weakest=[]
        Preboard 1: strongest=[]
    [92m✔[0m [92m[PASS][0m  [Preboard 1] Accuracy % readable  [2m47.7%[0m
    [92m✔[0m [92m[PASS][0m  [Preboard 1] Struggling students count  [2m13 students[0m
    [92m✔[0m [92m[PASS][0m  [Preboard 1] Weak Concepts count  [2m1 concepts[0m
    [92m✔[0m [92m[PASS][0m  [Preboard 1] Weakest Concepts list ≥ 1 item  [2m5 items: ['1\nDerivatives of Inverse Trig Functions\n2\nContinuity', '1\nDerivatives of Inverse Trig Functions', 'Derivatives of Inverse Trig Functions'][0m
    [92m✔[0m [92m[PASS][0m  [Preboard 1] Strongest Concepts list ≥ 1 item  [2m8 items[0m
      [2mPreboard 1:[0m  Accuracy=[92m[1m47.7%[0m  Struggling=[93m[1m13[0m  WeakConcepts=[96m1[0m
        Weakest : ['1\nDerivatives of Inverse Trig Functions\n2\nContinuity', '1\nDerivatives of Inverse Trig Functions', 'Derivatives of Inverse Trig Functions', '2\nContinuity', 'Continuity']
        Strongest: ['Parametric & Implicit Differentiation\n58%', 'Parametric & Implicit Differentiation 58%', 'Exponential & Logarithmic Functions/Logarithmic Properties\n51%', 'Exponential & Logarithmic Functions/Logarithmic Properties 51%', 'Premium Feature', 'Remediation Plan for this chapter', "Make sure you don't have to worry about this chapter again!", 'Create Lesson Plans\nAccess Teaching Materials']
    [91m✘[0m [91m[FAIL][0m  Concept pill badges present  [2m[][0m

      [96m┌─ HEADER ACCURACY BADGE ──────────────────────────────────────┐[0m
      [96m│[0m Preboard 1 accuracy : [92m[1m47.7%[0m
      [96m└────────────────────────────────────────────────────────────┘[0m

      [93m┌─ WHY SECTION ─────────────────────────────────────────────┐[0m
      [93m│[0m Heading : NOT FOUND
      [93m│[0m Text    : NOT FOUND
      [93m│[0m Change %: [93m[1m— (only accuracy % in text)[0m
      [93m└───────────────────────────────────────────────────────┘[0m

  [1m[92m▲  [97mApplication of Integrals[0m  [92m+47.4%[0m
  ─────────────────────────────────────────────────────────────────
    [92m✔[0m [92m[PASS][0m  Loc 1 · Card list badge % readable  [2m+47.4%[0m
    [92m✔[0m [92m[PASS][0m  Card clickable / detail panel opens
    [91m✘[0m [91m[FAIL][0m  Loc 2 · IMPROVED/DECLINED chip % readable  [2mN/A[0m
    [91m✘[0m [91m[FAIL][0m  Loc 3 · Change in chapter average badge  [2mN/A[0m
    [91m✘[0m [91m[FAIL][0m  Loc 4 · Why-text % (change or accuracy)  [2mNOTHING FOUND[0m
    [92m✔[0m [92m[PASS][0m  Header accuracy badge readable  [2m47.4%[0m
    [91m✘[0m [91m[FAIL][0m  ✦ 4-Way Consistency Loc1==Loc2==Loc3==Loc4  [2mL1=+47.4%  L2=None  L3=None  L4=None[0m
    [91m✘[0m [91m[FAIL][0m  'Why this chapter' heading present  [2mNOT FOUND[0m
    [91m✘[0m [91m[FAIL][0m  Explanation body text present  [2mNOT FOUND[0m
    [92m✔[0m [92m[PASS][0m  Midterm panel visible
    [92m✔[0m [92m[PASS][0m  Preboard 1 panel visible
    [92m✔[0m [92m[PASS][0m  ACCURACY label present
    [92m✔[0m [92m[PASS][0m  Weakest Concepts section
    [92m✔[0m [92m[PASS][0m  Strongest Concepts section
    [92m✔[0m [92m[PASS][0m  Struggling students label
    [92m✔[0m [92m[PASS][0m  Weak Concepts label
    [91m✘[0m [91m[FAIL][0m  IMPROVED/DECLINED chip
    [91m✘[0m [91m[FAIL][0m  Change in chapter average
        Midterm: acc=None  str=None (raw='None' el='None')  wk=None (raw='None' el='None')
        Midterm: weakest=[]
        Midterm: strongest=[]
    [91m✘[0m [91m[FAIL][0m  [Midterm] Accuracy % readable  [2mN/A[0m
    [91m✘[0m [91m[FAIL][0m  [Midterm] Struggling students count  [2mNOT FOUND[0m
    [91m✘[0m [91m[FAIL][0m  [Midterm] Weak Concepts count  [2mNOT FOUND[0m
    [92m✔[0m [92m[PASS][0m  [Midterm] Weakest Concepts list ≥ 1 item  [2m2 items: ['1\nArea under Curves', 'Area under Curves'][0m
    [92m✔[0m [92m[PASS][0m  [Midterm] Strongest Concepts list ≥ 1 item  [2m7 items[0m
      [2mMidterm:[0m  Accuracy=[92m[1m?[0m  Struggling=[93m[1m?[0m  WeakConcepts=[96m?[0m
        Weakest : ['1\nArea under Curves', 'Area under Curves']
        Strongest: ['No Strongest Concepts Available', 'Premium Feature', 'Remediation Plan for this chapter', "Make sure you don't have to worry about this chapter again!", 'Create Lesson Plans\nAccess Teaching Materials', 'Create Lesson Plans', 'Access Teaching Materials']
        Preboard 1: acc=None  str=None (raw='None' el='None')  wk=None (raw='None' el='None')
        Preboard 1: weakest=[]
        Preboard 1: strongest=[]
    [92m✔[0m [92m[PASS][0m  [Preboard 1] Accuracy % readable  [2m47.4%[0m
    [92m✔[0m [92m[PASS][0m  [Preboard 1] Struggling students count  [2m11 students[0m
    [92m✔[0m [92m[PASS][0m  [Preboard 1] Weak Concepts count  [2m0 concepts[0m
    [92m✔[0m [92m[PASS][0m  [Preboard 1] Weakest Concepts list ≥ 1 item  [2m2 items: ['1\nArea under Curves', 'Area under Curves'][0m
    [92m✔[0m [92m[PASS][0m  [Preboard 1] Strongest Concepts list ≥ 1 item  [2m7 items[0m
      [2mPreboard 1:[0m  Accuracy=[92m[1m47.4%[0m  Struggling=[93m[1m11[0m  WeakConcepts=[96m0[0m
        Weakest : ['1\nArea under Curves', 'Area under Curves']
        Strongest: ['No Strongest Concepts Available', 'Premium Feature', 'Remediation Plan for this chapter', "Make sure you don't have to worry about this chapter again!", 'Create Lesson Plans\nAccess Teaching Materials', 'Create Lesson Plans', 'Access Teaching Materials']
    [91m✘[0m [91m[FAIL][0m  Concept pill badges present  [2m[][0m

      [96m┌─ HEADER ACCURACY BADGE ──────────────────────────────────────┐[0m
      [96m│[0m Preboard 1 accuracy : [92m[1m47.4%[0m
      [96m└────────────────────────────────────────────────────────────┘[0m

      [93m┌─ WHY SECTION ─────────────────────────────────────────────┐[0m
      [93m│[0m Heading : NOT FOUND
      [93m│[0m Text    : NOT FOUND
      [93m│[0m Change %: [93m[1m— (only accuracy % in text)[0m
      [93m└───────────────────────────────────────────────────────┘[0m

  [1m[92m▲  [97mRelations & Functions[0m  [92m+40.4%[0m
  ─────────────────────────────────────────────────────────────────
    [92m✔[0m [92m[PASS][0m  Loc 1 · Card list badge % readable  [2m+40.4%[0m
    [92m✔[0m [92m[PASS][0m  Card clickable / detail panel opens
    [91m✘[0m [91m[FAIL][0m  Loc 2 · IMPROVED/DECLINED chip % readable  [2mN/A[0m
    [91m✘[0m [91m[FAIL][0m  Loc 3 · Change in chapter average badge  [2mN/A[0m
    [91m✘[0m [91m[FAIL][0m  Loc 4 · Why-text % (change or accuracy)  [2mNOTHING FOUND[0m
    [92m✔[0m [92m[PASS][0m  Header accuracy badge readable  [2m40.4%[0m
    [91m✘[0m [91m[FAIL][0m  ✦ 4-Way Consistency Loc1==Loc2==Loc3==Loc4  [2mL1=+40.4%  L2=None  L3=None  L4=None[0m
    [91m✘[0m [91m[FAIL][0m  'Why this chapter' heading present  [2mNOT FOUND[0m
    [91m✘[0m [91m[FAIL][0m  Explanation body text present  [2mNOT FOUND[0m
    [92m✔[0m [92m[PASS][0m  Midterm panel visible
    [92m✔[0m [92m[PASS][0m  Preboard 1 panel visible
    [92m✔[0m [92m[PASS][0m  ACCURACY label present
    [92m✔[0m [92m[PASS][0m  Weakest Concepts section
    [92m✔[0m [92m[PASS][0m  Strongest Concepts section
    [92m✔[0m [92m[PASS][0m  Struggling students label
    [92m✔[0m [92m[PASS][0m  Weak Concepts label
    [91m✘[0m [91m[FAIL][0m  IMPROVED/DECLINED chip
    [91m✘[0m [91m[FAIL][0m  Change in chapter average
        Midterm: acc=None  str=None (raw='None' el='None')  wk=None (raw='None' el='None')
        Midterm: weakest=[]
        Midterm: strongest=[]
    [91m✘[0m [91m[FAIL][0m  [Midterm] Accuracy % readable  [2mN/A[0m
    [91m✘[0m [91m[FAIL][0m  [Midterm] Struggling students count  [2mNOT FOUND[0m
    [91m✘[0m [91m[FAIL][0m  [Midterm] Weak Concepts count  [2mNOT FOUND[0m
    [92m✔[0m [92m[PASS][0m  [Midterm] Weakest Concepts list ≥ 1 item  [2m2 items: ['1\nTypes of Functions', 'Types of Functions'][0m
    [92m✔[0m [92m[PASS][0m  [Midterm] Strongest Concepts list ≥ 1 item  [2m8 items[0m
      [2mMidterm:[0m  Accuracy=[92m[1m?[0m  Struggling=[93m[1m?[0m  WeakConcepts=[96m?[0m
        Weakest : ['1\nTypes of Functions', 'Types of Functions']
        Strongest: ['Types of Relations\n46%', 'Types of Relations 46%', 'Premium Feature', 'Remediation Plan for this chapter', "Make sure you don't have to worry about this chapter again!", 'Create Lesson Plans\nAccess Teaching Materials', 'Create Lesson Plans', 'Access Teaching Materials']
        Preboard 1: acc=None  str=None (raw='None' el='None')  wk=None (raw='None' el='None')
        Preboard 1: weakest=[]
        Preboard 1: strongest=[]
    [92m✔[0m [92m[PASS][0m  [Preboard 1] Accuracy % readable  [2m40.4%[0m
    [92m✔[0m [92m[PASS][0m  [Preboard 1] Struggling students count  [2m15 students[0m
    [92m✔[0m [92m[PASS][0m  [Preboard 1] Weak Concepts count  [2m1 concepts[0m
    [92m✔[0m [92m[PASS][0m  [Preboard 1] Weakest Concepts list ≥ 1 item  [2m2 items: ['1\nTypes of Functions', 'Types of Functions'][0m
    [92m✔[0m [92m[PASS][0m  [Preboard 1] Strongest Concepts list ≥ 1 item  [2m8 items[0m
      [2mPreboard 1:[0m  Accuracy=[92m[1m40.4%[0m  Struggling=[93m[1m15[0m  WeakConcepts=[96m1[0m
        Weakest : ['1\nTypes of Functions', 'Types of Functions']
        Strongest: ['Types of Relations\n46%', 'Types of Relations 46%', 'Premium Feature', 'Remediation Plan for this chapter', "Make sure you don't have to worry about this chapter again!", 'Create Lesson Plans\nAccess Teaching Materials', 'Create Lesson Plans', 'Access Teaching Materials']
    [91m✘[0m [91m[FAIL][0m  Concept pill badges present  [2m[][0m

      [96m┌─ HEADER ACCURACY BADGE ──────────────────────────────────────┐[0m
      [96m│[0m Preboard 1 accuracy : [92m[1m40.4%[0m
      [96m└────────────────────────────────────────────────────────────┘[0m

      [93m┌─ WHY SECTION ─────────────────────────────────────────────┐[0m
      [93m│[0m Heading : NOT FOUND
      [93m│[0m Text    : NOT FOUND
      [93m│[0m Change %: [93m[1m— (only accuracy % in text)[0m
      [93m└───────────────────────────────────────────────────────┘[0m

  [1m[92m▲  [97mIntegrals[0m  [92m+37.0%[0m
  ─────────────────────────────────────────────────────────────────
    [92m✔[0m [92m[PASS][0m  Loc 1 · Card list badge % readable  [2m+37.0%[0m
    [92m✔[0m [92m[PASS][0m  Card clickable / detail panel opens
    [91m✘[0m [91m[FAIL][0m  Loc 2 · IMPROVED/DECLINED chip % readable  [2mN/A[0m
    [91m✘[0m [91m[FAIL][0m  Loc 3 · Change in chapter average badge  [2mN/A[0m
    [91m✘[0m [91m[FAIL][0m  Loc 4 · Why-text % (change or accuracy)  [2mNOTHING FOUND[0m
    [92m✔[0m [92m[PASS][0m  Header accuracy badge readable  [2m37%[0m
    [91m✘[0m [91m[FAIL][0m  ✦ 4-Way Consistency Loc1==Loc2==Loc3==Loc4  [2mL1=+37.0%  L2=None  L3=None  L4=None[0m
    [91m✘[0m [91m[FAIL][0m  'Why this chapter' heading present  [2mNOT FOUND[0m
    [91m✘[0m [91m[FAIL][0m  Explanation body text present  [2mNOT FOUND[0m
    [92m✔[0m [92m[PASS][0m  Midterm panel visible
    [92m✔[0m [92m[PASS][0m  Preboard 1 panel visible
    [92m✔[0m [92m[PASS][0m  ACCURACY label present
    [92m✔[0m [92m[PASS][0m  Weakest Concepts section
    [92m✔[0m [92m[PASS][0m  Strongest Concepts section
    [92m✔[0m [92m[PASS][0m  Struggling students label
    [92m✔[0m [92m[PASS][0m  Weak Concepts label
    [91m✘[0m [91m[FAIL][0m  IMPROVED/DECLINED chip
    [91m✘[0m [91m[FAIL][0m  Change in chapter average
        Midterm: acc=None  str=None (raw='None' el='None')  wk=None (raw='None' el='None')
        Midterm: weakest=[]
        Midterm: strongest=[]
    [91m✘[0m [91m[FAIL][0m  [Midterm] Accuracy % readable  [2mN/A[0m
    [91m✘[0m [91m[FAIL][0m  [Midterm] Struggling students count  [2mNOT FOUND[0m
    [91m✘[0m [91m[FAIL][0m  [Midterm] Weak Concepts count  [2mNOT FOUND[0m
    [92m✔[0m [92m[PASS][0m  [Midterm] Weakest Concepts list ≥ 1 item  [2m5 items: ['1\nRules of integrals\n2\nIntegration by Substitution', '1\nRules of integrals', 'Rules of integrals'][0m
    [92m✔[0m [92m[PASS][0m  [Midterm] Strongest Concepts list ≥ 1 item  [2m8 items[0m
      [2mMidterm:[0m  Accuracy=[92m[1m?[0m  Struggling=[93m[1m?[0m  WeakConcepts=[96m?[0m
        Weakest : ['1\nRules of integrals\n2\nIntegration by Substitution', '1\nRules of integrals', 'Rules of integrals', '2\nIntegration by Substitution', 'Integration by Substitution']
        Strongest: ['Indefinite Integrals (Anti derivatives)\n50%', 'Indefinite Integrals (Anti derivatives) 50%', 'Premium Feature', 'Remediation Plan for this chapter', "Make sure you don't have to worry about this chapter again!", 'Create Lesson Plans\nAccess Teaching Materials', 'Create Lesson Plans', 'Access Teaching Materials']
        Preboard 1: acc=None  str=None (raw='None' el='None')  wk=None (raw='None' el='None')
        Preboard 1: weakest=[]
        Preboard 1: strongest=[]
    [92m✔[0m [92m[PASS][0m  [Preboard 1] Accuracy % readable  [2m37%[0m
    [92m✔[0m [92m[PASS][0m  [Preboard 1] Struggling students count  [2m16 students[0m
    [92m✔[0m [92m[PASS][0m  [Preboard 1] Weak Concepts count  [2m1 concepts[0m
    [92m✔[0m [92m[PASS][0m  [Preboard 1] Weakest Concepts list ≥ 1 item  [2m5 items: ['1\nRules of integrals\n2\nIntegration by Substitution', '1\nRules of integrals', 'Rules of integrals'][0m
    [92m✔[0m [92m[PASS][0m  [Preboard 1] Strongest Concepts list ≥ 1 item  [2m8 items[0m
      [2mPreboard 1:[0m  Accuracy=[92m[1m37%[0m  Struggling=[93m[1m16[0m  WeakConcepts=[96m1[0m
        Weakest : ['1\nRules of integrals\n2\nIntegration by Substitution', '1\nRules of integrals', 'Rules of integrals', '2\nIntegration by Substitution', 'Integration by Substitution']
        Strongest: ['Indefinite Integrals (Anti derivatives)\n50%', 'Indefinite Integrals (Anti derivatives) 50%', 'Premium Feature', 'Remediation Plan for this chapter', "Make sure you don't have to worry about this chapter again!", 'Create Lesson Plans\nAccess Teaching Materials', 'Create Lesson Plans', 'Access Teaching Materials']
    [91m✘[0m [91m[FAIL][0m  Concept pill badges present  [2m[][0m

      [96m┌─ HEADER ACCURACY BADGE ──────────────────────────────────────┐[0m
      [96m│[0m Preboard 1 accuracy : [92m[1m37%[0m
      [96m└────────────────────────────────────────────────────────────┘[0m

      [93m┌─ WHY SECTION ─────────────────────────────────────────────┐[0m
      [93m│[0m Heading : NOT FOUND
      [93m│[0m Text    : NOT FOUND
      [93m│[0m Change %: [93m[1m— (only accuracy % in text)[0m
      [93m└───────────────────────────────────────────────────────┘[0m

  [1m[92m▲  [97mInverse Trigonometric Functions[0m  [92m+34.0%[0m
  ─────────────────────────────────────────────────────────────────
    [92m✔[0m [92m[PASS][0m  Loc 1 · Card list badge % readable  [2m+34.0%[0m
    [92m✔[0m [92m[PASS][0m  Card clickable / detail panel opens
    [91m✘[0m [91m[FAIL][0m  Loc 2 · IMPROVED/DECLINED chip % readable  [2mN/A[0m
    [91m✘[0m [91m[FAIL][0m  Loc 3 · Change in chapter average badge  [2mN/A[0m
    [91m✘[0m [91m[FAIL][0m  Loc 4 · Why-text % (change or accuracy)  [2mNOTHING FOUND[0m
    [92m✔[0m [92m[PASS][0m  Header accuracy badge readable  [2m34%[0m
    [91m✘[0m [91m[FAIL][0m  ✦ 4-Way Consistency Loc1==Loc2==Loc3==Loc4  [2mL1=+34.0%  L2=None  L3=None  L4=None[0m
    [91m✘[0m [91m[FAIL][0m  'Why this chapter' heading present  [2mNOT FOUND[0m
    [91m✘[0m [91m[FAIL][0m  Explanation body text present  [2mNOT FOUND[0m
    [92m✔[0m [92m[PASS][0m  Midterm panel visible
    [92m✔[0m [92m[PASS][0m  Preboard 1 panel visible
    [92m✔[0m [92m[PASS][0m  ACCURACY label present
    [92m✔[0m [92m[PASS][0m  Weakest Concepts section
    [92m✔[0m [92m[PASS][0m  Strongest Concepts section
    [92m✔[0m [92m[PASS][0m  Struggling students label
    [92m✔[0m [92m[PASS][0m  Weak Concepts label
    [91m✘[0m [91m[FAIL][0m  IMPROVED/DECLINED chip
    [91m✘[0m [91m[FAIL][0m  Change in chapter average
        Midterm: acc=None  str=None (raw='None' el='None')  wk=None (raw='None' el='None')
        Midterm: weakest=[]
        Midterm: strongest=[]
    [91m✘[0m [91m[FAIL][0m  [Midterm] Accuracy % readable  [2mN/A[0m
    [91m✘[0m [91m[FAIL][0m  [Midterm] Struggling students count  [2mNOT FOUND[0m
    [91m✘[0m [91m[FAIL][0m  [Midterm] Weak Concepts count  [2mNOT FOUND[0m
    [92m✔[0m [92m[PASS][0m  [Midterm] Weakest Concepts list ≥ 1 item  [2m2 items: ['1\nAlgebra of Inverse Trig Functions', 'Algebra of Inverse Trig Functions'][0m
    [92m✔[0m [92m[PASS][0m  [Midterm] Strongest Concepts list ≥ 1 item  [2m8 items[0m
      [2mMidterm:[0m  Accuracy=[92m[1m?[0m  Struggling=[93m[1m?[0m  WeakConcepts=[96m?[0m
        Weakest : ['1\nAlgebra of Inverse Trig Functions', 'Algebra of Inverse Trig Functions']
        Strongest: ['Principal Values (Domain and Range)\n50%', 'Principal Values (Domain and Range) 50%', 'Premium Feature', 'Remediation Plan for this chapter', "Make sure you don't have to worry about this chapter again!", 'Create Lesson Plans\nAccess Teaching Materials', 'Create Lesson Plans', 'Access Teaching Materials']
        Preboard 1: acc=None  str=None (raw='None' el='None')  wk=None (raw='None' el='None')
        Preboard 1: weakest=[]
        Preboard 1: strongest=[]
    [92m✔[0m [92m[PASS][0m  [Preboard 1] Accuracy % readable  [2m34%[0m
    [92m✔[0m [92m[PASS][0m  [Preboard 1] Struggling students count  [2m18 students[0m
    [92m✔[0m [92m[PASS][0m  [Preboard 1] Weak Concepts count  [2m1 concepts[0m
    [92m✔[0m [92m[PASS][0m  [Preboard 1] Weakest Concepts list ≥ 1 item  [2m2 items: ['1\nAlgebra of Inverse Trig Functions', 'Algebra of Inverse Trig Functions'][0m
    [92m✔[0m [92m[PASS][0m  [Preboard 1] Strongest Concepts list ≥ 1 item  [2m8 items[0m
      [2mPreboard 1:[0m  Accuracy=[92m[1m34%[0m  Struggling=[93m[1m18[0m  WeakConcepts=[96m1[0m
        Weakest : ['1\nAlgebra of Inverse Trig Functions', 'Algebra of Inverse Trig Functions']
        Strongest: ['Principal Values (Domain and Range)\n50%', 'Principal Values (Domain and Range) 50%', 'Premium Feature', 'Remediation Plan for this chapter', "Make sure you don't have to worry about this chapter again!", 'Create Lesson Plans\nAccess Teaching Materials', 'Create Lesson Plans', 'Access Teaching Materials']
    [91m✘[0m [91m[FAIL][0m  Concept pill badges present  [2m[][0m

      [96m┌─ HEADER ACCURACY BADGE ──────────────────────────────────────┐[0m
      [96m│[0m Preboard 1 accuracy : [92m[1m34%[0m
      [96m└────────────────────────────────────────────────────────────┘[0m

      [93m┌─ WHY SECTION ─────────────────────────────────────────────┐[0m
      [93m│[0m Heading : NOT FOUND
      [93m│[0m Text    : NOT FOUND
      [93m│[0m Change %: [93m[1m— (only accuracy % in text)[0m
      [93m└───────────────────────────────────────────────────────┘[0m

  [1m[92m▲  [97mApplication of Derivatives[0m  [92m+32.3%[0m
  ─────────────────────────────────────────────────────────────────
    [92m✔[0m [92m[PASS][0m  Loc 1 · Card list badge % readable  [2m+32.3%[0m
    [92m✔[0m [92m[PASS][0m  Card clickable / detail panel opens
    [91m✘[0m [91m[FAIL][0m  Loc 2 · IMPROVED/DECLINED chip % readable  [2mN/A[0m
    [91m✘[0m [91m[FAIL][0m  Loc 3 · Change in chapter average badge  [2mN/A[0m
    [91m✘[0m [91m[FAIL][0m  Loc 4 · Why-text % (change or accuracy)  [2mNOTHING FOUND[0m
    [92m✔[0m [92m[PASS][0m  Header accuracy badge readable  [2m32.3%[0m
    [91m✘[0m [91m[FAIL][0m  ✦ 4-Way Consistency Loc1==Loc2==Loc3==Loc4  [2mL1=+32.3%  L2=None  L3=None  L4=None[0m
    [91m✘[0m [91m[FAIL][0m  'Why this chapter' heading present  [2mNOT FOUND[0m
    [91m✘[0m [91m[FAIL][0m  Explanation body text present  [2mNOT FOUND[0m
    [92m✔[0m [92m[PASS][0m  Midterm panel visible
    [92m✔[0m [92m[PASS][0m  Preboard 1 panel visible
    [92m✔[0m [92m[PASS][0m  ACCURACY label present
    [92m✔[0m [92m[PASS][0m  Weakest Concepts section
    [92m✔[0m [92m[PASS][0m  Strongest Concepts section
    [92m✔[0m [92m[PASS][0m  Struggling students label
    [92m✔[0m [92m[PASS][0m  Weak Concepts label
    [91m✘[0m [91m[FAIL][0m  IMPROVED/DECLINED chip
    [91m✘[0m [91m[FAIL][0m  Change in chapter average
        Midterm: acc=None  str=None (raw='None' el='None')  wk=None (raw='None' el='None')
        Midterm: weakest=[]
        Midterm: strongest=[]
    [91m✘[0m [91m[FAIL][0m  [Midterm] Accuracy % readable  [2mN/A[0m
    [91m✘[0m [91m[FAIL][0m  [Midterm] Struggling students count  [2mNOT FOUND[0m
    [91m✘[0m [91m[FAIL][0m  [Midterm] Weak Concepts count  [2mNOT FOUND[0m
    [92m✔[0m [92m[PASS][0m  [Midterm] Weakest Concepts list ≥ 1 item  [2m5 items: ['1\nMaxima & Minima real life Applications\n2\nRate of Change', '1\nMaxima & Minima real life Applications', 'Maxima & Minima real life Applications'][0m
    [92m✔[0m [92m[PASS][0m  [Midterm] Strongest Concepts list ≥ 1 item  [2m8 items[0m
      [2mMidterm:[0m  Accuracy=[92m[1m?[0m  Struggling=[93m[1m?[0m  WeakConcepts=[96m?[0m
        Weakest : ['1\nMaxima & Minima real life Applications\n2\nRate of Change', '1\nMaxima & Minima real life Applications', 'Maxima & Minima real life Applications', '2\nRate of Change', 'Rate of Change']
        Strongest: ['Maxima & Minima\n42%', 'Maxima & Minima 42%', 'Premium Feature', 'Remediation Plan for this chapter', "Make sure you don't have to worry about this chapter again!", 'Create Lesson Plans\nAccess Teaching Materials', 'Create Lesson Plans', 'Access Teaching Materials']
        Preboard 1: acc=None  str=None (raw='None' el='None')  wk=None (raw='None' el='None')
        Preboard 1: weakest=[]
        Preboard 1: strongest=[]
    [92m✔[0m [92m[PASS][0m  [Preboard 1] Accuracy % readable  [2m32.3%[0m
    [92m✔[0m [92m[PASS][0m  [Preboard 1] Struggling students count  [2m17 students[0m
    [92m✔[0m [92m[PASS][0m  [Preboard 1] Weak Concepts count  [2m1 concepts[0m
    [92m✔[0m [92m[PASS][0m  [Preboard 1] Weakest Concepts list ≥ 1 item  [2m5 items: ['1\nMaxima & Minima real life Applications\n2\nRate of Change', '1\nMaxima & Minima real life Applications', 'Maxima & Minima real life Applications'][0m
    [92m✔[0m [92m[PASS][0m  [Preboard 1] Strongest Concepts list ≥ 1 item  [2m8 items[0m
      [2mPreboard 1:[0m  Accuracy=[92m[1m32.3%[0m  Struggling=[93m[1m17[0m  WeakConcepts=[96m1[0m
        Weakest : ['1\nMaxima & Minima real life Applications\n2\nRate of Change', '1\nMaxima & Minima real life Applications', 'Maxima & Minima real life Applications', '2\nRate of Change', 'Rate of Change']
        Strongest: ['Maxima & Minima\n42%', 'Maxima & Minima 42%', 'Premium Feature', 'Remediation Plan for this chapter', "Make sure you don't have to worry about this chapter again!", 'Create Lesson Plans\nAccess Teaching Materials', 'Create Lesson Plans', 'Access Teaching Materials']
    [91m✘[0m [91m[FAIL][0m  Concept pill badges present  [2m[][0m

      [96m┌─ HEADER ACCURACY BADGE ──────────────────────────────────────┐[0m
      [96m│[0m Preboard 1 accuracy : [92m[1m32.3%[0m
      [96m└────────────────────────────────────────────────────────────┘[0m

      [93m┌─ WHY SECTION ─────────────────────────────────────────────┐[0m
      [93m│[0m Heading : NOT FOUND
      [93m│[0m Text    : NOT FOUND
      [93m│[0m Change %: [93m[1m— (only accuracy % in text)[0m
      [93m└───────────────────────────────────────────────────────┘[0m

[1m[96m════════════════════════════════════════════════════════════════════════
  PHASE 6  ▶  [97mSEARCH BOX FUNCTIONALITY
════════════════════════════════════════════════════════════════════════[0m
    [92m✔[0m [92m[PASS][0m  Search input element present  [2mSearch chapter...[0m
    [92m✔[0m [92m[PASS][0m  Search 'Linear' → target visible
    [92m✔[0m [92m[PASS][0m  Search filters non-matching
    [91m✘[0m [91m[FAIL][0m  Search cleared → all restored  [2mmissing 2[0m
    [92m✔[0m [92m[PASS][0m  No-match query → cards hidden

[1m[96m════════════════════════════════════════════════════════════════════════
  PHASE 7  ▶  [97mSTATIC UI LABELS
════════════════════════════════════════════════════════════════════════[0m
    [92m✔[0m [92m[PASS][0m  Sort label 'Chapter Avg'
    [92m✔[0m [92m[PASS][0m  Nav tab 'Overview'
    [92m✔[0m [92m[PASS][0m  Nav tab 'Chapters'
    [92m✔[0m [92m[PASS][0m  Nav tab 'Questions'
    [92m✔[0m [92m[PASS][0m  Nav tab 'Students'
    [92m✔[0m [92m[PASS][0m  'Midterm' header
    [92m✔[0m [92m[PASS][0m  'Preboard 1' header
    [92m✔[0m [92m[PASS][0m  'ACCURACY' label
    [92m✔[0m [92m[PASS][0m  'Struggling students' label
    [92m✔[0m [92m[PASS][0m  'Weak Concepts' label
    [92m✔[0m [92m[PASS][0m  'Weakest Concepts' section
    [92m✔[0m [92m[PASS][0m  'Strongest Concepts' section
    [91m✘[0m [91m[FAIL][0m  'Why this chapter' heading
    [91m✘[0m [91m[FAIL][0m  IMPROVED/DECLINED chip
    [91m✘[0m [91m[FAIL][0m  'Change in chapter average' label
    [91m✘[0m [91m[FAIL][0m  Concept pill badges
    [92m✔[0m [92m[PASS][0m  Header accuracy badge

[1m[96m════════════════════════════════════════════════════════════════════════
  PHASE 8  ▶  [97mEXCEL VALIDATION
════════════════════════════════════════════════════════════════════════[0m
    [92m✔[0m [92m[PASS][0m  Excel match 'Determinants'  [2mDeterminants[0m
    [92m✔[0m [92m[PASS][0m  Excel match 'Matrices'  [2mMatrices[0m
    [92m✔[0m [92m[PASS][0m  Excel match 'Linear Programming'  [2mLinear Programming[0m
    [92m✔[0m [92m[PASS][0m  Excel match 'Continuity & Differentiability'  [2mContinuity & Differentiability[0m
    [92m✔[0m [92m[PASS][0m  Excel match 'Application of Integrals'  [2mApplication of Integrals[0m
    [92m✔[0m [92m[PASS][0m  Excel match 'Relations & Functions'  [2mRelations & Functions[0m
    [92m✔[0m [92m[PASS][0m  Excel match 'Integrals'  [2mIntegrals[0m
    [92m✔[0m [92m[PASS][0m  Excel match 'Inverse Trigonometric Functions'  [2mInverse Trigonometric Functions[0m
    [92m✔[0m [92m[PASS][0m  Excel match 'Application of Derivatives'  [2mApplication of Derivatives[0m

  [1mSection [93mR[0m[1m: [92m188✔[0m/[91m113✘[0m (62%)

  [1m[96m┌─ HEADER ACCURACY — Section R ──────────────────────────────┐[0m
    [92m✔[0m   1. Determinants                                       [96m[1m64.8%[0m
    [92m✔[0m   2. Matrices                                           [96m[1m60.4%[0m
    [92m✔[0m   3. Linear Programming                                 [96m[1m57.5%[0m
    [92m✔[0m   4. Continuity & Differentiability                     [96m[1m47.7%[0m
    [92m✔[0m   5. Application of Integrals                           [96m[1m47.4%[0m
    [92m✔[0m   6. Relations & Functions                              [96m[1m40.4%[0m
    [92m✔[0m   7. Integrals                                          [96m[1m37%[0m
    [92m✔[0m   8. Inverse Trigonometric Functions                    [96m[1m34%[0m
    [92m✔[0m   9. Application of Derivatives                         [96m[1m32.3%[0m
  [96m└────────────────────────────────────────────────────────────┘[0m

[1m[97m▓▓▓▓▓▓▓▓▓▓▓▓▓▓▓▓▓▓▓▓▓▓▓▓▓▓▓▓▓▓▓▓▓▓▓▓▓▓▓▓▓▓▓▓▓▓▓▓▓▓▓▓▓▓▓▓▓▓▓▓▓▓▓▓▓▓▓▓▓▓▓▓
  SECTION  [93mZZ[0m[1m[97m
▓▓▓▓▓▓▓▓▓▓▓▓▓▓▓▓▓▓▓▓▓▓▓▓▓▓▓▓▓▓▓▓▓▓▓▓▓▓▓▓▓▓▓▓▓▓▓▓▓▓▓▓▓▓▓▓▓▓▓▓▓▓▓▓▓▓▓▓▓▓▓▓[0m


[1m[96m════════════════════════════════════════════════════════════════════════
  PHASE S  ▶  [97mSWITCH → ZZ
════════════════════════════════════════════════════════════════════════[0m
  [92m✔ Section selected: ZZ[0m
    [92m✔[0m [92m[PASS][0m  Section 'ZZ' selected

[1m[96m════════════════════════════════════════════════════════════════════════
  PHASE 3  ▶  [97mNAVIGATION VERIFY
════════════════════════════════════════════════════════════════════════[0m
    [92m✔[0m [92m[PASS][0m  Chapters URL  [2m%2CPreboard+1&screen=chapters&chapterName=Linear+Programming[0m
    [92m✔[0m [92m[PASS][0m  Tab 'Overview'
    [92m✔[0m [92m[PASS][0m  Tab 'Chapters'
    [92m✔[0m [92m[PASS][0m  Tab 'Questions'
    [92m✔[0m [92m[PASS][0m  Tab 'Students'

[1m[96m════════════════════════════════════════════════════════════════════════
  PHASE 4  ▶  [97mCHAPTER CARD DISCOVERY
════════════════════════════════════════════════════════════════════════[0m
    [91m✘[0m [91m[FAIL][0m  Cards discovered  [2m0 found[0m
    [92m✔[0m [92m[PASS][0m  Sort label present

  [1mChapters [ZZ]:[0m

[1m[96m════════════════════════════════════════════════════════════════════════
  PHASE 5  ▶  [97mPER-CHAPTER DETAIL — LOC1/LOC2/LOC3/LOC4 + HEADER ACCURACY
════════════════════════════════════════════════════════════════════════[0m

[1m[96m════════════════════════════════════════════════════════════════════════
  PHASE 6  ▶  [97mSEARCH BOX FUNCTIONALITY
════════════════════════════════════════════════════════════════════════[0m
    [92m✔[0m [92m[PASS][0m  Search input element present  [2mSearch chapter...[0m

[1m[96m════════════════════════════════════════════════════════════════════════
  PHASE 7  ▶  [97mSTATIC UI LABELS
════════════════════════════════════════════════════════════════════════[0m
    [92m✔[0m [92m[PASS][0m  Sort label 'Chapter Avg'
    [92m✔[0m [92m[PASS][0m  Nav tab 'Overview'
    [92m✔[0m [92m[PASS][0m  Nav tab 'Chapters'
    [92m✔[0m [92m[PASS][0m  Nav tab 'Questions'
    [92m✔[0m [92m[PASS][0m  Nav tab 'Students'
    [92m✔[0m [92m[PASS][0m  'Midterm' header
    [91m✘[0m [91m[FAIL][0m  'Preboard 1' header
    [91m✘[0m [91m[FAIL][0m  'ACCURACY' label
    [91m✘[0m [91m[FAIL][0m  'Struggling students' label
    [91m✘[0m [91m[FAIL][0m  'Weak Concepts' label
    [91m✘[0m [91m[FAIL][0m  'Weakest Concepts' section
    [91m✘[0m [91m[FAIL][0m  'Strongest Concepts' section
    [91m✘[0m [91m[FAIL][0m  'Why this chapter' heading
    [91m✘[0m [91m[FAIL][0m  IMPROVED/DECLINED chip
    [91m✘[0m [91m[FAIL][0m  'Change in chapter average' label
    [91m✘[0m [91m[FAIL][0m  Concept pill badges
    [91m✘[0m [91m[FAIL][0m  Header accuracy badge

[1m[96m════════════════════════════════════════════════════════════════════════
  PHASE 8  ▶  [97mEXCEL VALIDATION
════════════════════════════════════════════════════════════════════════[0m

  [1mSection [93mZZ[0m[1m: [92m14✔[0m/[91m12✘[0m (54%)

  [1m[96m┌─ HEADER ACCURACY — Section ZZ ──────────────────────────────┐[0m
  [96m└────────────────────────────────────────────────────────────┘[0m

[1m[96m════════════════════════════════════════════════════════════════════════
  GRAND SUMMARY
════════════════════════════════════════════════════════════════════════[0m
  [1m[93mC         [0m  [91m███████████████████░░░░░░░░░░░[0m   62%  [92m188✔[0m  [91m113✘[0m
  [1m[93mH         [0m  [93m█████████████████████████████░[0m   96%  [92m289✔[0m  [91m12✘[0m
  [1m[93mI         [0m  [93m█████████████████████████████░[0m   96%  [92m290✔[0m  [91m11✘[0m
  [1m[93mJ         [0m  [93m█████████████████████████████░[0m   96%  [92m288✔[0m  [91m13✘[0m
  [1m[93mK         [0m  [93m█████████████████████████████░[0m   96%  [92m290✔[0m  [91m11✘[0m
  [1m[93mL         [0m  [93m█████████████████████████████░[0m   96%  [92m288✔[0m  [91m13✘[0m
  [1m[93mM         [0m  [93m█████████████████████████████░[0m   96%  [92m289✔[0m  [91m12✘[0m
  [1m[93mN         [0m  [93m████████████████████████████░░[0m   95%  [92m287✔[0m  [91m14✘[0m
  [1m[93mO         [0m  [93m█████████████████████████████░[0m   96%  [92m288✔[0m  [91m13✘[0m
  [1m[93mP         [0m  [93m████████████████████████████░░[0m   95%  [92m287✔[0m  [91m14✘[0m
  [1m[93mQ         [0m  [93m████████████████████████████░░[0m   94%  [92m282✔[0m  [91m19✘[0m
  [1m[93mR         [0m  [91m███████████████████░░░░░░░░░░░[0m   62%  [92m188✔[0m  [91m113✘[0m
  [1m[93mZZ        [0m  [91m████████████████░░░░░░░░░░░░░░[0m   54%  [92m14✔[0m  [91m12✘[0m
[96m────────────────────────────────────────────────────────────────────────[0m
  TOTAL  3638 tests  3268 pass  370 fail  90%
[96m════════════════════════════════════════════════════════════════════════[0m


[1m[96m════════════════════════════════════════════════════════════════════════
  4-WAY CONSISTENCY + HEADER ACCURACY (All Sections)
════════════════════════════════════════════════════════════════════════[0m
  Sec     Chapter                                        Loc1     Loc2     Loc3     Loc4    HdrAcc    OK?
  C       Linear Programming                           +51.8%        —        —        —  [96m   51.8%[0m  [91m✘[0m
  C       Application of Integrals                     +50.0%        —        —        —  [96m     50%[0m  [91m✘[0m
  C       Matrices                                     +50.0%        —        —        —  [96m     50%[0m  [91m✘[0m
  C       Relations & Functions                        +39.1%        —        —        —  [96m   39.1%[0m  [91m✘[0m
  C       Determinants                                 +38.6%        —        —        —  [96m   38.6%[0m  [91m✘[0m
  C       Continuity & Differentiability               +35.9%        —        —        —  [96m   35.9%[0m  [91m✘[0m
  C       Inverse Trigonometric Functions              +33.3%        —        —        —  [96m   33.3%[0m  [91m✘[0m
  C       Application of Derivatives                   +30.7%        —        —        —  [96m   30.7%[0m  [91m✘[0m
  C       Integrals                                    +17.4%        —        —        —  [96m   17.4%[0m  [91m✘[0m
  H       Integrals                                    +11.3%   +11.3%   +11.3%   +11.3%  [96m     N/A[0m  [92m✔[0m
  H       Linear Programming                            +7.5%    +7.5%    +7.5%    +7.5%  [96m     N/A[0m  [92m✔[0m
  H       Continuity & Differentiability                +6.5%    +6.5%    +6.5%    +6.5%  [96m     N/A[0m  [92m✔[0m
  H       Inverse Trigonometric Functions               +6.4%    +6.4%    +6.4%    +6.4%  [96m     N/A[0m  [92m✔[0m
  H       Application of Derivatives                    +6.3%    +6.3%    +6.3%    +6.3%  [96m     N/A[0m  [92m✔[0m
  H       Application of Integrals                      +4.7%    +4.7%    +4.7%    +4.7%  [96m     N/A[0m  [92m✔[0m
  H       Relations & Functions                         +3.7%    +3.7%    +3.7%    +3.7%  [96m     N/A[0m  [92m✔[0m
  H       Matrices                                      +0.6%    +0.6%    +0.6%        —  [96m     N/A[0m  [91m✘[0m
  H       Determinants                                  -0.6%    -0.6%    -0.6%        —  [96m     N/A[0m  [91m✘[0m
  I       Determinants                                   +20%   +20.0%   +20.0%   +20.0%  [96m     N/A[0m  [92m✔[0m
  I       Application of Derivatives                   +19.8%   +19.8%   +19.8%   +19.8%  [96m     N/A[0m  [92m✔[0m
  I       Continuity & Differentiability               +10.6%   +10.6%   +10.6%   +10.6%  [96m     N/A[0m  [92m✔[0m
  I       Relations & Functions                         +9.5%    +9.5%    +9.5%    +9.5%  [96m     N/A[0m  [92m✔[0m
  I       Integrals                                     +4.8%    +4.8%    +4.8%    +4.8%  [96m     N/A[0m  [92m✔[0m
  I       Application of Integrals                      +2.8%    +2.8%    +2.8%    +2.8%  [96m     N/A[0m  [92m✔[0m
  I       Linear Programming                            -2.4%    -2.4%    -2.4%    -2.4%  [96m     N/A[0m  [92m✔[0m
  I       Inverse Trigonometric Functions               -5.8%    -5.8%    -5.8%    -5.8%  [96m     N/A[0m  [92m✔[0m
  I       Matrices                                     -11.6%   -11.6%   -11.6%   -11.6%  [96m     N/A[0m  [92m✔[0m
  J       Integrals                                    +10.6%   +10.6%   +10.6%   +10.6%  [96m     N/A[0m  [92m✔[0m
  J       Determinants                                  +9.5%    +9.5%    +9.5%    +9.5%  [96m     N/A[0m  [92m✔[0m
  J       Application of Derivatives                    +9.4%    +9.4%    +9.4%    +9.4%  [96m     N/A[0m  [92m✔[0m
  J       Relations & Functions                         -0.8%    -0.8%    -0.8%        —  [96m     N/A[0m  [91m✘[0m
  J       Application of Integrals                      -1.9%    -1.9%    -1.9%        —  [96m     N/A[0m  [91m✘[0m
  J       Linear Programming                            -2.3%    -2.3%    -2.3%    -2.3%  [96m     N/A[0m  [92m✔[0m
  J       Inverse Trigonometric Functions               -4.6%    -4.6%    -4.6%    -4.6%  [96m     N/A[0m  [92m✔[0m
  J       Matrices                                      -6.7%    -6.7%    -6.7%    -6.7%  [96m     N/A[0m  [92m✔[0m
  J       Continuity & Differentiability               -10.6%   -10.6%   -10.6%   -10.6%  [96m     N/A[0m  [92m✔[0m
  K       Application of Derivatives                   +17.5%   +17.5%   +17.5%   +17.5%  [96m     N/A[0m  [92m✔[0m
  K       Relations & Functions                        +13.6%   +13.6%   +13.6%   +13.6%  [96m     N/A[0m  [92m✔[0m
  K       Determinants                                 +10.1%   +10.1%   +10.1%   +10.1%  [96m     N/A[0m  [92m✔[0m
  K       Continuity & Differentiability                +8.2%    +8.2%    +8.2%    +8.2%  [96m     N/A[0m  [92m✔[0m
  K       Integrals                                     +3.7%    +3.7%    +3.7%    +3.7%  [96m     N/A[0m  [92m✔[0m
  K       Linear Programming                            +3.3%    +3.3%    +3.3%    +3.3%  [96m     N/A[0m  [92m✔[0m
  K       Application of Integrals                      -3.6%    -3.6%    -3.6%    -3.6%  [96m     N/A[0m  [92m✔[0m
  K       Matrices                                      -7.9%    -7.9%    -7.9%    -7.9%  [96m     N/A[0m  [92m✔[0m
  K       Inverse Trigonometric Functions              -10.4%   -10.4%   -10.4%   -10.4%  [96m     N/A[0m  [92m✔[0m
  L       Determinants                                 +13.4%   +13.4%   +13.4%   +13.4%  [96m     N/A[0m  [92m✔[0m
  L       Application of Derivatives                   +12.3%   +12.3%   +12.3%   +12.3%  [96m     N/A[0m  [92m✔[0m
  L       Continuity & Differentiability               +11.5%   +11.5%   +11.5%   +11.5%  [96m     N/A[0m  [92m✔[0m
  L       Linear Programming                            +9.7%    +9.7%    +9.7%    +9.7%  [96m     N/A[0m  [92m✔[0m
  L       Matrices                                      +6.4%    +6.4%    +6.4%    +6.4%  [96m     N/A[0m  [92m✔[0m
  L       Relations & Functions                         +4.4%    +4.4%    +4.4%    +4.4%  [96m     N/A[0m  [92m✔[0m
  L       Application of Integrals                      +1.9%    +1.9%    +1.9%        —  [96m     N/A[0m  [91m✘[0m
  L       Integrals                                     +1.4%    +1.4%    +1.4%        —  [96m     N/A[0m  [91m✘[0m
  L       Inverse Trigonometric Functions               +1.2%    +1.2%    +1.2%        —  [96m     N/A[0m  [91m✘[0m
  M       Application of Derivatives                   +12.1%   +12.1%   +12.1%   +12.1%  [96m     N/A[0m  [92m✔[0m
  M       Integrals                                     +1.9%    +1.9%    +1.9%        —  [96m     N/A[0m  [91m✘[0m
  M       Continuity & Differentiability                -2.9%    -2.9%    -2.9%    -2.9%  [96m     N/A[0m  [92m✔[0m
  M       Linear Programming                            -4.9%    -4.9%    -4.9%    -4.9%  [96m     N/A[0m  [92m✔[0m
  M       Determinants                                 -12.3%   -12.3%   -12.3%   -12.3%  [96m     N/A[0m  [92m✔[0m
  M       Relations & Functions                        -17.5%   -17.5%   -17.5%   -17.5%  [96m     N/A[0m  [92m✔[0m
  M       Application of Integrals                     -25.5%   -25.5%   -25.5%   -25.5%  [96m     N/A[0m  [92m✔[0m
  M       Matrices                                     -29.1%   -29.1%   -29.1%   -29.1%  [96m     N/A[0m  [92m✔[0m
  M       Inverse Trigonometric Functions              -29.8%   -29.8%   -29.8%   -29.8%  [96m     N/A[0m  [92m✔[0m
  N       Continuity & Differentiability                +5.1%    +5.1%    +5.1%    +5.1%  [96m     N/A[0m  [92m✔[0m
  N       Relations & Functions                           +5%    +5.0%    +5.0%    +5.0%  [96m     N/A[0m  [92m✔[0m
  N       Matrices                                      +2.3%    +2.3%    +2.3%    +2.3%  [96m     N/A[0m  [92m✔[0m
  N       Determinants                                  -0.6%    -0.6%    -0.6%        —  [96m     N/A[0m  [91m✘[0m
  N       Application of Integrals                      -1.2%    -1.2%    -1.2%        —  [96m     N/A[0m  [91m✘[0m
  N       Linear Programming                            -2.9%    -2.9%    -2.9%    -2.9%  [96m     N/A[0m  [92m✔[0m
  N       Integrals                                     -6.1%    -6.1%    -6.1%    -6.1%  [96m     N/A[0m  [92m✔[0m
  N       Application of Derivatives                    -7.6%    -7.6%    -7.6%    -7.6%  [96m     N/A[0m  [92m✔[0m
  N       Inverse Trigonometric Functions              -11.9%   -11.9%   -11.9%   -11.9%  [96m     N/A[0m  [92m✔[0m
  O       Relations & Functions                         +5.1%    +5.1%    +5.1%    +5.1%  [96m     N/A[0m  [92m✔[0m
  O       Integrals                                     -0.6%    -0.6%    -0.6%        —  [96m     N/A[0m  [91m✘[0m
  O       Linear Programming                            -2.1%    -2.1%    -2.1%    -2.1%  [96m     N/A[0m  [92m✔[0m
  O       Continuity & Differentiability                -2.8%    -2.8%    -2.8%    -2.8%  [96m     N/A[0m  [92m✔[0m
  O       Application of Derivatives                    -3.5%    -3.5%    -3.5%    -3.5%  [96m     N/A[0m  [92m✔[0m
  O       Determinants                                  -6.6%    -6.6%    -6.6%    -6.6%  [96m     N/A[0m  [92m✔[0m
  O       Application of Integrals                     -12.3%   -12.3%   -12.3%   -12.3%  [96m     N/A[0m  [92m✔[0m
  O       Inverse Trigonometric Functions              -16.5%   -16.5%   -16.5%   -16.5%  [96m     N/A[0m  [92m✔[0m
  O       Matrices                                     -29.4%   -29.4%   -29.4%   -29.4%  [96m     N/A[0m  [92m✔[0m
  P       Determinants                                 +10.4%   +10.4%   +10.4%   +10.4%  [96m     N/A[0m  [92m✔[0m
  P       Continuity & Differentiability                +2.9%    +2.9%    +2.9%    +2.9%  [96m     N/A[0m  [92m✔[0m
  P       Integrals                                     +2.4%    +2.4%    +2.4%    +2.4%  [96m     N/A[0m  [92m✔[0m
  P       Linear Programming                            +1.4%    +1.4%    +1.4%        —  [96m     N/A[0m  [91m✘[0m
  P       Application of Integrals                      -0.9%    -0.9%    -0.9%        —  [96m     N/A[0m  [91m✘[0m
  P       Application of Derivatives                    -1.9%    -1.9%    -1.9%        —  [96m     N/A[0m  [91m✘[0m
  P       Relations & Functions                         -5.1%    -5.1%    -5.1%    -5.1%  [96m     N/A[0m  [92m✔[0m
  P       Matrices                                      -5.7%    -5.7%    -5.7%    -5.7%  [96m     N/A[0m  [92m✔[0m
  P       Inverse Trigonometric Functions              -21.5%   -21.5%   -21.5%   -21.5%  [96m     N/A[0m  [92m✔[0m
  Q       Determinants                                 +20.8%   +20.8%   +20.8%   +21.3%  [96m     N/A[0m  [91m✘[0m
  Q       Matrices                                     +10.8%   +10.8%   +10.8%   +11.8%  [96m     N/A[0m  [91m✘[0m
  Q       Application of Integrals                      +6.5%    +6.5%    +6.5%    +7.8%  [96m     N/A[0m  [91m✘[0m
  Q       Continuity & Differentiability                +1.4%    +1.4%    +1.4%        —  [96m     N/A[0m  [91m✘[0m
  Q       Application of Derivatives                    -0.8%    -0.8%    -0.8%        —  [96m     N/A[0m  [91m✘[0m
  Q       Integrals                                     -3.4%    -3.4%    -3.4%    -3.1%  [96m     N/A[0m  [91m✘[0m
  Q       Relations & Functions                         -3.4%    -3.4%    -3.4%    -5.8%  [96m     N/A[0m  [91m✘[0m
  Q       Inverse Trigonometric Functions              -12.7%   -12.7%   -12.7%    -9.9%  [96m     N/A[0m  [91m✘[0m
  Q       Linear Programming                           -13.4%   -13.4%   -13.4%   -13.4%  [96m     N/A[0m  [92m✔[0m
  R       Determinants                                 +64.8%        —        —        —  [96m   64.8%[0m  [91m✘[0m
  R       Matrices                                     +60.4%        —        —        —  [96m   60.4%[0m  [91m✘[0m
  R       Linear Programming                           +57.5%        —        —        —  [96m   57.5%[0m  [91m✘[0m
  R       Continuity & Differentiability               +47.7%        —        —        —  [96m   47.7%[0m  [91m✘[0m
  R       Application of Integrals                     +47.4%        —        —        —  [96m   47.4%[0m  [91m✘[0m
  R       Relations & Functions                        +40.4%        —        —        —  [96m   40.4%[0m  [91m✘[0m
  R       Integrals                                    +37.0%        —        —        —  [96m     37%[0m  [91m✘[0m
  R       Inverse Trigonometric Functions              +34.0%        —        —        —  [96m     34%[0m  [91m✘[0m
  R       Application of Derivatives                   +32.3%        —        —        —  [96m   32.3%[0m  [91m✘[0m

[1m[96m════════════════════════════════════════════════════════════════════════
  HEADER ACCURACY BADGE — ALL SECTIONS
════════════════════════════════════════════════════════════════════════[0m
  [1m[93mSection C:[0m
    [92m✔[0m   1. Linear Programming                                 [96m[1m51.8%[0m
    [92m✔[0m   2. Application of Integrals                           [96m[1m50%[0m
    [92m✔[0m   3. Matrices                                           [96m[1m50%[0m
    [92m✔[0m   4. Relations & Functions                              [96m[1m39.1%[0m
    [92m✔[0m   5. Determinants                                       [96m[1m38.6%[0m
    [92m✔[0m   6. Continuity & Differentiability                     [96m[1m35.9%[0m
    [92m✔[0m   7. Inverse Trigonometric Functions                    [96m[1m33.3%[0m
    [92m✔[0m   8. Application of Derivatives                         [96m[1m30.7%[0m
    [92m✔[0m   9. Integrals                                          [96m[1m17.4%[0m
  [1m[93mSection H:[0m
    [91m✘[0m   1. Integrals                                          [96m[1mNOT FOUND[0m
    [91m✘[0m   2. Linear Programming                                 [96m[1mNOT FOUND[0m
    [91m✘[0m   3. Continuity & Differentiability                     [96m[1mNOT FOUND[0m
    [91m✘[0m   4. Inverse Trigonometric Functions                    [96m[1mNOT FOUND[0m
    [91m✘[0m   5. Application of Derivatives                         [96m[1mNOT FOUND[0m
    [91m✘[0m   6. Application of Integrals                           [96m[1mNOT FOUND[0m
    [91m✘[0m   7. Relations & Functions                              [96m[1mNOT FOUND[0m
    [91m✘[0m   8. Matrices                                           [96m[1mNOT FOUND[0m
    [91m✘[0m   9. Determinants                                       [96m[1mNOT FOUND[0m
  [1m[93mSection I:[0m
    [91m✘[0m   1. Determinants                                       [96m[1mNOT FOUND[0m
    [91m✘[0m   2. Application of Derivatives                         [96m[1mNOT FOUND[0m
    [91m✘[0m   3. Continuity & Differentiability                     [96m[1mNOT FOUND[0m
    [91m✘[0m   4. Relations & Functions                              [96m[1mNOT FOUND[0m
    [91m✘[0m   5. Integrals                                          [96m[1mNOT FOUND[0m
    [91m✘[0m   6. Application of Integrals                           [96m[1mNOT FOUND[0m
    [91m✘[0m   7. Linear Programming                                 [96m[1mNOT FOUND[0m
    [91m✘[0m   8. Inverse Trigonometric Functions                    [96m[1mNOT FOUND[0m
    [91m✘[0m   9. Matrices                                           [96m[1mNOT FOUND[0m
  [1m[93mSection J:[0m
    [91m✘[0m   1. Integrals                                          [96m[1mNOT FOUND[0m
    [91m✘[0m   2. Determinants                                       [96m[1mNOT FOUND[0m
    [91m✘[0m   3. Application of Derivatives                         [96m[1mNOT FOUND[0m
    [91m✘[0m   4. Relations & Functions                              [96m[1mNOT FOUND[0m
    [91m✘[0m   5. Application of Integrals                           [96m[1mNOT FOUND[0m
    [91m✘[0m   6. Linear Programming                                 [96m[1mNOT FOUND[0m
    [91m✘[0m   7. Inverse Trigonometric Functions                    [96m[1mNOT FOUND[0m
    [91m✘[0m   8. Matrices                                           [96m[1mNOT FOUND[0m
    [91m✘[0m   9. Continuity & Differentiability                     [96m[1mNOT FOUND[0m
  [1m[93mSection K:[0m
    [91m✘[0m   1. Application of Derivatives                         [96m[1mNOT FOUND[0m
    [91m✘[0m   2. Relations & Functions                              [96m[1mNOT FOUND[0m
    [91m✘[0m   3. Determinants                                       [96m[1mNOT FOUND[0m
    [91m✘[0m   4. Continuity & Differentiability                     [96m[1mNOT FOUND[0m
    [91m✘[0m   5. Integrals                                          [96m[1mNOT FOUND[0m
    [91m✘[0m   6. Linear Programming                                 [96m[1mNOT FOUND[0m
    [91m✘[0m   7. Application of Integrals                           [96m[1mNOT FOUND[0m
    [91m✘[0m   8. Matrices                                           [96m[1mNOT FOUND[0m
    [91m✘[0m   9. Inverse Trigonometric Functions                    [96m[1mNOT FOUND[0m
  [1m[93mSection L:[0m
    [91m✘[0m   1. Determinants                                       [96m[1mNOT FOUND[0m
    [91m✘[0m   2. Application of Derivatives                         [96m[1mNOT FOUND[0m
    [91m✘[0m   3. Continuity & Differentiability                     [96m[1mNOT FOUND[0m
    [91m✘[0m   4. Linear Programming                                 [96m[1mNOT FOUND[0m
    [91m✘[0m   5. Matrices                                           [96m[1mNOT FOUND[0m
    [91m✘[0m   6. Relations & Functions                              [96m[1mNOT FOUND[0m
    [91m✘[0m   7. Application of Integrals                           [96m[1mNOT FOUND[0m
    [91m✘[0m   8. Integrals                                          [96m[1mNOT FOUND[0m
    [91m✘[0m   9. Inverse Trigonometric Functions                    [96m[1mNOT FOUND[0m
  [1m[93mSection M:[0m
    [91m✘[0m   1. Application of Derivatives                         [96m[1mNOT FOUND[0m
    [91m✘[0m   2. Integrals                                          [96m[1mNOT FOUND[0m
    [91m✘[0m   3. Continuity & Differentiability                     [96m[1mNOT FOUND[0m
    [91m✘[0m   4. Linear Programming                                 [96m[1mNOT FOUND[0m
    [91m✘[0m   5. Determinants                                       [96m[1mNOT FOUND[0m
    [91m✘[0m   6. Relations & Functions                              [96m[1mNOT FOUND[0m
    [91m✘[0m   7. Application of Integrals                           [96m[1mNOT FOUND[0m
    [91m✘[0m   8. Matrices                                           [96m[1mNOT FOUND[0m
    [91m✘[0m   9. Inverse Trigonometric Functions                    [96m[1mNOT FOUND[0m
  [1m[93mSection N:[0m
    [91m✘[0m   1. Continuity & Differentiability                     [96m[1mNOT FOUND[0m
    [91m✘[0m   2. Relations & Functions                              [96m[1mNOT FOUND[0m
    [91m✘[0m   3. Matrices                                           [96m[1mNOT FOUND[0m
    [91m✘[0m   4. Determinants                                       [96m[1mNOT FOUND[0m
    [91m✘[0m   5. Application of Integrals                           [96m[1mNOT FOUND[0m
    [91m✘[0m   6. Linear Programming                                 [96m[1mNOT FOUND[0m
    [91m✘[0m   7. Integrals                                          [96m[1mNOT FOUND[0m
    [91m✘[0m   8. Application of Derivatives                         [96m[1mNOT FOUND[0m
    [91m✘[0m   9. Inverse Trigonometric Functions                    [96m[1mNOT FOUND[0m
  [1m[93mSection O:[0m
    [91m✘[0m   1. Relations & Functions                              [96m[1mNOT FOUND[0m
    [91m✘[0m   2. Integrals                                          [96m[1mNOT FOUND[0m
    [91m✘[0m   3. Linear Programming                                 [96m[1mNOT FOUND[0m
    [91m✘[0m   4. Continuity & Differentiability                     [96m[1mNOT FOUND[0m
    [91m✘[0m   5. Application of Derivatives                         [96m[1mNOT FOUND[0m
    [91m✘[0m   6. Determinants                                       [96m[1mNOT FOUND[0m
    [91m✘[0m   7. Application of Integrals                           [96m[1mNOT FOUND[0m
    [91m✘[0m   8. Inverse Trigonometric Functions                    [96m[1mNOT FOUND[0m
    [91m✘[0m   9. Matrices                                           [96m[1mNOT FOUND[0m
  [1m[93mSection P:[0m
    [91m✘[0m   1. Determinants                                       [96m[1mNOT FOUND[0m
    [91m✘[0m   2. Continuity & Differentiability                     [96m[1mNOT FOUND[0m
    [91m✘[0m   3. Integrals                                          [96m[1mNOT FOUND[0m
    [91m✘[0m   4. Linear Programming                                 [96m[1mNOT FOUND[0m
    [91m✘[0m   5. Application of Integrals                           [96m[1mNOT FOUND[0m
    [91m✘[0m   6. Application of Derivatives                         [96m[1mNOT FOUND[0m
    [91m✘[0m   7. Relations & Functions                              [96m[1mNOT FOUND[0m
    [91m✘[0m   8. Matrices                                           [96m[1mNOT FOUND[0m
    [91m✘[0m   9. Inverse Trigonometric Functions                    [96m[1mNOT FOUND[0m
  [1m[93mSection Q:[0m
    [91m✘[0m   1. Determinants                                       [96m[1mNOT FOUND[0m
    [91m✘[0m   2. Matrices                                           [96m[1mNOT FOUND[0m
    [91m✘[0m   3. Application of Integrals                           [96m[1mNOT FOUND[0m
    [91m✘[0m   4. Continuity & Differentiability                     [96m[1mNOT FOUND[0m
    [91m✘[0m   5. Application of Derivatives                         [96m[1mNOT FOUND[0m
    [91m✘[0m   6. Integrals                                          [96m[1mNOT FOUND[0m
    [91m✘[0m   7. Relations & Functions                              [96m[1mNOT FOUND[0m
    [91m✘[0m   8. Inverse Trigonometric Functions                    [96m[1mNOT FOUND[0m
    [91m✘[0m   9. Linear Programming                                 [96m[1mNOT FOUND[0m
  [1m[93mSection R:[0m
    [92m✔[0m   1. Determinants                                       [96m[1m64.8%[0m
    [92m✔[0m   2. Matrices                                           [96m[1m60.4%[0m
    [92m✔[0m   3. Linear Programming                                 [96m[1m57.5%[0m
    [92m✔[0m   4. Continuity & Differentiability                     [96m[1m47.7%[0m
    [92m✔[0m   5. Application of Integrals                           [96m[1m47.4%[0m
    [92m✔[0m   6. Relations & Functions                              [96m[1m40.4%[0m
    [92m✔[0m   7. Integrals                                          [96m[1m37%[0m
    [92m✔[0m   8. Inverse Trigonometric Functions                    [96m[1m34%[0m
    [92m✔[0m   9. Application of Derivatives                         [96m[1m32.3%[0m
  [1m[93mSection ZZ:[0m

  [92m[1m📄  Report saved → classlens_all_sections_final_report.html[0m
[MASTER SINGLE REPORT] Suppressed individual report popup: file://C:\Users\User\Downloads\-UI-selenium-Automation\combined_preserved_sources\classlens_all_sections_final_report.html
  [92m🌐  Opening in browser…[0m

  🟢  Browser kept open. Close manually when done.

